,hash,param1-10,param1-100,param1-1000,param1-10000,param1-100000,param1-1000000,param1-10000000,param1-100000000
0,5a59087fa5badc20e2cd5264f7cfc6911fc6fb12,0.00017449194841655127,0.0001889570869087916,0.000239216024056077,0.000803830773712924,0.006160194054245949,0.06153939838986844,0.7196828494779766,
1,c9bfd4eb68e61c67aa27ed0cb2788f60d11cf354,0.00017366275905856285,0.00018383919959887864,0.00023303772879602468,0.0008059405775454182,0.006146333471406251,0.06166068010497838,0.7117502104956657,
2,2e9169601aff252a661b845399ec61c3e575407f,0.0002283237235462095,0.00023158880261083442,0.00027950475065919916,0.0007287114625796675,0.004829815666501721,0.04391001001931727,0.5544374044984579,
3,59a97520cf0aa68b92a775d809e1cb67d886b50c,0.00022603089050592288,0.00023187510404651138,0.0002819597312073047,0.0007022667753820618,0.004798156791366637,0.04440846596844494,0.548054794431664,
4,b074b21c326ecaa6b6519fc7dfcf54fa4e4457af,0.0002217205322307089,0.00022739599808119237,0.00027294809189744486,0.0007151930282513301,0.004855195176787674,0.04501642647664994,0.5510963971028104,
5,ef0957302c6383524448cef2cd4cf18c7da18ea8,0.0002195193095410124,0.00022908071828582746,0.0002684398117708042,0.0007193616807593831,0.004866660650198658,0.04489905317313969,0.5526066339807585,
6,5cfc2d3ca06fb6afc95c16db172f710ed6e7eed4,0.0002203782465546689,0.0002250534345638817,0.0002736150274506292,0.0007210736429052693,0.004732253301578264,0.044623895082622766,0.5465943965828046,
7,aba1b4a7864752b005c9f5d1bd58fa02e08ccff4,0.00022284764006895864,0.00023379227125339887,0.00028196334541361366,0.0007191449326152603,0.0048665981739759445,0.044284084578976035,0.5456142835319042,
8,32f382c86f384a02eeb87f67fea806e6b9961b5c,0.0002215079148299992,0.0002265766549195784,0.0002712775934235873,0.0007094348780810833,0.004794484159598747,0.04409505543299019,0.5527043945621699,
9,33351f646e0b523139fbba4986eba54a3bfe55a7,0.00022362004420620963,0.00023637483473462254,0.00027657966487682785,0.0007134938069308797,0.004859689002235731,0.04493873636238277,0.5577121125534177,
10,90133e16d02c67206e350ce222d76f938596706f,0.00023469656959853387,0.0002393301110714674,0.00028102735975860723,0.000718282103272421,0.00484812050126493,0.04445342207327485,0.5697186733596027,
11,26527695f9ee7b7bc3fdd3af67d7e8b068cb1e0b,0.00022243824787437916,0.00023284651156838822,0.0002757615991868079,0.0007135063332195083,0.00475735131961604,0.04525374236982316,0.5493683310924098,
12,5b16107a537c0ebd2e4517c02ecfb9a24f54c827,0.00021961372484393575,0.00022989773294991917,0.0002820009341169345,0.0007289632456377148,0.004797181463800371,0.04413604037836194,0.5445325350156054,
13,cd3b44d5f0915245138d44fdb3ee376601e34716,0.00022765385607878368,0.00023011900008317423,0.00027740605247135344,0.0007033875677734613,0.004792169861805935,0.04430138657335192,0.5563903774600476,
14,f77c5e83c07985aacbddb89525785a3f66ce1b3b,0.00021852338141662643,0.00022823870478367263,0.0002718233106959913,0.0007225982761675759,0.004790408497986694,0.0454735120292753,0.5517525525065139,
15,4f2b219647ae6a7928590be2b709894ae2403274,0.0002289050658557402,0.00023155450947921383,0.00027830267855380144,0.0007217725007129566,0.0047950605318571125,0.043892001966014504,0.5570914825657383,
16,c71ce0e6dbd9ec67b3ac7fb5ac3eb609f8a56829,0.00022563136751867002,0.00023249808111272397,0.00028049270307796225,0.0007206655340269208,0.004778100643306971,0.04434412647970021,0.5458813294535503,
17,2fc96a0bc15624d7f1f74750bddffeca46f1e73c,0.00022508923429995776,0.00023520287747184437,0.0002770007735020236,0.0007158204264539693,0.004818883685705563,0.044340246939100325,0.5552693094359711,
18,20f22d849002d80485787adeb8a7340dab159f94,0.00022650044411420822,0.00022545344747450886,0.0002756976094600317,0.0007141386313984791,0.004796439975810548,0.04462066199630499,0.5443066459847614,
19,cdbc935201f3c322a312e8ae8b78d044cbe27bf4,0.0002140218954688559,0.00022472398769524362,0.0002720003511058167,0.0007097571622580289,0.004795077800129851,0.04469294205773622,0.5454919430194423,
20,5134132ae9cc9c3fba1d5420353277cf3d96eb90,0.0002224770438996084,0.0002273542314974798,0.00027946989064583103,0.0007071587107410388,0.004802136293922861,0.04462673550006002,0.5451462428318337,
21,c2dd245047ff2eb80972600163ecac9048d74e1f,0.00022175165012161782,0.0002272431350623568,0.0002674542367458344,0.0007240456512330898,0.004842852319901188,0.045956964953802526,0.5528155354550108,
22,965b41d418e6100c1afae0b6f818a7ef152bc25d,0.00021920685970183948,0.00023168289970437235,0.000276498864656566,0.0007059421700735887,0.004853619495406747,0.04554275085683912,0.5602269095834345,
23,0b9b176dcef7f14f56dbd543c89e6da6c6b7b2e4,0.0002268135785530119,0.00023705512285232544,0.0002816150902221218,0.0007162676359127675,0.004851653124205768,0.04589267144910991,0.5539414624217898,
24,1be88ff070cce6ac720804e861583682564f7e0d,0.00022482206113636494,0.0002359164116734808,0.0002834646362125089,0.0007079285259048144,0.004816847154870629,0.04388774698600173,0.5484347848687321,
25,bcce3ac27e05ffd10584c3c8c666dade21714d1f,0.00022197981446009615,0.0002278484171256423,0.00027271403232589366,0.0007160045982648929,0.004802360742663344,0.04387628356926143,0.545307544991374,
26,5b126f882bc90a22f7fe20518f727eafe8238d86,0.00022413173649945986,0.00022844213785396683,0.0002709298921552928,0.0007175666280090809,0.004810303682461381,0.04411734687164426,0.5624763243831694,
27,ad0049026f4afa5d6e8312c1a46b3777be396104,0.00022154937323648483,0.00022486912333691608,0.00027814638373014093,0.00070791303490599,0.004795709392055869,0.044104680651798844,0.5452806474640965,
28,9ae4a0d1ebc52a556ed13248172e8280ad9fc6bd,0.00022808717482763788,0.00023447038709289498,0.000278395795691255,0.0007104148622602225,0.0048809046857059,0.04529731487855315,0.5505899055860937,
29,d5010b129e4f3714dcad04eb7115372848fbce36,0.00022435022052377462,0.00023321226278009516,0.00027479065312562803,0.0007192577545841535,0.004861222269634405,0.0445361309684813,0.5450016364920884,
30,b3f41eeafd2708a6b519cf3c7ba3576dfa1cc5b3,0.0002319671856682925,0.00023822045186534525,0.0002855788583734206,0.0007211339959342565,0.004857854529594382,0.04451770312152803,0.5484117965679616,
31,637af579ef5985bd8c267817cf445aca5bb34531,0.00022504096040907115,0.00023030658000304055,0.0002723008452448994,0.0007367506124345319,0.004883405636064708,0.045670945197343826,0.5495513500645757,
32,e1968acbedfb312b47993ac2869a5f544383195b,0.00021662832781051594,0.0002269955248468452,0.00027865393915110163,0.000724396069667169,0.005003261263482273,0.04584425035864115,0.5488501533400267,
33,974a54058fe52ead24bc54a0015d3e065f78f5e3,0.00021831541163648695,0.00023054402908715218,0.00027489932836033404,0.0007121159074207147,0.005016083945520222,0.04554197541438043,0.5469365378376096,
34,54c2a266780c02852003330f59bf3bf20e36eaa0,0.00022493083657615858,0.0002281354761428454,0.0002788459073360029,0.00072767588842128,0.004920908560355505,0.04545424482785165,0.5493974811397493,
35,fed47a489e3da26fffb98a6dda32dbc9ba0f63c3,0.00022013254056219012,0.00022509585445125899,0.000271714065314793,0.0007215988922065922,0.004971937043592334,0.04575797193683684,0.5464062730316073,
36,b03c575834a68f3a8dad5e2974ccee7fa76003ac,0.0002234798083279995,0.00022910712286829948,0.00027603226890032356,0.0007255228036748512,0.004924082119638721,0.04568079230375588,0.5487201774958521,
37,68439794b84836f43ec389be0e702ff64ee76d44,0.0002219079388305545,0.00023248093202710152,0.00027905454280207286,0.000727434999619921,0.004915234089518586,0.045896831434220076,0.5606680910568684,
38,dfd4c9de8d849363e3d4cda7a0792ed0670165cf,0.00022154677897057634,0.00023670068582181227,0.00028024981610285933,0.0007267682657887539,0.005018934374675155,0.04573146905750036,0.5528818075545132,
39,5ff70eb0fd61a39207d5166479507e1b099cb707,0.00022293076890104628,0.00022786643619284683,0.00027978153149079945,0.0007366327169750418,0.004889585543423891,0.045905856881290674,0.5541704578790814,
40,1c58504eec43f9ba18ac835131fed496fb59772d,0.0002208659871223759,0.00022570273457941681,0.00027101397281512616,0.0007246640411072544,0.0048924083045373355,0.04540263791568577,0.5498996481765062,
41,1cb387128f66895b42c19578ccd60c34649de988,0.00022000932464531311,0.0002284425903450359,0.0002708534437527017,0.0007153265178203583,0.0048917438834905624,0.04527278011664748,0.5616554238367826,
42,2582c681082e6c2c74d424e255afa8efefa4f899,0.00023271720221435481,0.0002351407427340746,0.0002821130478488547,0.0007227698640365686,0.004846132360398769,0.044962975429371,0.5505361533723772,
43,43ca3a5bd882dc69bca0fa777113e6821c9f44e0,0.0002272688318043947,0.000232503835476287,0.000278640126522917,0.0007281693940361341,0.0048952805033574505,0.04498971230350435,0.5528698458801955,
44,22356fc0ec8ca50aeb8f40633f7c7d906a648ab8,0.00022794955167109552,0.0002349604619666934,0.0002788909348762698,0.0007278566315237965,0.004892066509152452,0.04477459192276001,0.575519393896684,
45,243dc1e90e59daf18b17a6a1ebb705cc7bc66e92,0.00021966050894177975,0.00022788371683822738,0.00027941462483156373,0.000717245927080512,0.004881298324714104,0.044855232583358884,0.5538993410300463,
46,078ac01a85c4db46e7f148829c2e0d0e0f30c36f,0.00022080615460080036,0.00022773453074091291,0.00027694528062756243,0.0007289186053510224,0.004893794811020295,0.0449653270188719,0.5599077970255166,
47,77c5841b93873bb1d71c38be3e41cf81ede59743,0.00022975356974215669,0.00023480250155958146,0.00027662267287572223,0.000715298547099034,0.004893832529584566,0.04516785987652838,0.5456187145318836,
48,f0a74b2d4e50a1b4f9d9189c6b2e31b920913a8b,0.00023190782952081898,0.0002386404112690971,0.0002812512378257356,0.0007257511939055153,0.004897268954664469,0.044573095394298434,0.5544163279701024,
49,5d8bcae56a337d21d7bf60d042c7dff32d91b451,0.00022436851739055582,0.00023193934369677055,0.00028151804203721314,0.0007176665278772513,0.004969487665221095,0.04543127189390361,0.5555623180698603,
50,642181c76b11bd1cc87ee7443d3ee215744df0fd,0.00022707633046514314,0.00023385192490304294,0.00027384047673360726,0.00071885489991733,0.004922127351164818,0.04465740546584129,0.5461166528984904,
51,f01b4e54a4b46a84a5a79b03bd2bd2f21b190f12,0.00022577818859606348,0.00022943170783533293,0.00027751336351801187,0.0007246519006522638,0.005018185280884305,0.0455003350507468,0.5523396318312734,
52,170d1bbf566937452fd9bf14a84a69c9edb43277,0.00022170645103830358,0.00022675941905213727,0.0002767528931144625,0.0007247522783776125,0.004830619087442756,0.0445243651047349,0.5466677364893258,
53,18bfeaf2716001afa8785638a75f90259dbc8aa1,0.00022218720582516298,0.00023227132995553472,0.0002764018300252083,0.0007273307502535836,0.004962081943328181,0.04544106451794505,0.5500265811569989,
54,12f9da5615e6c1e387a9101a8923867343dfaeca,0.00022778230098386605,0.0002312899729155976,0.0002790612892972098,0.0007180453278124333,0.004810660844668746,0.04518894059583545,0.567099938634783,
55,3310cd0e8f1b36d7da8c1352441b1240be4bedc5,0.0002243587390539494,0.0002355838320606078,0.0002883768419882185,0.0007149545631060998,0.00497421738691628,0.0451598281506449,0.5521006803028286,
56,9ccb42d02f7b3fb2b47854bbd4ab418676e6be42,0.00022552585047062325,0.00022629609641929468,0.00028080665247721807,0.0007176463647435108,0.004931099790458878,0.045132548082619905,0.5481044391635805,
57,ad5d58c29ab4793cd66afa07eed0f77c7ad59dc4,0.00023203959895504845,0.00023747931497738415,0.00028536987439211877,0.0007258840071569596,0.0048886282214274015,0.044155529933050275,0.5601681964471936,
58,081c7230546861259bac75a316338b1c00005d5e,0.00023397647733376783,0.00024417027915743267,0.00029466744265793004,0.0007450641798121588,0.004809023812413216,0.043797885067760944,0.5475441077724099,
59,3f6dba405c259a41e91077868f54722ef0a2a325,0.00022473365939019817,0.00023678033207745654,0.0002875338786428696,0.000725014417964433,0.004823131641993919,0.0438902301248163,0.5494671843480319,
60,2ac14a153ed79377130a38e1425574e97602455e,0.00022745617157356304,0.0002354501199949047,0.00028222901746630666,0.0007242010074800678,0.004845755407586694,0.04434396349824965,0.5437428860459477,
61,8c2112dfb073c069a56d8840a21ac2ee69f920e0,0.0002262148799167739,0.00023327660038257423,0.00028235823588652746,0.0007383638959644097,0.004823058533171812,0.04364451114088297,0.5445977854542434,
62,8626a559680d9d6e681c02e703bcaf3de389fc6d,0.00022623606997987497,0.00023738740922205827,0.0002783331264917915,0.0007283220433497003,0.004858493184049925,0.04452658351510763,0.5441428115591407,
63,caa9b6045cedfaf0a4735bd2be55164549a4ddcf,0.00022299838272611731,0.0002288580975598759,0.0002809636450062195,0.0007281524262257985,0.0048422126565128565,0.0446218466386199,0.544068080605939,
64,c67396b805291e1a880084e701f160b21d2b4b1d,0.00023440599648488894,0.0002361344628628682,0.00028397815508974925,0.000719804394369324,0.004884593033542236,0.044646680587902665,0.5710272912401706,
65,063b3140ec3792f0420da9f386d8240693213ec9,0.00022667438378962487,0.0002304963974489106,0.0002808134632710463,0.000729400963921632,0.004787643595288197,0.04373663058504462,0.5422816353384405,
66,569dfcd79aeb2a584e008861e5e29b7b5115d94e,0.00022716600569370001,0.00022957012988626956,0.0002769596018903964,0.0007216052617877722,0.004731759196147323,0.04381602257490158,0.5489919069223106,
67,0f6a3aaa34fe72586f8c66ecc4744fc960d62ae2,0.00023513829025129476,0.00023868708344905275,0.00028307240235766296,0.0007338071508066995,0.004808197729289532,0.04428781755268574,0.5497786432970315,
68,0ce156413feb21a4f2a8eae3b1cd954d04240edd,0.000224144425769539,0.00023492037111686338,0.0002887160064549082,0.0007361608524141566,0.004837362095713615,0.044608029536902905,0.5581875995267183,
69,e78d0764d414952716ec75e3c44a74359643cffc,0.00023002531379461287,0.00023219988956539467,0.00027908685091787425,0.0007266700600406953,0.004811301827430725,0.043628382263705134,0.5442246836610138,
70,76b711ad87d114f0f7926877adccf14dce04614c,0.00022447662566729048,0.00022787230813668834,0.00028035857786352816,0.0007279561987767616,0.004810262005776167,0.044192904606461525,0.5444954193662852,
71,42228fcb513c08729f822fa6be70e16a7a68067f,0.00022292715173376644,0.00023054355882446873,0.00027864399210860335,0.0007271153320159231,0.004821938540165624,0.044205608777701855,0.5591698617208749,
72,1f3650643f341af8ca5c12529a479d73d3103895,0.00023347400027610684,0.00024026228735844296,0.00028905497553447884,0.000737110701655703,0.004820332474385699,0.044348702067509294,0.5479577544610947,
73,9005d7df9b644b3b3de55118b7f7ffa026e4284b,0.0002301221454723014,0.00024231558706125486,0.00029012549202889204,0.0007362859323620796,0.004789224670579037,0.044030300341546535,0.5437540418934077,
74,51d1a99a84f5e2183b79dcc04713ffd90cb0caf2,0.00022461385790096676,0.0002338098837872562,0.0002803674304030008,0.0007190015499613114,0.004799576088165244,0.044485352002084255,0.5443093720823526,
75,8f7adad487ebac177964a577f5d263da975d8333,0.00022597310801401085,0.00023650760134763044,0.0002851893400980367,0.0007242459604250534,0.004836333760370811,0.04442331288009882,0.5629621651023626,
76,3ac8f65681e2ee55c8b8bbb25f1d4aacba07d9bc,0.0002300617634318769,0.00023564005581041175,0.00028486680498139723,0.0007270747196993657,0.0048492965288460255,0.0450245076790452,0.546282404800877,
77,e44d0ecad9a8565b5f159c674e2001e725e58bfc,0.00022958018614546114,0.00023640221005062693,0.0002800377163415154,0.000733384130788701,0.004784896814574798,0.04390926472842693,0.544586691306904,
78,4b9f7b54219c1a653ca8fa2fb53f96ea54a765d8,0.00022219750098884106,0.00022803252666360804,0.00027542223373579016,0.0007199453123446022,0.004818552096063892,0.04398751794360578,0.5453486300539225,
79,b489287af94b32d6a6d550c6e05f1cf92adf3248,0.00022644875571131706,0.00022959058793882529,0.00027731994142461767,0.0007030625982830922,0.004814532895882925,0.04403347196057439,0.5494907901156694,
80,efa7bad30d92f5f58448e753b3d280d3bea157be,0.00022532721050083637,0.00023388545442786483,0.0002790747859858369,0.0007292069661031877,0.004784886880467336,0.04436672478914261,0.5705503497738391,
81,c6916f44904b46c7c7bdb92ceb5242f3f6e00474,0.00022187717829127702,0.00023129916646414333,0.0002807181051655396,0.0007160816031197707,0.00484514640023311,0.04406880307942629,0.5673189600929618,
82,fc1f196584ff6dd530982febba2322679317c632,0.00022791116498410702,0.00023218981964005664,0.0002755805348547605,0.0007200803607702255,0.004771162600566943,0.04414478735998273,0.5472002173773944,
83,c31ba764540a12843b3caf711b447fe3e08c5a46,0.00022997956156082776,0.0002323793672511111,0.00027640422599183186,0.0007399259733834437,0.00481645685310165,0.044621823355555534,0.5499253263697028,
84,52c9e6f2e3e72081576fc7f629fe3eb0c67b143b,0.00022672498396233374,0.00023203363399142802,0.0002834816049370501,0.0007340287723179374,0.004835025096933047,0.04455413622781634,0.5641564312390983,
85,b38ccec64c502579f48c1fc13d0b34f689171f25,0.00022957795816991064,0.00023869200694290075,0.0002860493102186435,0.0007209391333162785,0.00484755914658308,0.04503449285402894,0.5533800148405135,
86,40d5ce5437db00f6507580651ec5c6dffc161134,0.00022427516523748636,0.00023242706019017433,0.00028227558100803033,0.0007243195859094461,0.00479422090575099,0.044297403655946255,0.5446293237619102,
87,0b516d28e606d97266a95234a8deea268ecc3ec8,0.00022459551489547545,0.0002339822451838038,0.0002772580139721051,0.0007283141770000969,0.004808164822558562,0.04451347328722477,0.5456477357074618,
88,e51992aa22f9868ac4ab09608c5ba98cc93fb590,0.00022655325208572631,0.0002305407295043164,0.00027961832647388046,0.0007251922174223832,0.0048589459620416164,0.044768035877496004,0.5507774972356856,
89,73e7d8e82efde0fbed5b888f31bd894d5d7d6936,0.00022244707519269508,0.00023010844068432397,0.0002779853530228138,0.000711453923334678,0.004817669124652943,0.04388467222452164,0.5456681484356523,
90,11c1e161be588da14a501f54d8a3974bee7a03f3,0.00022288281074229707,0.00022880510090196387,0.00027186930733355313,0.0007134876834849516,0.004830449353903532,0.04453238612040877,0.5494484319351614,
91,1d598997543637b9882d1663117b573210a20583,0.00022874738682400096,0.00023690735300381977,0.0002837246283888817,0.000730749119871429,0.004819730296730995,0.04467781540006399,0.5519375009462237,
92,99d056fde04538ffacc877cfaea926ab979ea824,0.00022591808405907256,0.0002352984579788013,0.0002802043800821175,0.0007169499062001705,0.004809990835686524,0.04457044508308172,0.5459161689504981,
93,2f790d8768095a7c237794eaff31b8ae4a0411f9,0.00022415207461156744,0.00023122295864265072,0.0002737963804975152,0.0007252786308526993,0.0048246909864246845,0.044443996623158455,0.5519202863797545,
94,9eb7560e77c43af561f5242cf30df6b1d7442e83,0.00022397475803027982,0.00022988816961011987,0.0002736210528957216,0.0007195084222725459,0.004810628946870565,0.044239194598048925,0.5669350083917379,
95,8dfaa4a5e0ca329e16a853d5982ea5af5d044b47,0.00022488545990832472,0.0002273306017741561,0.0002871885792248779,0.0007178464438766241,0.0048042487663527336,0.043995939660817385,0.542335482314229,
96,482625dd29b4f3f3c43a731611063286f8bffb73,0.00022423932742741373,0.00022963073570281267,0.0002798617172699708,0.0007343808455126626,0.004831806756556034,0.044590086210519075,0.5460356348194182,
97,dc854841806549086812aeeaa6d5c2e98799a4be,0.0002196192781024791,0.00023110987335119557,0.0002794230305072334,0.0007168035022914409,0.004816415874908368,0.0440533715300262,0.5629002521745861,
98,cf7b712691a960cbcd6a744350c83a95f8d0154e,0.00022417907305854432,0.00022944935815448456,0.00028744677879980634,0.000723145871112744,0.004869913449510932,0.043799381237477064,0.5434727645479143,
99,b57c5349442d11f7f72aacec299e2c6740ec0a32,0.00022947848976954168,0.0002358616329729557,0.0002864247653633356,0.0007347763582531895,0.004814890989412864,0.04362551774829626,0.5493904799222946,
100,630f094b99afa8c693652066a3fb8918b9f3e142,0.00022611824755111468,0.00023232563398778439,0.0002812584371943223,0.000712781399488449,0.00475964214031895,0.04377043852582574,0.5483654541894794,
101,897431cc9207af9cbc34ce6295dd44256aad5db0,0.00022241204472569126,0.0002341399985280904,0.00028054395483599766,0.0007308481061565025,0.004813013908763727,0.043602250050753355,0.555457238573581,
102,e800a3e08a1cc4cff200e5b837d5e027cc55c82a,0.00023086344742256662,0.00023169940033433389,0.000278823973181156,0.0007285860566688435,0.004939294187352061,0.043985983822494745,0.5452855988405645,
103,517f53dc91164f4249de9dbaf31be65df02ffde7,0.00022863181721833017,0.00023623671301681063,0.000285217072814703,0.0007452884622450386,0.004903136752545834,0.04429661110043526,0.5740450816228986,
104,96c21f037679c0766142fa8dc3fb143b5927439f,0.00022291017534292263,0.0002297497218629966,0.0002806534328939099,0.0007254640305680889,0.004904001951217651,0.04494866216555238,0.5453672027215362,
105,bcb036a58aac566d4050b163a0f6b77e09c40123,0.00022874177537030645,0.0002376290301427893,0.00028210486440608895,0.0007325813972524234,0.0049678358870248,0.04542424716055393,0.5563265350647271,
106,6d6df47fefdc503fbcffd8cb14a5daaa956ef220,0.00022386316129046938,0.00023618362763005754,0.00028194852459889196,0.000726988073438406,0.004982740928729375,0.04584266757592559,0.5610035490244627,
107,6ee49178517088966e63c2aedf6a8a5779ad5384,0.00022357280123169005,0.00023000961465930396,0.0002841630117281487,0.00071733050669233,0.005031980108469725,0.04558344231918454,0.5539717278443277,
108,59984a3596e00e088b10c58f02856e8088fcd4df,0.00022117812962581712,0.0002255109644940366,0.0002784022712148726,0.0007325098517217807,0.0049429903738200665,0.04526017513126135,0.5523118772543967,
109,619422b493eaf88c42373af1725ac0aa2297fa91,0.00022753279537279556,0.00023564387558271056,0.0002871695323847234,0.0007248655892908573,0.004922158395250639,0.043965482618659735,0.5578817827627063,
110,017f717934274e481f1304d3c2f52bfaa193e7f2,0.00021894568418885798,0.00023121992126107216,0.0002725328147215279,0.0007167456982036432,0.004899457717935244,0.043650276493281126,0.5493158004246652,
111,f80584a48ca9bcb2ff451a017bee2479ad78aa28,0.00022618388554648214,0.0002342088846489787,0.0002794771430057448,0.0007273917685129813,0.004901521063099305,0.04371518502011895,0.5534907132387161,
112,651bb25d6b409b9031c40cf33f991d24f350edd3,0.00022476417538912398,0.00023081677500158548,0.0002759601669134321,0.0007260071424146494,0.00494214209417502,0.04511239333078265,0.5519934254698455,
113,a695a9f240922790c8062b3349fe07812eabd251,0.00021935350504582343,0.0002293978468514979,0.00028249001803083555,0.0007283954016332116,0.004923409316688776,0.045287396758794785,0.5544571648351848,
114,87964f1c5738492b152e80f7e38010c69214e5ae,0.00022278193500824273,0.00023129670686709386,0.0002801934055782653,0.000737567465486271,0.004905902159710725,0.04545879503712058,0.5565060274675488,
115,389f56c80c9d940d79fe4136b7a99f8d29aef8d8,0.00023025134578347206,0.00023341202177107334,0.00027356863929293095,0.0007211414476235707,0.005012517562136054,0.04534052079543471,0.5490436321124434,
116,20f10762fc20a29923b6943235c2577b8e3ac9f3,0.0002375698448824031,0.00024019718791047732,0.00028968144518633687,0.0007260095195046493,0.005031770560890436,0.04547490645200014,0.5491351615637541,
117,cc7038fb59f8dbe8ff08cae4723aca38169a5a59,0.0002320673420197434,0.0002388636064198282,0.0002924939488164253,0.0007285711887691702,0.004811855964362621,0.046047612093389034,0.5538954846560955,
118,05595e9afdb11b664898a5eacaec6c7d1e284cf9,0.0002199872297809479,0.00022884439253671604,0.0002782262163236737,0.0007110858336091042,0.004802924736092488,0.04399480205029249,0.5430285912007093,
119,92b880f64024c0694c69a6397568ce758102f9d8,0.00022606666510303816,0.00023214276070180148,0.0002794776841796733,0.000727685975531737,0.004844512014339367,0.04513652063906193,0.5485139437951148,
120,7e3fd81c039b0e22715c4e6eb63439bdf5a620bf,0.0002241925356666679,0.000234785631460988,0.00027452385387359524,0.0007089712657034398,0.004800785022477308,0.04546976136043668,0.5501145613379776,
121,e67737e2e63e36161c8f80715c0a347e46a06d91,0.00022030274007231633,0.00022843343384088352,0.00027598487213253975,0.0007184919169438736,0.004867454990744591,0.04447415331378579,0.5475658099167049,
122,d13a4f06ea84da112d5069b3fde148e307e7f94c,0.0002243378219883079,0.00023156668017195028,0.00027686681010221184,0.0007192643669744333,0.004732650083800157,0.044533821288496256,0.5601560832001269,
123,4cd98714b665b389833f1d8b4b1d2df9e12685ad,0.00022581342162321442,0.0002297398978439362,0.00027834838004531085,0.0007123413495719432,0.004817209206521511,0.04418761795386672,0.5439145406708121,
124,909d6b8fabe2f0fcdeba6927e4506f19aae52f2e,0.000229405104700062,0.0002393043806983365,0.00027984157694797764,0.0007207466910282771,0.004858743244161209,0.04548390954732895,0.5485151140019298,
125,44e26f24621ce86ed6b24bfba4a04e82319d7bf0,0.00022546318855057372,0.0002342469058930874,0.00027679038466885684,0.0007197874531682048,0.004810654403020939,0.044193567242473364,0.545299468562007,
126,4753652c605833e2398d7e46b754a71729a54713,0.0002220308487402632,0.0002289156011324756,0.0002711875162817336,0.0007089174042145411,0.004807186312973499,0.04629534296691418,0.5554341459646821,
127,92bda60074d0afcc3d29a0131037f11b350a99d7,0.0002296105648080508,0.0002305366202361054,0.00027965562684195385,0.0007160088668266933,0.004842541956653198,0.04570544324815273,0.5494449976831675,
128,6f8d7fd467b69229c0a7ed3662966573e8b3d85c,0.0002278160924712817,0.00023420795591341125,0.00027730655856430533,0.0007283164055219718,0.004766294577469429,0.045801859349012375,0.5520005226135254,
129,ae6ba5d215451273990f2826f2cf28f091d71446,0.0002305253888658222,0.00024524388100828566,0.00028809941889178573,0.0007272791070655721,0.0048497324999819584,0.04544348299896228,0.560657516001811,
130,4200221ea22bf6c49a4038908aca75b2b07af0fe,0.0002255440222345189,0.0002298552222378526,0.00027802511112895445,0.0007073743666599814,0.004806340333137389,0.044025513001543004,0.5561864645005699,
131,100e7b8459858805bc66af122445495fb840bdca,0.00023014301088709465,0.00023509214129855695,0.0002812190640934904,0.0007188951666951956,0.004771032833256564,0.04401542399864411,0.5565880764988833,
132,6c9ecdf2847d03d04f5111d6df427a29fbb36319,0.00022476961954532231,0.00023632786953543393,0.0002779843875032384,0.0007201863570246912,0.005051742999057751,0.04559732650523074,0.5822661960046389,
133,22724bac3465e6f699313cb6301722cddc6351b3,0.00022653546772704905,0.00023733088069686505,0.0002818689866438257,0.0007311593206915339,0.004882135496397193,0.0449106779997237,0.5588240895012859,
134,7309a004dc0f206f7dfc8d355711a2d8d7c9c62c,0.00022600101106541438,0.0002402482606829954,0.0002825109166022028,0.0007305150337439651,0.00486693816492334,0.044732517504598945,0.5491874319995986,
135,2ded173ae40ef8368e93367a02fc7db0b02cd34c,0.00022895405676205303,0.00023854329344391337,0.00027778202582759643,0.0007257286425946014,0.004803791496669874,0.04439367000304628,0.5622087804949842,
136,14c3c183aa6b8bf504e8b763a3ce0c8ddd0ef6b6,0.00022165558487919972,0.00022887411350066856,0.0002748832158505212,0.0007297262865384775,0.004892494170538461,0.04441090849286411,0.5549254234938417,
137,58dbafac8dec98557fb99e7884a970e2ed9a9973,0.00022605401096845287,0.000233266234182396,0.0002823798418639375,0.0007258401424873487,0.004824586833516756,0.04451261398207862,0.5530879275029292,
138,ad5ad8a3e6a3e8533c5c5ec6e40bd90fa4d733c5,0.00022827343329683773,0.00024090573953633958,0.00028794355603167787,0.0007277912144283099,0.004908347832194219,0.044532970001455396,0.5783772915019654,
139,30bf46c0538266ade0ac0e1a18486a226196b738,0.00023085252244279468,0.00023855300043413246,0.0002889901856958334,0.0007412128221143835,0.004832289336870114,0.04429068451281637,0.5571730465162545,
140,b022f204f697e8ef6c719fc8e84bcf5dad8ba6c3,0.00023868473363108933,0.0002427906021528708,0.0002837552496607208,0.0007310886784190579,0.005289077991619706,0.044047520466847345,0.5573616014735308,
141,deb794394108dd27f27a5a2781bf3b5131ffff65,0.00022905761238225565,0.0002388811199520917,0.00028215377533342685,0.0007230162861690458,0.004826700673826659,0.044478188996436074,0.5551985685015097,
142,1a5462651bbf61adcf1816f2253eeca2b26ca162,0.0002306683258528052,0.00024135751102056184,0.00028242593637118355,0.0007434651426072897,0.00532743333800075,0.046096936508547515,0.5693711539788637,
143,e525a8f83f84fadc3f80d3be3b497066022d108b,0.0002270960961121749,0.00024246707289421465,0.0002787665128524072,0.0007300727135900939,0.00510083015736503,0.044560128008015454,0.5660442439839244,
144,13080b05787e1379cc30e18840ce704475b56179,0.00022953767741758685,0.0002341636164272402,0.00027660915848651995,0.0007315166086690234,0.004986621497664601,0.046161060978192836,0.569140920531936,
145,9babf6596876be7be02e823688a2b359756e27f3,0.00023104212208030126,0.00024274079491574827,0.00028092011741950716,0.000708030965567256,0.005051234504207969,0.04443574047763832,0.5548329485172872,
146,86721b1a6f3cb941365b8dd785691d56e5fe2c22,0.00022108514967840166,0.00022763565660473734,0.0002806491186339898,0.000741253821096117,0.004867273664179569,0.04481201549060643,0.5726077395083848,
147,ecf407ec846324cabaa0afd4bcfbe90899c94da1,0.00023309774438126218,0.00024055353234238598,0.0002792810394710518,0.0007709042131734481,0.004826427000807598,0.04520086449338123,0.6028664925252087,
148,666b17976e1ee7bb2079259831ccba41d37cf078,0.0002318181302499674,0.0002355861335268451,0.0002854164566896442,0.0007448408335524922,0.005670026002917439,0.05000453203683719,0.6050767249544151,
149,2f3b82638a24204a13c9b16a3a36a59f199df41d,0.000223421424617181,0.00023050357729358518,0.000275299502096164,0.0007162012664290766,0.005002607319814464,0.04482834500959143,0.5612841519759968,
150,8931a70dbe29e0964cffbbf7637464229688c833,0.0002277828119177785,0.0002340034102830528,0.0002783182227224308,0.0007290695710772915,0.004893787670880556,0.046139458019752055,0.5866724509978667,
151,872c6b7de255059a580de414d0030f86471193b1,0.000228256833118697,0.0002351119894430869,0.0002856623697360712,0.0007374227861873806,0.004982504993677139,0.044705973006784916,0.5541847955319099,
152,d3e64fcf2b1c97d75bae731107cf01d6c0e37caa,0.00022529433835702747,0.00023657687548124653,0.00028091800049878657,0.0007215701664487521,0.004981902001115183,0.045444689982105047,0.5717507104272954,
153,e66453568b685dee47d6e6e634b3a47edffcaeed,0.00022885314209143752,0.00022952682552479056,0.0002803654209949458,0.0007184606006679435,0.004827414328853289,0.0449199074646458,0.5593354830052704,
154,ae821835fdb8732aa2bb4ff10f45fb7981fb92ff,0.00022390504253711155,0.0002291013443027623,0.000290955270552454,0.0007141057324285308,0.005235606018686667,0.045928417006507516,0.5620457154582255,
155,9ff05dc5d5afd4e801f1acf27b33ca2ed74c48f8,0.00023517048912649244,0.00023859822646376085,0.0002913077891877803,0.0007294191787618079,0.00507549699007844,0.04471107549034059,0.5600996044813655,
156,ba9f93d8ad9763ef9867bac5761a40fa4770aa82,0.00022718453207441294,0.0002355553695689077,0.0002851290861144662,0.0007351541051840676,0.00484852985634158,0.04431395750725642,0.5655451510101557,
157,bb402268b0fdc403b05a38a20b7bc324759b41f1,0.00024008098847755208,0.0002414045946872128,0.00029605128303436296,0.0007197982132700937,0.004860793492601564,0.04428948101121932,0.5574793415144086,
158,c6e27fb0188d77e86fa30c8bb3fcce8f1b398202,0.00022762483301145645,0.00031042875058989483,0.00028300389665393875,0.0007297518701913456,0.005051160328245411,0.045044622442219406,0.5604419410228729,
159,84a4c4b03a43c915151193685588f80759f2ea44,0.0002243435643005954,0.0002371280109703851,0.0002831460555575581,0.0007227296320100625,0.004953262163326144,0.04747007699916139,0.6106369510525838,
160,7f836a9aca57de7fcae188b66ee1d8b60c6fc7b1,0.00022495652260461253,0.00023138029527300122,0.0002904695529172099,0.0007277656446344086,0.004868266308524957,0.04514718597056344,0.553575495025143,
161,e4a8977758f56d4e1b5efc6117e515490b278b46,0.0002261181956703734,0.0002344929026034863,0.0002766995134556459,0.0007257407123688608,0.00490351568441838,0.0449902395484969,0.5505535534466617,
162,5d683506587aad4acf689db4145f41a6d6f6ca52,0.00022091380136165145,0.00023033628886979488,0.00027640184594525234,0.0007293711782300047,0.004909620988958826,0.04526869748951867,0.5503592939930968,
163,94df9336010b9515cbad0d9754edf1ec94d54f27,0.00022162084016909308,0.0002296762382188304,0.0002789377294656997,0.0007153859982887904,0.004711622488684952,0.04502910701557994,0.5550754200085066,
164,823c59c659832c0a9b95829dbc5ebe7f5c81e1d2,0.00022250506394218814,0.00023012867677607574,0.00027806123193257896,0.0007361254663140113,0.004829079009747753,0.045084081997629255,0.5486954764346592,
165,beb031d64b42f4643d1ba5186c091fb1328ac8c9,0.00022707651047273837,0.0002306489368493203,0.00028340599965304136,0.0007321437976012628,0.004863415495492518,0.04524509608745575,0.5619641474913806,
166,5294c82afa7d5f20152ee5b0d1406a909b735307,0.00022690809514049602,0.00022884271262834467,0.0002828554590106816,0.0007278481498360634,0.004843980345564584,0.04453139053657651,0.5453155675204471,
167,1327a530ea88b83cac8591a402a61bd9a00ecd0a,0.00022684000989260232,0.00023131289499554226,0.00028229437561498746,0.0007273861805775336,0.004808953148312867,0.04419568693265319,0.5449569689808413,
168,56f444a0c50d949bf9eba653bb91346fdb8f1069,0.00022234169654953092,0.00023068804552571641,0.0002761480117885348,0.0007199532202711063,0.004959716655624409,0.045941847492940724,0.5509619138902053,
169,5f7114ca823736e3f55176cf6a3fbeb77efe0279,0.00022957953067658389,0.0002350450244689868,0.00028062883454064525,0.0007418338542005845,0.00494355452246964,0.04392233397811651,0.5580723095918074,
170,3d99ec9df4d90656286d0482f0f50af886616a96,0.00022035899936504984,0.00022905811201781037,0.0002729221509071067,0.0007332247498977398,0.004966824354293446,0.04593179153744131,0.5467652884544805,
171,59e8fc601bf38c94bf1ee0a7153a7ee385133e4b,0.0002220681964662736,0.00023261507537782842,0.0002819211436680665,0.0007354301383851894,0.004993804342423876,0.04446018906310201,0.5637249349383637,
172,a813a5feb53cef3b22d60599ec330cc945f1b85c,0.00022250085654061127,0.00024009417587270339,0.000283117000189786,0.0007172253991787632,0.0049748801393434405,0.04550282098352909,0.5514569166116416,
173,8b81727c50fd7dcb99e4644e8d76f2eaedc4d066,0.00022946783703648382,0.00024099825003015047,0.0002825385492638146,0.0007362349258203591,0.00481766004425784,0.04418955114670098,0.5501780875492841,
174,bb63a1a49bf1fe766ceab3237e0003aef5f19854,0.00021889232881763514,0.00025669514940565694,0.0003092039609327912,0.0008042712618286411,0.005153161357156932,0.04445643548388034,0.5494224560679868,
175,50ce0fce70cac779919d97578381a9d762f42594,0.00022703157737851142,0.00024137182576257897,0.0002834361606604747,0.0007328737161255308,0.004830063126670817,0.04549791605677456,0.5526804875116795,
176,3ba84d2fedf30aba7d47f81e36bbf265745c4e1c,0.0002235037329150958,0.00023205700310190087,0.00027512969114841556,0.000720239500515163,0.004894288179154197,0.04460172145627439,0.5570201395312324,
177,892a3fa83ca8ef2db9d896efb482f88ad21d6b5b,0.00022610534714268785,0.00023740982222888204,0.0002796132374848974,0.0007242789974303118,0.004727255514202018,0.04525679105427116,0.5569608490914106,
178,411fa9ba04f904f3038175fc05722adb545fe954,0.00022150051998014145,0.00023915538978245524,0.0002767320764131653,0.0007237804238684475,0.004780090181156993,0.045186096569523215,0.5673051605699584,
179,125b0c82053c42c43d1b4b36c6184ae71c75c548,0.00022246874109639424,0.0002296453173411019,0.00027591456324817275,0.000727109461357551,0.004767107001195352,0.045166097581386566,0.5485070800641552,
180,bd8be5417632c019dbc1d36400052805f95a372c,0.00022523548788107607,0.00023497242490639505,0.0002759774484170171,0.0007375183132743196,0.004792651122746368,0.04597330745309591,0.5504643154563382,
181,b58bbb72ae0e24d7e03fd18f6f3fbdfe95481f8e,0.0002197800229465508,0.00023174089248008704,0.0002847104486519177,0.000730390111649675,0.0048384995316155255,0.04561446595471352,0.5577510540606454,
182,4f88a0267a3a4992aacde45df7719fdef713bedc,0.00022406781436470538,0.00023505971661176193,0.00027954827276738107,0.0007329292878109429,0.004778292146511376,0.045652263914234936,0.5493322625989094,
183,a6b4b2bdd6baf2afde27284097426e93912452e9,0.00022360215307739765,0.00023588642426249055,0.00027738919314474635,0.0007292991504073143,0.004906302162756523,0.044164884951896966,0.5516982869012281,
184,fe610388a1f25c8d8ad80fbedd8117d91fdce9db,0.00022234853129199844,0.00023705860771967664,0.0002796942792020929,0.0007251468154468707,0.004964287353989979,0.0443201451562345,0.5437903259880841,
185,32ae22722fc1f665a90d16b110c219b1c24c857e,0.00023229524441477324,0.00024080199987760613,0.0002787675654802185,0.000730832789226302,0.005023427656851709,0.04539137193933129,0.5530979085015133,
186,0eb532de60c9caaaa568ea294e7e1427265b6552,0.00023201347794383765,0.00024216515788187584,0.00028199568300301,0.0007252056800228145,0.005043170298449695,0.045851034577935934,0.5473713465034962,
187,19efe2199845d1ba5464795eed89a347c70d22d8,0.00022719564731232822,0.00023603551089763642,0.0002821626336741689,0.0007342886113162551,0.0050123612163588405,0.04530020395759493,0.5524068435188383,
188,5e8ad11b75245caf2d158eacf369b011ef262795,0.0002285204986533658,0.00023774661398916083,0.0002815321398278077,0.0007414030343560235,0.00498683451830099,0.046279798028990626,0.5586572079919279,
189,8cb86fd7b454b40c7b822146d5e26c55fdc183ec,0.00022518492252048518,0.0002349534426519478,0.0002837066697937093,0.0007327032924097564,0.004984894845013817,0.0459552506217733,0.5542656485922635,
190,84c63b626c640a2473bd8cd0f8c38270d6ef5d3b,0.0002214027386482643,0.00023270194145405424,0.0002820849606198155,0.0007244909315236977,0.005071204737760127,0.04609100252855569,0.5498939520912245,
191,249198b3df5fa16da4417501fa8a329043ddd20d,0.00022454928864348443,0.000231981589670547,0.00028318595937698295,0.0007332192201699529,0.004903659030484656,0.045317539013922215,0.5462950851069763,
192,8ab709c26db9d10fb9365c8faf05b395822482c0,0.00022417761178480255,0.00023369412519969046,0.00028159874302611967,0.0007312328671105206,0.004834764520637691,0.04571546439547092,0.5542860231362283,
193,d329a66dbb9710aefd03cce6a8b0f46da51490ca,0.00022363471253675983,0.00023343078693018315,0.00027677601573463436,0.000726341111918113,0.004761651818019648,0.0453876715619117,0.5475287204608321,
194,f10a3df5f0b8434bf7c33faf00719c84333e65a0,0.00022832040105842883,0.0002300652744121511,0.0002864958085597325,0.0007263121411337384,0.00494286212294052,0.045619586016982794,0.5506724934093654,
195,29f0b532988640cf2441b5eeaf57f87296ea111f,0.00022497860735039347,0.0002287911583094838,0.0002786539620361649,0.0007211095404012927,0.0049677422891060505,0.044351116521283984,0.581140642403625,
196,f6196441b7240c0fa862790efdfb1a62bf557744,0.0002194919576868415,0.0002281015840708278,0.00027652680933571013,0.0007251461751626007,0.005049885483458638,0.044286840478889644,0.5551108920481056,
197,dcf1614dfc11f9004e408ed8c833980c951c541e,0.00022218392498077864,0.00023095582298043627,0.0002757689537247643,0.0007257159721727173,0.005000505363568664,0.044268434518016875,0.5483032999327406,
198,78d7ab3d0c35cb8aa0cdf449e0db1472e6ad60dc,0.00022224113345146177,0.0002285312141545794,0.0002787951250664062,0.0007158052641898394,0.004981967542941371,0.045742564485408366,0.5659844171022996,
199,84809accddc771d525319c227d78c0152b1f7874,0.00022375836047007047,0.0002319432605872862,0.0002840447167937572,0.0007275058577458064,0.004956320122194787,0.045526713016442955,0.5545501910382882,
200,d41b43ebdac8ae6110598649401dfd780194fc3d,0.00022244913151905853,0.00022604201092488237,0.00027270571154076607,0.0007169989015286167,0.004952961462549865,0.04585278849117458,0.5465188079979271,
201,6ce63913d3533bdf4028ab6bfcf0e1d3a91820ee,0.00022113495556961584,0.0002304584539326077,0.00027560903690755363,0.0007244839721048872,0.004852305360448858,0.04547555185854435,0.5647571324370801,
202,41e254f96e8d5bd558d2edbf8b198eb4143e8b74,0.00022182904396449095,0.00023035230015979168,0.000274874089518562,0.0007219442216280317,0.004882995000419518,0.04577232711017132,0.5596279675373808,
203,66c756ce333dc40120d4dd77b14517c6819cd410,0.00022732788879100394,0.00023758742132816803,0.00028596850137950643,0.0007134092040359974,0.004801048353935282,0.04441866744309664,0.5732539679156616,
204,a7e65a0bfced15f1ebee9c9d4a6b49d6008007a6,0.00023023103395561603,0.00023546103462153536,0.00027966610893296695,0.0007362467502909048,0.0048676655084515606,0.04366462293546647,0.5511730069993064,
205,16692b1a3c241245fabb98741c0e90e630ab3822,0.000221203190294352,0.0002305507153758536,0.0002818296984391841,0.0007216172680879632,0.004868115143229565,0.04375496495049447,0.5550582015421242,
206,fc2518ba6b11fc52b0ff477b9e83576be90562d8,0.0002278754772204492,0.0002368887782924705,0.00027960140962535754,0.0007255830402885165,0.004825468679579596,0.04381399543490261,0.5521833455422893,
207,78593a1059f0a9c04385f97b2c1caa221efefa5f,0.00022485300878736568,0.00023286691208815444,0.00028147124814697437,0.0007319257128983736,0.004818617870720724,0.04355237749405205,0.5430164890130982,
208,fc92666e6331a0b9b7832a3ff0e6dd5b2822a0de,0.00023332704376015397,0.00024183502232301093,0.0002850340745810952,0.0007205804033825795,0.004828724350469807,0.04418238962534815,0.5653577029006556,
209,471a2ceaf3f0b77ca63003b196e8ba8c54283806,0.0002299048342845506,0.00024156170283359563,0.0002941858507944523,0.000736860791221261,0.00510085183971872,0.044866282027214766,0.5489055295474827,
210,a699f2879ab3836fe6d1619c518c85956a3075c1,0.0002286391126372936,0.00022943668654593438,0.0002824863089093318,0.0007108542153478733,0.004813641154517731,0.04400659748353064,0.5465009255567566,
211,ba5205c1b8a7bebdf37535c701ffcd8bd79362bb,0.00022699703138483608,0.00023330973150829473,0.00028089241241104903,0.0007171828687811892,0.004828111152164638,0.04387742513790727,0.5451026029186323,
212,a597fe9e738768d97c398a869fd188860b3047b2,0.00024097928088968214,0.00024127960205078125,0.0002840258886054572,0.0007301049024265792,0.004869602853432298,0.044144250568933785,0.5430366530781612,
213,daffccfa95251024a814139a622feb367e7c74c0,0.00022901355599363646,0.00023802643408998847,0.0002797193938513865,0.0007291524754171925,0.00483102654106915,0.04400696698576212,0.5618398055667058,
214,da0d66baff4731e13017e7e0802eded966b85664,0.00023085239809006453,0.0002351029796282882,0.00028967424295842645,0.0007275962852872908,0.00479823964027067,0.0444533780682832,0.556357120978646,
215,c65e5dc7c91bbb257e98e6b61e5e827db49c1552,0.00023075237616219306,0.00023243315941230816,0.0002824554750178423,0.0007214204607797521,0.004816532988722125,0.04428691742941737,0.543855321360752,
216,37d2ec8dc68aef30f784eb35cdd64f78dbcd076c,0.00022027592491754826,0.00022840034722795952,0.0002739627883341667,0.0007215357696016629,0.004823006456717849,0.044704590225592256,0.5467435079626739,
217,3f11db40d80b6ff122f41185b0b93637bdff0e39,0.000223175487100926,0.0002289258065337146,0.0002831803350191977,0.0007321161766802625,0.004834175497914353,0.044328536838293076,0.5592028929386288,
218,543655176a05e2f6a54dbbadfb754416f14fb215,0.00022669538027710384,0.00023617670045826924,0.00028094246150239517,0.0007230224087834358,0.004816673773651322,0.04402696550823748,0.5429887680802494,
219,e4894aef5c93c845081388818a2eb4264c5e1d72,0.00023194976111358786,0.00023504126713507704,0.0002826213174940724,0.0007298572121986321,0.004922206668804089,0.04419721942394972,0.5459928875789046,
220,c02feb9c70befed4cc078902d28f9df37d9f984f,0.00022428422829413668,0.00023231679171493107,0.0002777989720925689,0.0007334477434466992,0.004980829466755191,0.04407974798232317,0.5466335290111601,
221,171ea2a856e7b40d0806501613f7361e09f0a2f8,0.0002272889690680636,0.00023859424982219934,0.0002862516724105392,0.0007272153327773724,0.004802088330810268,0.043583791702985764,0.544099850114435,
222,b5b417b3d3d988178a844ce6f20457966509b038,0.00022989280728830233,0.0002340363042259758,0.00027466784108822286,0.0007197368113944927,0.004827464853102962,0.04459428694099188,0.5530389400664717,
223,74ad82c422f53dcf8637970a6f399adb37c1a67a,0.0002261348637855715,0.00023088498931864035,0.00028669754309313636,0.0007304134778678417,0.004870195485030612,0.044308915035799146,0.5484967662487179,
224,36e017194c32a53cf2965a513243cb3c348095df,0.0002279517888698889,0.00023329497674818742,0.00028412415318795155,0.0007406453202877725,0.0049289013259112835,0.04446813394315541,0.5462813994381577,
225,aa874275d41d924523b718b961515eb8a1665dee,0.00022778205026912948,0.00024085000926709694,0.0002798962633352022,0.0007250387221574784,0.0049560656771063805,0.044330742908641696,0.543818766484037,
226,27aeb6f71183635e3adcab602118b3d8912e006d,0.00022074613878701597,0.0002285017738662039,0.00027947768401832157,0.0007159313497443994,0.004878544326250752,0.04450712515972555,0.5454112649895251,
227,4262a9c717a1504d0548d74c3276e296b04a8826,0.00022236517448302197,0.0002331197779211733,0.0002771434433853779,0.0007168146715100322,0.004858053211743632,0.045295259449630976,0.5474214802961797,
228,671804035cda35211f97f6cf9f80d16152a872fd,0.00022745638599862224,0.0002353940099636291,0.00028470260664247547,0.0007278236250082652,0.004919363806645075,0.04537118040025234,0.5598368821665645,
229,58cce65ce37a3e68c82878b77c844ce69a489caf,0.0002299263814671172,0.00023355802640001827,0.00028201280973660643,0.0007294600862743599,0.00493243127129972,0.04511416424065828,0.551442354451865,
230,ba4e4b6558050e0ef0fa3a312a46d65a5f021c16,0.00023219820836351977,0.0002364332068954473,0.00028231805558071325,0.0007148043097307285,0.0049011607964833575,0.04542450257577002,0.5641531643923372,
231,5a4140d722117afc89869d5772ddd7a67448cfbc,0.00023657344180442715,0.00024186197875274552,0.0002944369454127856,0.0007593126501888037,0.005053050195177397,0.048073387471958995,0.6473284270614386,
232,076c599f25255d991f59056bd16f80aa72631ffe,0.0002270048666421486,0.00023593652851717627,0.00028347857415867155,0.0007341222538213645,0.0048070400177190695,0.044736847979947925,0.5500044994987547,
233,f9e161df7113350b6a0f83d975dbbb5c2fe93ee7,0.00022889284106592336,0.00024099757535044444,0.0002790305360748961,0.0007334269383656128,0.004903637881701192,0.04571109334938228,0.5473165838047862,
234,470c783b50e82ff43fe3e808071b2f95f8f85f31,0.00022695900654380623,0.0002377122071468168,0.00027891915265677706,0.0007218916590015093,0.004817431947837273,0.044587567215785384,0.5480875626672059,
235,a96b18e3d4d11be31a321999cda4b795ea9eccaa,0.00022322562290355563,0.00023091618839482015,0.0002759171358775348,0.0007236531237140298,0.00482096344543,0.044810003601014614,0.5443045941647142,
236,a906c1fa8cb68e937c87bfe63df07073e983338b,0.00022620689022638226,0.00023094405834045675,0.0002778228889736864,0.0007210002513602376,0.004771810956299305,0.04473172244615853,0.5532674419227988,
237,ce6c68aebab74ce82ef83e1c6983faffe462066d,0.00022466678885703392,0.00023336972757850003,0.0002792572690727743,0.0007319610698946885,0.004776446924855312,0.0450132864061743,0.5532338849734515,
238,d7d65c9d56ddbda8f48ad4b988aecad03fe3a8c5,0.00022217093298778587,0.00023165737899641197,0.0002760093948627646,0.0007148598941663901,0.004800348697851101,0.04583549499511719,0.5526004105340689,
239,5c4b58674f80cbc3a29546bba32df7f16e11d68e,0.00022163355480069697,0.00023107728029185152,0.0002767212796383179,0.000715435187642773,0.004756293647612134,0.044538805494084954,0.5539430174976587,
240,cbde47818a821ef951ca73e851579ca75d23a82b,0.00022833494779964287,0.0002319127321243286,0.0002786106687333239,0.0007440563391095825,0.004790558402116099,0.04463480180129409,0.5773415679577738,
241,84d84293bec9d17548097b41fa273aee44285f5d,0.0002247457615221324,0.00023253225307497713,0.00027875938685610895,0.0007291327762816633,0.004975871260588368,0.045725069707259536,0.5481695760972798,
242,7bb4697b2ec2425bfb41410079841854b2abdd18,0.0002220319237242988,0.00022827748166905207,0.0002821331533292929,0.0007312928958396826,0.004942722463359435,0.04533777432516217,0.5462983665056527,
243,8b901c7f33b7dd76e04df53203c19e1afd80dce7,0.00022989029125512943,0.0002373569348657673,0.00029149235758398263,0.0007176529616117477,0.004804556801294288,0.0455646391492337,0.5513034902978688,
244,a0e136b0e0f21b241e97f0ed47f56f131d69f913,0.0002223918791455419,0.00022839811572339386,0.00027796743135597254,0.0007145855265359084,0.0048268096676717205,0.04415797698311508,0.5451168734580278,
245,55ecf648d68f3fb9691fbe0f9c1d5e6168cc5cec,0.00023709887838257212,0.0002401755191385746,0.00029247918698404517,0.0007336381656516876,0.004804665610815087,0.045112718595191836,0.5461996409576386,
246,1b212bda1c2833467177eb0d62c6de6c224c6a80,0.00022709940870602925,0.00023590293510452562,0.00027972400092925783,0.000731470312790147,0.00492886733263731,0.045823628548532724,0.5624329373240471,
247,bdd4e2e29c4b011cf455a72f85c92010656d2722,0.0002278371906393896,0.00023167703507675065,0.0002766795014628233,0.0007453020163146513,0.004930682868386309,0.0457278722897172,0.5535320295020938,
248,c25557e0a9b2d80950a8501062fc337913a3549f,0.00023060784571700627,0.00023862299304909821,0.00028970071247645787,0.0007326759264937469,0.004971100638310114,0.04475204995833337,0.5523059023544192,
249,266f40a00c04bf502093778c99a0cc06eda1865b,0.0002271511753940064,0.00023769326103122336,0.00027559094059352693,0.0007227275054901838,0.00497225772899886,0.04459372744895518,0.5591839565895498,
250,211d5c193113f3e49e18422bd9926db9fb07f78b,0.00022650016669897323,0.00023269077064469457,0.0002836551583771195,0.000730617786757648,0.004968163945401709,0.044376310892403126,0.580980729078874,
251,64b64cddba55312b3f49686ba7aaf72760166b29,0.0002255653040871645,0.00024343791439951885,0.0002814569711886548,0.0007236036472022533,0.0049770352585862074,0.04455226240679622,0.5529098308179528,
252,fb314a390851d4c21f3f6a2a87cffd329219c524,0.00022535473108291625,0.00023342328230765733,0.0002772746724076569,0.0007353449473157525,0.004985614136482278,0.04451978346332908,0.5748546421527863,
253,9ec27a3f5b81e6a7e808836410c9b6a73204c27e,0.00022276706165737576,0.0002319062118755376,0.00028549774402850553,0.0007245753426104785,0.0049670216006537276,0.04523483128286898,0.5557180740870535,
254,489de42a9585615ca9962a83882896069357ab97,0.00022450964380469588,0.00023097910857556954,0.0002749817004092993,0.0007270863778623088,0.004979522355521719,0.04420273099094629,0.551993495086208,
255,924cbe4dadcabd337a6d8b0ef6efa3091a3ed5fc,0.0002222291564530864,0.00023304686901417184,0.00027896452842182234,0.0007228417322039604,0.00492342848641177,0.04396959161385894,0.5487002374138683,
256,821a18e55916d0d40227c58ea75f589ea3d9f078,0.00022199823934998777,0.00022650785103905946,0.0002782142673356411,0.0007191698865166732,0.004942792855824033,0.0453377328813076,0.5473957618232816,
257,abce2a0604a4db5d8072a0b1478c7af439882ed7,0.00021828917112756284,0.00022314308832089105,0.00027414044440799464,0.0007133662855873505,0.0049341709818691015,0.04582767188549042,0.547283623367548,
258,a5d021a1b6f439a19812926bc4d796ef5f346c44,0.0002254745146880547,0.00023043059950901402,0.00027410037324039475,0.0007223381461309536,0.004940310027450323,0.0458723169285804,0.5601353875827044,
259,f1671076c80bd972421751f2d48186ee9ac808aa,0.00022582508487782132,0.00023147200092511332,0.0002826035786897708,0.0007298932177945971,0.0049453120057781534,0.045159998117014766,0.5507342529017478,
260,9439b56f8762b8c9b48d2f9e54dfb467aaa2b3f9,0.0002280571342756351,0.00023516838985454777,0.0002742797219886994,0.0007269979188484804,0.004987293388694525,0.045206565875560045,0.5492024421691895,
261,4abd2a845d0723732f26dd9bbba34d076cb7321d,0.00022308283175031344,0.00024452763803613686,0.0002856415114365518,0.000717032483468453,0.004974394493425886,0.04542800039052963,0.5587440088856965,
262,c8a5ff07e5bda47eab870671634b107da5ab7934,0.00021853945024001103,0.00022563561131911617,0.0002696587238460779,0.0007275701034814119,0.004897727320591608,0.04529039794579148,0.5754375015385449,
263,267621f07a902eceffc179fa01f984f3e2d4bdcd,0.00022593633685674932,0.00022996452879970488,0.00028439855336078574,0.0007258304561089192,0.004940006649121642,0.045305908657610416,0.5472930420655757,
264,581eab37b5d558ba9b8035f3fa82cfa617e70e26,0.00022367240880873609,0.00023179905044592238,0.00028352352092042565,0.0007194092031568289,0.005030876491218805,0.04556763498112559,0.5541867800056934,
265,6f822d20fe5d0596e2b284d3e246e38cb7cea7fc,0.00022725069720763713,0.00023356982803141528,0.0002752036477128665,0.0007277020984994513,0.004991750232875347,0.04553168429993093,0.5503576309420168,
266,a60d5e8d7652641b861587f1fc8efa3cf2081bb5,0.0002232495816829412,0.00022868214661932802,0.00028969874769887505,0.0007183564050743977,0.004957676632329822,0.04561541206203401,0.5505932469386607,
267,9e2d66a110090ee7416f4686593fdf9142ce6cbc,0.00023058545775711536,0.0002375222922472114,0.0002903544196957036,0.0007275817250566823,0.004942393007998666,0.044274359941482544,0.5545600249897689,
268,d3ec3cb274fdb1a7d25cf7ee4bf2c94a8aeab281,0.00036488228458135075,0.0002369629322654671,0.00029022099978819087,0.0007524383099128803,0.0050033824518322945,0.044749719090759754,0.5762948542833328,
269,5451fcb06d5ae7cd3f4a9a02314d6e574bd4c83c,0.00022495637202392453,0.000230171516622332,0.00028077447121696813,0.0007249879185110331,0.005044530999536316,0.04504960309714079,0.5461885610129684,
270,ee60cc9164e5a20b98ee6722e25b0df41e411675,0.00022509553905655728,0.00023339395522184315,0.00027612112210811794,0.0007201082383592923,0.004884240838388602,0.045002510072663426,0.549718713387847,
271,f1c4ba3e97cbf5c494f29531b35da6144cac5aec,0.0002229007174416135,0.00023114518747509766,0.00028001735560022865,0.0007323593267106584,0.004820361578216155,0.043751407181844115,0.547392095439136,
272,8f8603dd18c9c70191fd75d98793dc94c8ac30fa,0.00021979781677541524,0.000228000706475642,0.00027109963215283443,0.0006986067475130161,0.004804551679020126,0.04488256084732711,0.5500537678599358,
273,d647ef2d98852e322d487d6045d5860223dcda79,0.00021920118318951648,0.00022882778527370345,0.00027966155256662104,0.0007204095833003521,0.004826931360488137,0.04400819889269769,0.5544975523371249,
274,e73c8e5479297f235b37fba91d6d0e8464be66a6,0.00022498036886812474,0.00023885477437741228,0.00028438138542696834,0.0007107474541823779,0.004858459423606595,0.044230350060388446,0.5547137663234025,
275,ad30b31af0bb3fbfdc0f11486807edc76cec2680,0.00022447046025523117,0.00024337089747529137,0.0002846814994070981,0.0007258547469973565,0.004833227101092538,0.045259026577696204,0.5529203857295215,
276,073316d25d24b7cb4ffc09fc705448b0e17dc2dc,0.0002226083479980205,0.00023009989192669696,0.0002883722007806812,0.00071771793688337,0.0048521405551582575,0.04404250415973365,0.5533680054359138,
277,e0d27e381889cc30ac0d5ab906146b7c2794ecc7,0.00022162803266521382,0.00023182233880189332,0.0002696182578802109,0.0007154234529783328,0.004842520303403338,0.04321393300779164,0.5452640608418733,
278,fdec5a5d3dcd7fdf46886a162147d073546537cb,0.00022835269984271793,0.00023454263725358507,0.00027808591645831865,0.0007276852848008275,0.004819632042199373,0.04447826207615435,0.5497076308820397,
279,d0928f871ccb42484c7e03c456ce489dea908313,0.0002222724398598075,0.0002279434951820544,0.0002781897608656436,0.0007220972329378128,0.004789446170131365,0.04395393212325871,0.546733854804188,
280,0ac02d3819157a9c64b78157428336200632cff8,0.00022874528582653272,0.00023537031476102445,0.00028282774636816034,0.000715761279155101,0.004926506507520874,0.04384520440362394,0.5469600199721754,
281,68ebc2bad1ad6a99e9939eff205a1a6d936cf4fd,0.0002441221485949225,0.0002482130771457422,0.0002993396209443317,0.0007175142278096505,0.004821544202665487,0.04414565209299326,0.5555112410802394,
282,02d66ecd80a1851c3b206f4d778687b38c9d2c36,0.00021830189041793346,0.00022722367300755447,0.0002769569890867723,0.0007149473453561465,0.00484526747216781,0.044334689853712916,0.5434895025100559,
283,0c384dad6a0a7bfc9842e92253c5f02b810b8bbd,0.00022307159784047502,0.0002284852036444301,0.00027430829100517765,0.0007115709284941355,0.004854306345805526,0.044294917257502675,0.5464161084964871,
284,19bc8bbe37044b9f23d80bb282758071d0d8bf15,0.00021980303101875681,0.00022740142594557256,0.00027102020685560997,0.000719665689393878,0.004859713061402241,0.04485207283869386,0.5487216119654477,
285,f1206ddb24d35781328266b2b02fa27e6fbb9846,0.00022168251923582655,0.00022436218315978414,0.0002742665001770129,0.00071368464268744,0.004850038094446063,0.04424324887804687,0.5475538116879761,
286,a89f3ebaec7441f4ba5e30eb07206c2a7269778e,0.00022302355306843917,0.00023616029901187056,0.00028194084715766786,0.0007151796948164702,0.004834624861056605,0.044590229634195566,0.5791715495288372,
287,9eabe2f87dbe087e878983bdd69edd8a9084c358,0.00022930490347195643,0.00022424935323602343,0.00027885034337247675,0.0007173423810551564,0.004828667578597864,0.04398254561237991,0.545660980977118,
288,5345c2575a28fa2dfbbec83c99636669476c2745,0.00023207170445294604,0.00023897533395850077,0.00037655980041664507,0.0008809832700838646,0.005328683260207375,0.04517645435407758,0.551430637948215,
289,ccb971d169e75c35ae0360e0949f31d2c0c49107,0.00022278103402795945,0.000232732024691675,0.0002767824245473513,0.0007103531776616971,0.004836021844918529,0.043739393120631576,0.5456373777706176,
290,cb98ad400c701f189d4e4043ee2cb44857733df4,0.00023911495852034265,0.00024612995273456343,0.0002849988439785583,0.0007264275879909595,0.0049635808294018115,0.045385457342490554,0.5615350473672152,
291,a0350ed099d1265dd86627280b03ea7070920092,0.00022011242011406768,0.0002283041729875233,0.00027664832006662316,0.0007364195272592562,0.005021197876582543,0.04542468464933336,0.5483421620447189,
292,9e85b3701f80a5e48ca5e7fc5281af2aba591870,0.00023086022378669842,0.00022944404256784105,0.0002843573650655647,0.0007180201355367899,0.00493763736449182,0.04585753032006323,0.5504681477323174,
293,f3ff68e5fe874f9626fcbe85000549083f4f222a,0.00022591653590401013,0.000232100790447515,0.00028589772086383566,0.0007335873919406108,0.004945646428192655,0.04582279548048973,0.5641086744144559,
294,56315089b048160d7c013f257ebf7ea9fea70d91,0.00021954912517685443,0.00022881123004481196,0.00028214805658806016,0.0007256093667820096,0.004839029395952821,0.04453571909107268,0.544857039116323,
295,8d225d918ed052a259331722b4eaf66d54a212d3,0.00022569615090184885,0.00022941451623207992,0.0002773203421384096,0.0007341055731688226,0.00498683595408996,0.044773535802960396,0.5490532643161714,
296,ea7f5ebbda0016438dc1b80c98ea3de8dfec7ca9,0.00022441813780460507,0.0002356785381297496,0.0002810372152944674,0.0007284359307959676,0.004958839310954015,0.04401727789081633,0.5647465845104307,
297,b26c86f65f2217578665998db3f3512bca613167,0.00022651035966270643,0.00023581497767504226,0.00027830464144547784,0.0007216359289096934,0.004966062416012089,0.04398289485834539,0.5489090136252344,
298,a0be9d0615f10e5a1098466a58e18a215ff427a6,0.00023155490105802363,0.00023651249079114717,0.00027812321786768734,0.0007085092210521301,0.004904781856263678,0.04398827231489122,0.546760582132265,
299,0991b083bb0ee8bbd767deadbe237994397e79c5,0.00021707535067454296,0.00022846792745304868,0.00027483770390972494,0.0007309146790898272,0.004974391078576446,0.04426280688494444,0.5463071530684829,
300,da1621637b7c59c155ec29466fb5f810ebd902ac,0.00022988087083730433,0.00023484114684503186,0.0002830644465378813,0.0007218786215941821,0.00492445232036213,0.04450556240044534,0.5465833749622107,
301,1fb7047b0ceba98d43b50ebb398be899ff8f6a1c,0.00021818518618364698,0.0002279909994368526,0.00028168645410521606,0.0007283367948340519,0.005028231302276254,0.04552736063487828,0.5600478355772793,
302,95a6774007d1d7898c7da40d9989e9f1dd1b0f40,0.00021966289669433806,0.0002279833166135682,0.0002750626047821464,0.0007305725344589778,0.0048526950025310125,0.044149008579552174,0.5467583446297795,
303,02883d85b5d3f68c12cb1df75f96e0fed741d4a4,0.00022486350296632105,0.00023307264994152567,0.0002889096913104122,0.0007228037575259805,0.004943638651942214,0.04466025764122605,0.546845781384036,
304,8245b392a344a1ae0db6e569ab68b368ad8883c1,0.00022438612928533036,0.0002291462353795119,0.0002767455815855,0.0008423889987170697,0.00478115250977377,0.046136741526424885,0.5683616895694286,
305,cdf83879fd0d050cade0fe7852550fcbcc177648,0.00022030438033297008,0.00022420137030805678,0.00027047782082502777,0.0007270407763176731,0.004893409476305047,0.04352975310757756,0.5508940634317696,
306,b3f7132e0bf378eaf21af9194f447036b66c70b9,0.00022215771171799366,0.00022667643303672473,0.0002716936753131449,0.0007190916687250138,0.004909946272770564,0.0447036346886307,0.5536047690548003,
307,240f7c9d95e60d14cf3f09decc3e61a451d78bf8,0.00022092737515080484,0.0002289950019783444,0.00027686673909043655,0.0007078145320216815,0.004832620111604532,0.04457455966621637,0.5492111402563751,
308,eb22fe8f82b8c7b0561b25614cb0863b71b4427a,0.00022325263378898734,0.00023250885053791785,0.0002723546441350328,0.0007432667106123908,0.004958496196195483,0.045541815692558885,0.603836971335113,
309,a69ce0652b27b55d680a9d6def2a05c4376653c9,0.00022478212359482828,0.00022890248025457063,0.00028019925780795713,0.0007608442766857998,0.004812040676673254,0.04540549125522375,0.5484415097162127,
310,e8c78e09ab38b80b586108dfb4151cbe70c7a694,0.00021607274538837373,0.0002212039271027458,0.00027849476130024806,0.0007184425058464209,0.004937440933038792,0.04515104740858078,0.5477112149819732,
311,f253a7e39204142e3cf82d6beeef1ce22f5500cd,0.00022619486682944826,0.00023198787598533832,0.00027975742075894326,0.0007266049007219927,0.004914616389820973,0.045271131210029125,0.5528487376868725,
312,2f156d8e3eb4f57067209fa4499eaeed8551c4ae,0.00021868475534497425,0.00022988245093628115,0.0002673090018920208,0.0007184269838035106,0.004901652690023184,0.04488996649160981,0.5544320968911052,
313,69555f52b2e2c5032cf70d40d9f9b8ec9a048500,0.00021852307448474068,0.0002327659995191627,0.00029627467904772074,0.0007144922080139319,0.004914476070553064,0.044881744775921106,0.5619105091318488,
314,209499058705258d60194f7d06890a6825778d6a,0.00022446511106358636,0.00023390166461467743,0.00027922700899533735,0.0007485298129419485,0.00504518486559391,0.04474147642031312,0.5755428979173303,
315,5390a021ca3842e237d75e328bd47fb334e647f6,0.00022210106253623963,0.00023373515021217906,0.0002807879613505469,0.0007130333843330542,0.005060232089211544,0.04403252527117729,0.5495954491198063,
316,be8ab91f789c3b688d707940016b4c2d262913e9,0.00022355962099264497,0.00023364852321274736,0.0002767060978863484,0.000730372333366956,0.004922379118700823,0.044010496232658625,0.5657899393700063,
317,6d4895cc9fe614cf3164891b1f502453312f64ca,0.0002304586443178197,0.00023924769872489074,0.0002825365124924763,0.000726158544421196,0.004979396859804789,0.04632738698273897,0.5694370507262647,
318,0b9dcb2edef710bb35f1d5f8848fb5ba97990f7a,0.00021770271511437994,0.00022458185887207156,0.00028875009674164985,0.0007250280052955661,0.005046374785403411,0.04566489299759269,0.5579864764586091,
319,dba16cd9f155c858bdddb530cab9971bf9af75fc,0.0002264799761839888,0.00022696364127720398,0.0002783154232952839,0.0007124660226205985,0.004948324989527464,0.046154323033988476,0.5599255017004907,
320,ab37e1b29214bbfbe1fed28db68661160ca4acb6,0.00022610824555158616,0.0002322155645394579,0.00027453702641651035,0.0007157585583627224,0.0048313889031608905,0.04457064811140299,0.5622899429872632,
321,a41d513df0bc100e36973d634b95ba86f710a508,0.0002215397746666618,0.00022572318751675388,0.0002758454961272386,0.0007034103386104107,0.004846010201921065,0.04516008356586099,0.5493412357755005,
322,a87ee593c3f5da5dcb42a8033ecbab0f0c9b7903,0.00022893455091186547,0.0002332446469075006,0.00027554617143976386,0.0007316870947501489,0.004836502795418104,0.04540341114625335,0.6177989533171058,
323,942add94ed3bbe479c2e6f5ca8e2a8a6d4ca4831,0.00022800098469650203,0.0002388260844680998,0.0002860780927891794,0.0007326879339026554,0.004884668160229921,0.04480403149500489,0.5446277055889368,
324,3cf4c289067b6df2ddf019eed3c9f73946d960a2,0.00021893835788511711,0.00022757049236032698,0.0002821879328361579,0.0007173711123565833,0.004809358778099218,0.04429731983691454,0.547993628308177,
325,6e3be61d6113e63a1d1be54e6c8341760ded5842,0.000333197893121758,0.0003429588137401475,0.0004351032587389151,0.0008919451075295607,0.005769077222794294,0.047475431114435196,0.5699254642240703,
326,9298eeb4f6c73ca1259f627860abe98b63f89da4,0.0002289049208481261,0.00022983799378077188,0.00028665956342592834,0.0007188494450279645,0.004831657279282808,0.04419720359146595,0.5833958648145199,
327,4771e3f30f53c33dd9e27eb9dcbe2b938a38e9ae,0.00021888058551627657,0.00023494229059327733,0.00027977126209359417,0.0007128448225557805,0.004849899560213089,0.04428119910880923,0.5725840264931321,
328,4317dadcf0758a287d3a0a2902d6064913b49b0f,0.00021790251373610597,0.00022567364697655042,0.0002756876821972822,0.0007113891032834848,0.00482506537809968,0.04412737861275673,0.54893604433164,
329,e641d8b35484d786f399e8cd9349b2a6c09269d1,0.0002183794573533769,0.00022712564095854758,0.00027592157801756495,0.0007225531153380871,0.004883493452022473,0.04525849362835288,0.5465059471316636,
330,2ccfd794011ece560ba4bbeca6f9171176428a77,0.00022454250037022257,0.0002300193077547753,0.00027850279823327676,0.0007141567456225553,0.0048272853406767045,0.044517741072922945,0.5808192975819111,
331,245525514ed55258521ed0cfb2a1b00bad85aadb,0.00022130452756149072,0.00022982377761408037,0.0002809547114412527,0.0007192448912454502,0.004812258295714855,0.044765074737370014,0.5629064925014973,
332,d0be29809a4c526d30afdb998bd6d0110b657dad,0.000225440821731868,0.00023387862450402716,0.0002841443573642108,0.0007209028782589094,0.004869583994150162,0.04473146237432957,0.5616470305249095,
333,c3cd5414426b0e61c331671a69a58103dabacf5b,0.0002270879844824473,0.00023338196545161983,0.00027853258054804156,0.0007197119295597077,0.00492894866814216,0.045988419093191624,0.5740931802429259,
334,f7268a392b55430e968f67c51ed71799d4b02c2c,0.00022522287650240792,0.00023160994295840678,0.0002756146714091301,0.0007174261845648289,0.004776609285424153,0.0451582595705986,0.5516999452374876,
335,777894c478153272a8a5ff37f3199c6e2800e5d4,0.00022294425821684776,0.00023343273335032995,0.00027465223310849606,0.0007247229306293385,0.004968458010504643,0.04561061318963766,0.5540533363819122,
336,190dab07e0b88abafab2b6687d53a0c55b7a5b59,0.00022721793502569198,0.00023378406810324365,0.0003177089322554438,0.0009022334590554238,0.004900837782770395,0.0489539485424757,0.6638087537139654,
337,5925773e51fc427ba5d5dca9e72f5e28a6e7ade5,0.00022468069924953135,0.00023215600628067148,0.0002819286086238348,0.0007323028985410929,0.004879791755229235,0.04520110785961151,0.5467449142597616,
338,ded4fa6a0246e963a9fe2066c882d81981be906b,0.0002229655498361334,0.0002352423563768918,0.0002811774979100415,0.0007322945498994418,0.004965448752045631,0.04535644548013806,0.5530477301217616,
339,7abe543492fe1741cecf574885dcf0bba36f7057,0.00022901543321049943,0.00023456371607298546,0.0002817419262077564,0.000726627279073,0.004914312623441219,0.045487374532967806,0.5501803113147616,
340,3e8a54175b5b39700ddff4729f9764a5f789a445,0.00022725267533926254,0.0002342018150639805,0.00027631475136448175,0.0007262730039656162,0.004928734463949998,0.044213776011019945,0.5470922663807869,
341,084c1dc7524016a59248b811270e8e4d210b7c1d,0.00022312982574753139,0.00023057046134702182,0.00027669260177660634,0.0007232107953833683,0.00495789914081494,0.04646342946216464,0.550204545725137,
342,d1add332f833a52baa69bba7f8d378e9dec37343,0.0002289165225293901,0.00022827285995825807,0.0002737792734152231,0.0007308344689330884,0.004930660128593445,0.04368985677137971,0.5532962800934911,
343,8bcf6bc30f33a6a36aea0eee2c72f06516b4b6bb,0.0002230837657723738,0.0002250365602473418,0.0002696544765249679,0.0007195534184575082,0.004943038181712231,0.0437813363969326,0.5541765335947275,
344,1c8efa16b296258e059a334e27e68428cf3cb48b,0.00022338285170336988,0.00023846449108705635,0.00029674859566463003,0.0007348914431141956,0.004852846420059602,0.045734543818980455,0.5490735955536366,
345,2c2291136aca50b58cd7c09b29a25490c89c9b8a,0.00022200034404902357,0.00023216731973331082,0.000275122291232283,0.0007166756937901179,0.004918644359956185,0.04546806821599603,0.5495086144655943,
346,996e6419e44668a6daa28f58efcc0d2c07b3a9da,0.0002174351086958926,0.00022592686582356691,0.00027172330719156144,0.0007162153986947878,0.004850597896923621,0.04573831660673022,0.5812426609918475,
347,86fcce61c9cddbc354ba67b2f818670f5822c688,0.0002211736961423109,0.0002315186688469516,0.0002796693752782467,0.0007313808115820091,0.005036544753238559,0.04412054410204291,0.5804705936461687,
348,90177d698c61b9550e1e3033dd041e91f8e3c6c4,0.00022393838541271788,0.0002307389138473405,0.00027868298527139885,0.0007426636293530464,0.005146459676325321,0.04522389452904463,0.5640313667245209,
349,18a6e3e505ee416ddfc617f3e9afdff5a031c2c2,0.00023478313038746517,0.00023774581495672464,0.00028427747477378164,0.0007365191954055003,0.005019642257442078,0.04605412343516946,0.5489401645027101,
350,c43b2bfb15281e170cc5006829ebc559bd1915e3,0.00023026555362674927,0.00024068914353847504,0.00029312338059147197,0.0007435926901442663,0.004969497366497913,0.045582735911011696,0.554160222876817,
351,58da484abf6f466a9e8bf55c188cb5b501d31ceb,0.00023563643282448703,0.0002428608830086887,0.0002931581810116768,0.0007341098971664906,0.004962609770397345,0.04508407926186919,0.5573114254511893,
