,hash,usecols-2,"usecols-[1, 3]","usecols-[1, 3, 5, 7]"
0,03164d2d819f9b38e1c684d6d9e128f11867dc3c,,0.2879514116793871,0.3424867505673319
1,60df9b1eb6375e3decf12ba7506404c46af0469a,,0.28716292488388717,0.3444964434020221
2,772c80b1ce1db7e30497fcf555ac9af56b0d7fce,,0.29097275086678565,0.3483045664615929
3,66d357ae3aedcd324a1c607e037adc65d3ae1c02,,0.28682653163559735,0.34665123326703906
4,cec39effb1739ae0a7690e56d58d3e9432569d5f,,0.2875517560169101,0.34555945615284145
5,8ae543cb13769a0afa6e176898824db7fd992d27,,0.28657490061596036,0.34261075407266617
6,c890b10a8ade5df19f97b02a2b10a75f9f6075e9,,0.28995473426766694,0.3445729920640588
7,c9a83043c0669fd17306843eb21abd236b675537,,0.28686462505720556,0.3455702445935458
8,4d87d909bab7a7dd4bb570444cf35d98d551668f,,0.2890678346157074,0.3450118221808225
9,a280f5e5d725de732a906b67172114b263ac3bfa,0.20727448910474777,0.2914980889763683,0.35027443687431514
10,c303c9b77afbc7fe6f4049683c3ccaabdebe7be3,0.20701374649070203,0.29021066543646157,0.3498795654159039
11,fdfc4807cbe2de71f74053c45ae0de383332c4e1,0.20060172700323164,0.28296551248058677,0.33922969340346754
12,537d35c2cf49cae0a496c37564fa282ec80e3695,0.20189207745715976,0.2855179123580456,0.3412000669632107
13,1b6831be8dc33308e77f3d3253f5ee777e3bb178,0.2020636796951294,0.2851576446555555,0.3414978669025004
14,7ef145115fede2c20df2cfc51ed28fcc9742b696,0.20322839613072574,0.28412309009581804,0.3387419057544321
15,175476fec763984573e60485a447978cbcb381c0,0.2044824364129454,0.2870644924696535,0.3449390288442373
16,c3c2b689cd4e1ccc24b18e764f105ed0e400ae92,0.2033612399827689,0.2873680768534541,0.3446307643316686
17,93240e0d8ea23644a5b7874037e658c54966ff54,0.20309444447048008,0.2863308198284358,0.3440448231995106
18,e1f191c46f2eebd6cb892a4bfe14d9dd43a06c4e,0.20355755393393338,0.2846606485545635,0.34124601050280035
19,8eedd3e911b7e3f5f35961871ddb8ee1559d4225,0.20346300886012614,0.2868513416033238,0.3440457640681416
20,ade91ea2f28284668fbf78971538ac4827d653b8,0.20435660309158266,0.2891717154998332,0.3473930796608329
21,b0a6e5583f2952a040c45d0d50f5e93372dc175b,0.20572459092363715,0.2868535974994302,0.3411347228102386
22,94b36b557ce7d88bbfe4091c59aa376764b7047d,0.2027000319212675,0.28587616235017776,0.34179379837587476
23,ce6d3ffc991c63c1a91fd806b4eb3d0008caace2,0.20134622999466956,0.2826232509687543,0.3365973380859941
24,aab7993af0f6f3b9ac0d76952933b19163d65496,0.20406843163073063,0.289126313989982,0.3444507315289229
25,b94c2b01ff7ef5b8dc44726512cfa232e9054882,0.2023027939721942,0.28676562290638685,0.3429389789234847
26,f737b354e6ab2aef8b4c05bca0011de46a4b53b0,0.20562224695459008,0.290683587314561,0.3476830900181085
27,bbd5a7750fbed42a4aaf12f196282a9504a1e865,0.20566723216325045,0.28772238874807954,0.34424696839414537
28,66f1b8a5411e8265ed87ff7bf97c67960af2624d,0.2061933409422636,0.2865062423516065,0.3427506338339299
29,d9347181d825d9426e783cfeafee304735bd25aa,0.18602739763446152,0.2672128763515502,0.326619392959401
30,fc159a547f091d1d6f75db470a0b8e9b2e7acea6,0.1841587796807289,0.26485407538712025,0.32074801600538194
31,857125603f3cf72e2078ed2effd0f6ce40f0ca28,0.18843907909467816,0.2694904119707644,0.32966098794713616
32,847119387dedec1ce7a85c1c0f29bcf86bc0348d,0.1852303589694202,0.2629661716055125,0.32353945914655924
33,deb4be85025088553d80d6637dbc17d7f8101f41,0.18390271463431418,0.263007567031309,0.31770105357281864
34,0c06b0b8593d947c5d63b72b6d84ecf83ae5da5b,0.19237510161474347,0.27100366493687034,0.33074466208927333
35,c003e6ef6e421d23b5bf98f01df20f1350f61ea1,0.1869795066304505,0.26616312796249986,0.3231877295766026
36,a0c5f64f4f1a7f6ee80dc9b95aa813df28a87d72,0.18644205201417208,0.26576758339069784,0.32402473757974803
37,c53c89f0d8572086dd13cbe1c3c98a4e73b41d09,0.18435287661850452,0.26144738984294236,0.3191849570721388
38,767744c86e1e4a27bf77f90a85f17e564c9b94ea,0.1875354361254722,0.2676349168177694,0.3253424074500799
39,e657629bbc2bfb880a1b2fa24a39c5921c1f965e,0.18434712709859014,0.2624855220783502,0.3195775740314275
40,3d0c041ca162d69cc5bbb4d9d051eca7933f12bd,0.18396180751733482,0.2635872969403863,0.319340803893283
41,ce140e8d5c28f1f057db1102cf78263e48f86d61,0.13993887440301478,0.20293362787924707,0.22803809749893844
42,c18ab2c3975c8fa8b59724fe6855c528d72fef8c,0.14040887542068958,0.20498167793266475,0.23027224745601416
43,3d2205dfd1d28fb8106e60223cf7207a3c05dbab,0.1442750385031104,0.2054560030810535,0.23126896820031106
44,c3fd79150bc183e8852f1330ea6e8cb4ca7ce7bc,0.13805763889104128,0.20145206106826663,0.22844961215741932
45,71555c48be7f07833bd540dacb50deb8069b551f,0.14267425052821636,0.2075447414536029,0.23268535896204412
46,5324067c702a41e901354a01a5f0d05ff49b6cb4,0.1408643489703536,0.20580836897715926,0.23243582132272422
47,20cb312563b2e7c0b180db8dffbcd71d7dfd0bee,0.1402994564268738,0.2044384281616658,0.23093946930021048
48,45ee22fa2fdd2bace756ed62685a346da91c4cb2,0.14258541003800929,0.20721436757594347,0.23327890294604003
49,798aee26bdb9dcc0e806ca9271f0f98297188dec,0.1406628096010536,0.20430050627328455,0.22852983232587576
50,1c50f244d4d1eba4f3f63e93a05a2b2f938685a4,0.13917669095098972,0.20274712261743844,0.2277570681180805
51,fca7a15f30776ebce9e6814eb927e837f567a518,0.1433456155937165,0.2064130415674299,0.23196717421524227
52,26311ed7bf80e02c827189e80084602d72e4f284,0.143241117708385,0.20285341003909707,0.22893060790374875
53,b5e01bcb668da0413170a886c258e00d2540e752,0.14068305492401123,0.20568748633377254,0.2332108784466982
54,ab30683fe1277a7fd471be63975a02ed8d766f94,0.14022354944609106,0.20413512689992785,0.23352419445291162
55,3c89e2f913406f55b6e998017c1149e3ba383bcc,0.142180037451908,0.20555837755091488,0.23564615636132658
56,590f07121dc55e6d9d9ce514887c9bbc253fb266,0.16734524187631905,0.2504723514430225,0.2775054071098566
57,872372bd56ccb5fe98faae8be7d14e4a8c69e037,0.1692289609927684,0.25138171832077205,0.2798718395642936
58,70a84c3192b4f231925e8e36f50d6a26bff3b46d,0.16561660752631724,0.2492387443780899,0.2785000659059733
59,9d416356baf4a653b2c647a921ae24ba7d39e8df,0.16730285878293216,0.251053229207173,0.278583612293005
60,09dd75e9e2139bc9742e6009b7babe41d4c002df,0.16870023380033672,0.2524996001739055,0.2818850800395012
61,85d64e375f53f6028519d3aaad0b421934dcbe24,0.16693336609750986,0.24958488973788917,0.2781807335559279
62,09e04dcbe3d0c836437b2d4745b353b256ec6265,0.16773274005390704,0.25610364344902337,0.2849589695688337
63,cdd7ab252988ff4254705e0a89874edeb5cea8eb,0.16855457238852978,0.25132729345932603,0.27800013730302453
64,06da877ceae914a875bd1a55cd8e271332358803,0.17394657665863633,0.2568467103410512,0.28984913835301995
65,8529dfaaec65248420faffe095bac03c23881735,0.16782152373343706,0.25138951651751995,0.2807355106342584
66,171a3e5811e43643788c20075be9ba52efb83b81,0.1646917467005551,0.2476378222927451,0.27618356072343886
67,5bf9ab98edd254dee1162d6f1863053e040cf828,0.16926204599440098,0.2527132669929415,0.2806158389430493
68,9776a73cee9eaaff6af40e971fa2bb7f8f1086c5,0.16617913427762687,0.27466954244300723,0.3017167735379189
69,37a1ad069a800f5ef98286f25fb3fb632375168d,0.16593536757864058,0.27637369581498206,0.3062930931337178
70,1cb2230bb1bfb9b2544dab798dffeedce64ad39f,0.1658827201463282,0.2727156968321651,0.3015648105647415
71,044f5131450f38cdfbab63d6999b60e7e3bbabe5,0.16765197413042188,0.2783344613853842,0.3068862264044583
72,dc089026b4ad0d2d9ea992c7f1b9b5e716dd82cd,0.16581105394288898,0.2757291388697922,0.3042962774634361
73,53adf81bc503d749b13160a27e49160c5bbe48d7,0.16834644158370793,0.2792716692201793,0.3098402530886233
74,49e00940a82f9590d774539cd188b634c29fc39f,0.16741372598335147,0.27943469886668026,0.3112638422753662
75,7b9b41a4c7dbd7b719d62f343f57f841f5809693,0.16915679490193725,0.2840103590860963,0.3096326384693384
76,ae88e02a48c4744afd22c63be388870037f3c84c,0.16795238107442856,0.28152573062106967,0.3108206200413406
77,0aeab48b9e914d1dc7041b7e3f3b7e575ffcbbed,0.167521029477939,0.25553929759189487,0.2857381550129503
78,c18b3f59b5f5752ab038224fd3bdf2dadba55ecf,0.169585891533643,0.2578571499325335,0.28603216959163547
79,a5e5e51187d4476841503ce816924ea99936dba0,0.17017143056727946,0.255917678354308,0.28627185872755945
80,b1e69da5058846e4fbe538c5641597c49f34f9a2,0.17041538003832102,0.2603564888704568,0.28987578116357327
81,388e8197e15403345950edc23ae5fc7a3cb0f644,0.1683277590200305,0.2579241755884141,0.28942748345434666
82,9b7e890b014f6ad3b4288246f0565f7afd6eca84,0.16651799203827977,0.2569307629019022,0.28789717284962535
83,96727cf007217256700a1d805569a73d2171f1d5,0.16671142145060003,0.2567691954318434,0.2861266809049994
84,330435bb3420d798de08f86bf47287e55cf9e516,0.16781750391237438,0.2534009520895779,0.28280028863810003
85,dae4f67c797176c66281101be8f3b4d6c424735c,0.16745959548279643,0.2551359611097723,0.2856083200313151
86,615b6a5ef4040e5602a21aa2ff528c90d3ec6dd4,0.16775743500329554,0.25820593792013824,0.2859196283388883
87,19b66496e248a4e4954a2a43f7100169a355236f,0.17027295706793666,0.2591545614413917,0.28966281097382307
88,7b4c8731353586b50756be3b5c6e134211840876,0.1684069954790175,0.25915033533237875,0.28850559471175075
89,cef4dc9d91d980c3df816de00154a22e96439fa4,0.1678825558628887,0.25633274484425783,0.28589256410486996
90,af0dfce126a1d83cc33b8da9d91bce664f5d5297,0.16783896856941283,0.25757080665789545,0.28663543495349586
91,1bc8dfc55c512c569f8f9de360cf49ace5f2cb39,0.16872328892350197,0.2577127483673394,0.28666981449350715
92,8bd5dddda46805928bba355a288815831c50c96c,0.17057007877156138,0.2623577299527824,0.2906765444204211
93,abdd996ee5a40889ac627445ebfda19bfec326d0,0.16792157478630543,0.2592059327289462,0.28779503470286727
94,74afdda39be21af56b8f9ea9abdb1e8f994e5350,0.1673902403563261,0.2562512122094631,0.28626827942207456
95,491f41acd2c6a0e7886662a2448b3d245ae432a9,0.16542205214500427,0.2555225701071322,0.28199152601882815
96,1f9ab28a9ee5a0cda956da35d0c77a3a4c4bcd55,0.16576376231387258,0.2543525951914489,0.2822097474709153
97,0437b83a931c5cc24296deecaa52d825e4d377e1,0.16774767311289907,0.25549799110740423,0.28514727810397744
98,2eedaa4cf94cf54bbd4d8428aa39271410f22e9f,0.16724210884422064,0.25583886029198766,0.286044888664037
99,8a1592844f98e26a181ab2c1fc8f2e6fd3647f00,0.17049056757241488,0.26000693533569574,0.2881252788938582
100,cd02ddc9c0ea2b7f5f879c0564709eabcec6f1af,0.1701746443286538,0.25607644161209464,0.285287459846586
101,4edd4375472f23c43048e078ba2db1826957f0e7,0.16901177819818258,0.2591038513928652,0.28845022059977055
102,60f539b37514a9eb13c1ebfb8a252934f9084d30,0.16919592581689358,0.25902417954057455,0.291323562618345
103,4d2b5850488013319ff8354a1e764a0a2064fe63,0.16843447322025895,0.25720570608973503,0.2848716638982296
104,5eff78bb16df99ffe2e9cad86c4ec649893c0646,0.1677826321683824,0.2552497931756079,0.2834313875064254
105,df40e550d442e910826e4817d38cebb902f48d77,0.16801686491817236,0.25623131170868874,0.28279481967911124
106,760800d2c602b1c4e1a10d3a0ba12944df28cc73,0.1694532735273242,0.25677328696474433,0.2851818506605923
107,f1a247f9952085db72c3f8248f8336a0961d825c,0.16641057934612036,0.25309110013768077,0.2809838308021426
108,473a68a53028f8a24b88bb9fc08b38dc3b69800e,0.1670286892913282,0.25843174383044243,0.2907742992974818
109,3963ed0ea4e7d89174b1e992d84b47c0751f533f,0.16748693585395813,0.25592328049242496,0.28433629171922803
110,9b1acd42e8d4cfd476dc97b8d5bfe12b0c229d9d,0.17094590654596686,0.2610879228450358,0.29095045616850257
111,de446a536903f906969a1c5860a32ba11078a5ae,0.16774471290409565,0.2548615070991218,0.2829121360555291
112,b2545d01be561f7f8bb71c6064ba48de3d3e8dc1,0.16704563098028302,0.2562553584575653,0.28383113956078887
113,b6c7048bfd72a999f0cd948a346de94fe13f8123,0.16845265589654446,0.2584830429404974,0.2877157316543162
114,670ac4fc50e82f6f162b2dd776de2ef28fac2a4f,0.16624713875353336,0.2551042311824858,0.28410164546221495
115,124dc4ebed8b805206e9ec1f25963877011ed93a,0.16764646070078015,0.2562036360614002,0.28603083081543446
116,a7adfda540f88d765f10ae8963abe4ae43cbfb34,0.1672393581829965,0.2584312525577843,0.2871886156499386
117,ee3e17a7c3e3efdeafe907b394de56aed01a70e0,0.1684264229988912,0.2582173690025229,0.28785275599875604
118,3cdc3ffb779733e7d9136ecb66a22bce31021c6b,0.1666461265012913,0.25653735650121234,0.2850705774981179
119,40fad321343dd8a28129c668c8037a35e9b33989,0.1666811385002802,0.2933195434961817,0.3209602720089606
120,acba24414487e0e171bedbc8d1ae3cfc63f4b2c7,0.16844563549238956,0.2981761614937568,0.32845848949364154
121,e6c2765d428bdce57b6d5bf0554d177ab0b45bf5,0.1664080344780814,0.29568162403302267,0.3239803419855889
122,7eaac94d183888639422c7b55471613f1d5bce18,0.16881431901128963,0.29799463800736703,0.32781090750359
123,62991d50511f75e58c4c57f40e84de25a8d7e7dd,0.16609855499700643,0.29355657697306015,0.32160168746486306
124,94d3302039856667988f82d637f9a35998d19a79,0.17093583100358956,0.29485287601710297,0.32432918998529203
125,eb167a3fe540780f397a14817f54a95333fbcc6c,0.16737121201003902,0.2949091784830671,0.32355070201447234
126,cea994fac86dbc5af7bee3f15fc5b475a99163fa,0.16741114397882484,0.29711197447613813,0.32482827600324526
127,917c6f18ba6691bd29e7e103b65dff75af735faf,0.16874143399763852,0.300413811521139,0.33196621952811256
128,84ddedadaee13fe22cc36a0c67c3cb73e818ee9f,0.17374896950786933,0.2996320865058806,0.32820138000533916
129,e180d2aec3fe18bfc5ad1505659a23003929c76e,0.16565816901857033,0.2947262465604581,0.3246346165542491
130,2fd9ff8277ad25aa386c3432b6ebc35322879d91,0.1666061725700274,0.295705430500675,0.3252314925775863
131,3296617cc4c0d4a82520caa411050f7c0aeb9aa5,0.16907616349635646,0.2994495439925231,0.32903537154197693
132,6894bbc6d396b87464cbc21516d239d5f94f13b7,0.16687948949402198,0.29920161102199927,0.3275195349706337
133,d5064d4ab5152c71c4b639fe581cc80b74a103e4,0.16914608894148842,0.2970746865030378,0.32493395352503285
134,1b3543cc456c352df8550ae2f0db0a5cfe422f35,0.16620593145489693,0.2907957824645564,0.31879758700961247
135,9331e55b0c16d9b8611132a4ce0fd24e52d6e629,0.16949546849355102,0.29948211496230215,0.3322733514942229
136,91411eea6306d5b9aabab4b5abf5a16df4c3396b,0.17074194096494466,0.2999681750079617,0.32868031098041683
137,459bfb4af46de23e01e215784520aa2b81393dfe,0.1669934220262803,0.2991109255235642,0.3221978669753298
138,0c32bb4140215f99b935eae9001eabb10e3c47dc,0.1714377704774961,0.3033810085034929,0.3309232345200144
139,901211eddd5e17c8c7c85bc5f791679559d4efb5,0.16996340203331783,0.2969808970228769,0.3275690160226077
140,ff4cfe7ecd46ee15fd88297964f6a5cb5423c291,0.1677707054768689,0.294447107007727,0.3214953895076178
141,31ff7f34809c5d1b9c35de8ccea262d8f480bbef,0.1675150345545262,0.29623876698315144,0.32567973900586367
142,5db7e2e6f805c180a0f117c6faa204f757b512ca,0.16974818496964872,0.2987323650158942,0.3288517049513757
143,2c36dbbd6dd13b449c43dca85493f94022f19f9d,0.168754487473052,0.29578984796535224,0.32632922794437036
144,8087e1de04d011f7ce66bf80dbef4a0599b14f7a,0.16701991250738502,0.29596267349552363,0.32585990196093917
145,24192935730d6dbb24e3d11b7f40f309b786c0ad,0.16646592447068542,0.29389437852660194,0.32204796554287896
146,105e175a7708a05886d06a24ed2b60bdd6cf329c,0.1687341061187908,0.2939857420278713,0.32258072402328253
147,9da90debf54029a50502fd759c8de56f2dc47129,0.17027185356710106,0.298930408898741,0.3274533534422517
148,928425156abfa65a613fac016f86d6a3b6c03768,0.16695733298547566,0.29502433142624795,0.32465950050391257
149,5a59087fa5badc20e2cd5264f7cfc6911fc6fb12,0.1674821835476905,0.29426142608281225,0.32361084350850433
150,c9bfd4eb68e61c67aa27ed0cb2788f60d11cf354,0.17247821507044137,0.29597002849914134,0.3268431635806337
151,2e9169601aff252a661b845399ec61c3e575407f,0.16832587704993784,0.2958250619703904,0.324753854656592
152,59a97520cf0aa68b92a775d809e1cb67d886b50c,0.16969462647102773,0.2994663844583556,0.3278304354753345
153,b074b21c326ecaa6b6519fc7dfcf54fa4e4457af,0.16651568608358502,0.2960927414242178,0.3235356800723821
154,ef0957302c6383524448cef2cd4cf18c7da18ea8,0.1687768945703283,0.29613868647720665,0.3276297829579562
155,5cfc2d3ca06fb6afc95c16db172f710ed6e7eed4,0.16853417560923845,0.29840913403313607,0.3267900529317558
156,aba1b4a7864752b005c9f5d1bd58fa02e08ccff4,0.167154923081398,0.2960107330000028,0.3257249644957483
157,32f382c86f384a02eeb87f67fea806e6b9961b5c,0.1695786080090329,0.2961358923930675,0.324966351618059
158,33351f646e0b523139fbba4986eba54a3bfe55a7,0.16779094142839313,0.29938721854705364,0.3262474520597607
159,90133e16d02c67206e350ce222d76f938596706f,0.16900430503301322,0.2949876179918647,0.32095830608159304
160,26527695f9ee7b7bc3fdd3af67d7e8b068cb1e0b,0.16989672393538058,0.2960985435638577,0.32540991459973156
161,5b16107a537c0ebd2e4517c02ecfb9a24f54c827,0.1723739184672013,0.2994478769833222,0.32837021455634385
162,cd3b44d5f0915245138d44fdb3ee376601e34716,0.16872213990427554,0.2978523389901966,0.32778622186742723
163,f77c5e83c07985aacbddb89525785a3f66ce1b3b,0.16798315499909222,0.29471093404572457,0.32456915255170316
164,4f2b219647ae6a7928590be2b709894ae2403274,0.16627540707122535,0.29603693005628884,0.32450163702014834
165,c71ce0e6dbd9ec67b3ac7fb5ac3eb609f8a56829,0.1671221365686506,0.2951957884943113,0.3259784705005586
166,2fc96a0bc15624d7f1f74750bddffeca46f1e73c,0.16999251546803862,0.2961508654989302,0.32666675793007016
167,20f22d849002d80485787adeb8a7340dab159f94,0.16873198142275214,0.2953015153761953,0.3261522095417604
168,cdbc935201f3c322a312e8ae8b78d044cbe27bf4,0.16903823311440647,0.2976629709592089,0.32698772847652435
169,5134132ae9cc9c3fba1d5420353277cf3d96eb90,0.16947691957466304,0.2956050575012341,0.32674095511902124
170,c2dd245047ff2eb80972600163ecac9048d74e1f,0.16990909061860293,0.29925404698587954,0.3277939595282078
171,965b41d418e6100c1afae0b6f818a7ef152bc25d,0.16823125851806253,0.29481781797949225,0.32391363952774554
172,0b9b176dcef7f14f56dbd543c89e6da6c6b7b2e4,0.16772174299694598,0.2967710685916245,0.3271319675259292
173,1be88ff070cce6ac720804e861583682564f7e0d,0.1684943230357021,0.2986261276528239,0.328915401827544
174,bcce3ac27e05ffd10584c3c8c666dade21714d1f,0.16979683563113213,0.295348102459684,0.3247289531864226
175,5b126f882bc90a22f7fe20518f727eafe8238d86,0.16739481850527227,0.29625427001155913,0.32506336085498333
176,ad0049026f4afa5d6e8312c1a46b3777be396104,0.16803313721902668,0.2958036963827908,0.32759941392578185
177,9ae4a0d1ebc52a556ed13248172e8280ad9fc6bd,0.16846732003614306,0.294272190425545,0.32427420979365706
178,d5010b129e4f3714dcad04eb7115372848fbce36,0.1658036014996469,0.29237278597429395,0.32042457023635507
179,b3f41eeafd2708a6b519cf3c7ba3576dfa1cc5b3,0.1693192815873772,0.2983994376845658,0.3313435015734285
180,637af579ef5985bd8c267817cf445aca5bb34531,0.16831955732777715,0.29741199244745076,0.3258707830682397
181,e1968acbedfb312b47993ac2869a5f544383195b,0.16628153552301228,0.29198581143282354,0.32168322755023837
182,974a54058fe52ead24bc54a0015d3e065f78f5e3,0.16669967933557928,0.2941356000956148,0.32239173096604645
183,54c2a266780c02852003330f59bf3bf20e36eaa0,0.1672435002401471,0.29426540806889534,0.3252240044530481
184,fed47a489e3da26fffb98a6dda32dbc9ba0f63c3,0.16715611843392253,0.2937392620369792,0.3231333589646965
185,b03c575834a68f3a8dad5e2974ccee7fa76003ac,0.16869086865335703,0.2966258793603629,0.32530924351885915
186,68439794b84836f43ec389be0e702ff64ee76d44,0.16836051433347166,0.2961562741547823,0.3269046344794333
187,dfd4c9de8d849363e3d4cda7a0792ed0670165cf,0.168231132440269,0.2973757639992982,0.32695623161271214
188,5ff70eb0fd61a39207d5166479507e1b099cb707,0.1682343075517565,0.29842665954492986,0.32754485215991735
189,1c58504eec43f9ba18ac835131fed496fb59772d,0.16659559356048703,0.29460600507445633,0.3237514169886708
190,1cb387128f66895b42c19578ccd60c34649de988,0.1687850495800376,0.296919540502131,0.3252822293434292
191,2582c681082e6c2c74d424e255afa8efefa4f899,0.1693139811977744,0.29874782054685056,0.32927651260979474
192,43ca3a5bd882dc69bca0fa777113e6821c9f44e0,0.17182009294629097,0.30130141507834196,0.33211483154445887
193,22356fc0ec8ca50aeb8f40633f7c7d906a648ab8,0.1686766347847879,0.2970656130928546,0.3249085459392518
194,243dc1e90e59daf18b17a6a1ebb705cc7bc66e92,0.16900202725082636,0.2971682199276984,0.3252101135440171
195,078ac01a85c4db46e7f148829c2e0d0e0f30c36f,0.16936821676790714,0.29881850397214293,0.32836942723952234
196,77c5841b93873bb1d71c38be3e41cf81ede59743,0.17009922256693244,0.2987817074172199,0.3312074560672045
197,f0a74b2d4e50a1b4f9d9189c6b2e31b920913a8b,0.16709402133710682,0.2954266129527241,0.3239082475192845
198,5d8bcae56a337d21d7bf60d042c7dff32d91b451,0.1681457725353539,0.2937966105528176,0.3220350609626621
199,642181c76b11bd1cc87ee7443d3ee215744df0fd,0.16896358761005104,0.2966655548661947,0.3269291860051453
200,f01b4e54a4b46a84a5a79b03bd2bd2f21b190f12,0.1696487150620669,0.2956815257202834,0.3253734824247658
201,170d1bbf566937452fd9bf14a84a69c9edb43277,0.16876618238165975,0.29481310420669615,0.3238236433826387
202,18bfeaf2716001afa8785638a75f90259dbc8aa1,0.17020685994066298,0.29765967070125043,0.3262914519291371
203,12f9da5615e6c1e387a9101a8923867343dfaeca,0.17306145606562495,0.297042447142303,0.32804898149333894
204,3310cd0e8f1b36d7da8c1352441b1240be4bedc5,0.168967209989205,0.2926169589627534,0.3217365222517401
205,9ccb42d02f7b3fb2b47854bbd4ab418676e6be42,0.16696642851457,0.2950036700349301,0.32420449890196323
206,ad5d58c29ab4793cd66afa07eed0f77c7ad59dc4,0.16776396287605166,0.29427628591656685,0.3231036374345422
207,081c7230546861259bac75a316338b1c00005d5e,0.17027263529598713,0.2967816034797579,0.3276297019328922
208,3f6dba405c259a41e91077868f54722ef0a2a325,0.16818945459090173,0.2958795176818967,0.3252803997602314
209,2ac14a153ed79377130a38e1425574e97602455e,0.17454461101442575,0.29863873845897615,0.3307929134462029
210,8c2112dfb073c069a56d8840a21ac2ee69f920e0,0.16773405275307596,0.29619216988794506,0.3266454276163131
211,8626a559680d9d6e681c02e703bcaf3de389fc6d,0.1697318779770285,0.2966145658865571,0.3258606567978859
212,caa9b6045cedfaf0a4735bd2be55164549a4ddcf,0.17411040258593857,0.2971389200538397,0.3278145475778729
213,c67396b805291e1a880084e701f160b21d2b4b1d,0.16862945049069822,0.294946864945814,0.3237930841278285
214,063b3140ec3792f0420da9f386d8240693213ec9,0.17005483759567142,0.298089254880324,0.32732778997160494
215,569dfcd79aeb2a584e008861e5e29b7b5115d94e,0.1677853970322758,0.2948638063389808,0.32556115998886526
216,0f6a3aaa34fe72586f8c66ecc4744fc960d62ae2,0.17125108395703137,0.2979110407177359,0.3295594460796565
217,0ce156413feb21a4f2a8eae3b1cd954d04240edd,0.16785280359908938,0.29569637891836464,0.32589269685558975
218,e78d0764d414952716ec75e3c44a74359643cffc,0.1690020675305277,0.3000994238536805,0.32950223283842206
219,76b711ad87d114f0f7926877adccf14dce04614c,0.17033644998446107,0.2979320960585028,0.328160178149119
220,42228fcb513c08729f822fa6be70e16a7a68067f,0.16827994445338845,0.29418978886678815,0.32448244863189757
221,1f3650643f341af8ca5c12529a479d73d3103895,0.16809492046013474,0.2931682507041842,0.3238354579079896
222,9005d7df9b644b3b3de55118b7f7ffa026e4284b,0.16877457150258124,0.2974241911433637,0.32653320115059614
223,51d1a99a84f5e2183b79dcc04713ffd90cb0caf2,0.1683721945155412,0.29357714182697237,0.32284508855082095
224,8f7adad487ebac177964a577f5d263da975d8333,0.1690926980227232,0.29532475280575454,0.32778082438744605
225,3ac8f65681e2ee55c8b8bbb25f1d4aacba07d9bc,0.1690718240570277,0.2951340649742633,0.32370698638260365
226,e44d0ecad9a8565b5f159c674e2001e725e58bfc,0.17252659960649908,0.29978762147948146,0.33200798253528774
227,4b9f7b54219c1a653ca8fa2fb53f96ea54a765d8,0.16684386390261352,0.29315323545597494,0.32317793648689985
228,b489287af94b32d6a6d550c6e05f1cf92adf3248,0.17066975100897253,0.2970745724160224,0.328735095448792
229,efa7bad30d92f5f58448e753b3d280d3bea157be,0.16676932596601546,0.2925318928901106,0.3225992501247674
230,c6916f44904b46c7c7bdb92ceb5242f3f6e00474,0.16689470782876015,0.2923104609362781,0.3201911225914955
231,fc1f196584ff6dd530982febba2322679317c632,0.17066229786723852,0.29717047745361924,0.3265518108382821
232,c31ba764540a12843b3caf711b447fe3e08c5a46,0.1696278271265328,0.29821396013721824,0.32778666727244854
233,52c9e6f2e3e72081576fc7f629fe3eb0c67b143b,0.16849368019029498,0.29501463705673814,0.3246302208863199
234,b38ccec64c502579f48c1fc13d0b34f689171f25,0.1713055744767189,0.29419175162911415,0.32087387703359127
235,40d5ce5437db00f6507580651ec5c6dffc161134,0.16868577990680933,0.2939735883846879,0.3220809740014374
236,0b516d28e606d97266a95234a8deea268ecc3ec8,0.1669193455018103,0.3032983965240419,0.33131002355366945
237,e51992aa22f9868ac4ab09608c5ba98cc93fb590,0.16885462263599038,0.29447289695963264,0.3240027274005115
238,73e7d8e82efde0fbed5b888f31bd894d5d7d6936,0.16958086006343365,0.2983341929502785,0.3303011590614915
239,11c1e161be588da14a501f54d8a3974bee7a03f3,0.16847590589895844,0.29488450987264514,0.32392064621672034
240,1d598997543637b9882d1663117b573210a20583,0.1683363332413137,0.2976205451413989,0.3276335680857301
241,99d056fde04538ffacc877cfaea926ab979ea824,0.16958646290004253,0.29667909536510706,0.328895291313529
242,2f790d8768095a7c237794eaff31b8ae4a0411f9,0.17111203353852034,0.3015599111095071,0.33229918079450727
243,9eb7560e77c43af561f5242cf30df6b1d7442e83,0.16812701616436243,0.29543231427669525,0.3238077312707901
244,8dfaa4a5e0ca329e16a853d5982ea5af5d044b47,0.16826701629906893,0.29427836649119854,0.32451888313516974
245,482625dd29b4f3f3c43a731611063286f8bffb73,0.16719248006120324,0.2937368121929467,0.3228058642707765
246,dc854841806549086812aeeaa6d5c2e98799a4be,0.16790656372904778,0.2965571931563318,0.3255952075123787
247,cf7b712691a960cbcd6a744350c83a95f8d0154e,0.17111861892044544,0.2976243016310036,0.3269919017329812
248,b57c5349442d11f7f72aacec299e2c6740ec0a32,0.16850804490968585,0.29699348099529743,0.3257320369593799
249,630f094b99afa8c693652066a3fb8918b9f3e142,0.17252379329875112,0.29837407683953643,0.3289828491397202
250,897431cc9207af9cbc34ce6295dd44256aad5db0,0.1733432305045426,0.30025771353393793,0.33031773613765836
251,e800a3e08a1cc4cff200e5b837d5e027cc55c82a,0.16787411272525787,0.2933347229845822,0.322221125010401
252,517f53dc91164f4249de9dbaf31be65df02ffde7,0.16912390617653728,0.2974632256664336,0.327698424924165
253,96c21f037679c0766142fa8dc3fb143b5927439f,0.16992645896971226,0.29640274681150913,0.3267058487981558
254,bcb036a58aac566d4050b163a0f6b77e09c40123,0.1700798198580742,0.296240177936852,0.326646420173347
255,6d6df47fefdc503fbcffd8cb14a5daaa956ef220,0.16960482439026237,0.2996387081220746,0.3290483197197318
256,6ee49178517088966e63c2aedf6a8a5779ad5384,0.16746322950348258,0.2945884885266423,0.32288170233368874
257,59984a3596e00e088b10c58f02856e8088fcd4df,0.16942350193858147,0.29805260756984353,0.325144512578845
258,619422b493eaf88c42373af1725ac0aa2297fa91,0.1723031960427761,0.3032822688110173,0.332378632389009
259,017f717934274e481f1304d3c2f52bfaa193e7f2,0.17133560543879867,0.2994658821262419,0.3279374265111983
260,f80584a48ca9bcb2ff451a017bee2479ad78aa28,0.17235188698396087,0.2994334613904357,0.3271440085954964
261,651bb25d6b409b9031c40cf33f991d24f350edd3,0.16929819202050567,0.29801496816799045,0.3291306714527309
262,a695a9f240922790c8062b3349fe07812eabd251,0.16836926992982626,0.29803032940253615,0.32774758618324995
263,87964f1c5738492b152e80f7e38010c69214e5ae,0.16593961138278246,0.29251811979338527,0.3204194298014045
264,389f56c80c9d940d79fe4136b7a99f8d29aef8d8,0.1687595322728157,0.29625535383820534,0.3241666122339666
265,20f10762fc20a29923b6943235c2577b8e3ac9f3,0.16924351267516613,0.29621419915929437,0.32512082858011127
266,cc7038fb59f8dbe8ff08cae4723aca38169a5a59,0.17020499845966697,0.2973068915307522,0.32779231388121843
267,05595e9afdb11b664898a5eacaec6c7d1e284cf9,0.16750858165323734,0.29428245266899467,0.3238390074111521
268,92b880f64024c0694c69a6397568ce758102f9d8,0.16756234131753445,0.2945148325525224,0.3252478102222085
269,7e3fd81c039b0e22715c4e6eb63439bdf5a620bf,0.16768456669524312,0.29472416127100587,0.3237600908614695
270,e67737e2e63e36161c8f80715c0a347e46a06d91,0.16808233223855495,0.2949393177405,0.3250290877185762
271,d13a4f06ea84da112d5069b3fde148e307e7f94c,0.1671880790963769,0.295698297675699,0.3262118035927415
272,4cd98714b665b389833f1d8b4b1d2df9e12685ad,0.16850365046411753,0.2960641919635236,0.3254719516262412
273,909d6b8fabe2f0fcdeba6927e4506f19aae52f2e,0.16947678616270423,0.29440688341856003,0.3228208664804697
274,44e26f24621ce86ed6b24bfba4a04e82319d7bf0,0.16835669800639153,0.29425021167844534,0.32367972331121564
275,4753652c605833e2398d7e46b754a71729a54713,0.1672220528125763,0.291926602832973,0.3194917058572173
276,92bda60074d0afcc3d29a0131037f11b350a99d7,0.17102580983191729,0.29783698124811053,0.3249777415767312
277,6f8d7fd467b69229c0a7ed3662966573e8b3d85c,0.171102792955935,0.2937281830236316,0.3252162002027035
278,ae6ba5d215451273990f2826f2cf28f091d71446,0.16950872800043726,0.2951789099988673,0.32503184550114383
279,4200221ea22bf6c49a4038908aca75b2b07af0fe,0.1683245434996934,0.30004036050013383,0.3300653639998927
280,100e7b8459858805bc66af122445495fb840bdca,0.16826213350213948,0.2983489530015504,0.33418996399996104
281,6c9ecdf2847d03d04f5111d6df427a29fbb36319,0.1728547794991755,0.3040729649947025,0.33128315250360174
282,22724bac3465e6f699313cb6301722cddc6351b3,0.17069668899057433,0.3000658774835756,0.3291986569965957
283,7309a004dc0f206f7dfc8d355711a2d8d7c9c62c,0.16721507400507107,0.2953640444902703,0.32531090649717953
284,2ded173ae40ef8368e93367a02fc7db0b02cd34c,0.16858440548821818,0.29687508748611435,0.3273095585027477
285,14c3c183aa6b8bf504e8b763a3ce0c8ddd0ef6b6,0.16810733499005437,0.2949646134948125,0.3236713369988138
286,58dbafac8dec98557fb99e7884a970e2ed9a9973,0.17249583548982628,0.3015887765068328,0.3309536994929658
287,ad5ad8a3e6a3e8533c5c5ec6e40bd90fa4d733c5,0.17032148700673133,0.29750153099303134,0.3284125695354305
288,30bf46c0538266ade0ac0e1a18486a226196b738,0.17074444898753427,0.304401556000812,0.3401391994848382
289,b022f204f697e8ef6c719fc8e84bcf5dad8ba6c3,0.17034787600277923,0.29591578646795824,0.323657724482473
290,deb794394108dd27f27a5a2781bf3b5131ffff65,0.1679252200119663,0.29783862200565636,0.32775869700708427
291,1a5462651bbf61adcf1816f2253eeca2b26ca162,0.18453181150835007,0.3117473684833385,0.3433979624824133
292,e525a8f83f84fadc3f80d3be3b497066022d108b,0.16927387050236575,0.29944473251816817,0.3269256924977526
293,13080b05787e1379cc30e18840ce704475b56179,0.1708357745083049,0.3055776334949769,0.32337422150885686
294,9babf6596876be7be02e823688a2b359756e27f3,0.1679248180007562,0.2987506995268632,0.32656165602384135
295,86721b1a6f3cb941365b8dd785691d56e5fe2c22,0.16764914750820026,0.2977730520069599,0.328378206002526
296,ecf407ec846324cabaa0afd4bcfbe90899c94da1,0.17107376651256345,0.2980009499879088,0.330259347014362
297,666b17976e1ee7bb2079259831ccba41d37cf078,0.17170707852346823,0.3018418319988996,0.32632906595245004
298,2f3b82638a24204a13c9b16a3a36a59f199df41d,0.1751237980206497,0.3101968604605645,0.33645796607015654
299,8931a70dbe29e0964cffbbf7637464229688c833,0.17178759153466672,0.29822274000616744,0.32554437447106466
300,872c6b7de255059a580de414d0030f86471193b1,0.1688188494881615,0.2968103985185735,0.3278102674521506
301,d3e64fcf2b1c97d75bae731107cf01d6c0e37caa,0.16983213002095,0.3025118845398538,0.32962727546691895
302,e66453568b685dee47d6e6e634b3a47edffcaeed,0.16907858749618754,0.29845459351781756,0.3278023980092257
303,ae821835fdb8732aa2bb4ff10f45fb7981fb92ff,0.1691901420126669,0.2969906645594165,0.3260714354692027
304,9ff05dc5d5afd4e801f1acf27b33ca2ed74c48f8,0.17198282899335027,0.2977135230321437,0.3281958144507371
305,ba9f93d8ad9763ef9867bac5761a40fa4770aa82,0.17200861795572564,0.29750085656996816,0.32733636494958773
306,bb402268b0fdc403b05a38a20b7bc324759b41f1,0.17521674948511645,0.3067077889572829,0.334458967554383
307,c6e27fb0188d77e86fa30c8bb3fcce8f1b398202,0.17803758598165587,0.30490537249716,0.3345110784866847
308,84a4c4b03a43c915151193685588f80759f2ea44,0.20136323245242238,0.329942500567995,0.32967269548680633
309,7f836a9aca57de7fcae188b66ee1d8b60c6fc7b1,0.1692975775222294,0.29579644254408777,0.3242267289897427
310,e4a8977758f56d4e1b5efc6117e515490b278b46,0.1693171215010807,0.29588779649930075,0.3248669165186584
311,5d683506587aad4acf689db4145f41a6d6f6ca52,0.1724625005153939,0.2968074544914998,0.32719875749899074
312,94df9336010b9515cbad0d9754edf1ec94d54f27,0.1727785569964908,0.2966216824715957,0.32558759092353284
313,823c59c659832c0a9b95829dbc5ebe7f5c81e1d2,0.17244640900753438,0.2934097854886204,0.31947404600214213
314,beb031d64b42f4643d1ba5186c091fb1328ac8c9,0.17174141097348183,0.29813667299458757,0.32693871803348884
315,5294c82afa7d5f20152ee5b0d1406a909b735307,0.1728608610574156,0.29690195759758353,0.3261116639478132
316,1327a530ea88b83cac8591a402a61bd9a00ecd0a,0.1733458968810737,0.3000393924303353,0.3236595585476607
317,56f444a0c50d949bf9eba653bb91346fdb8f1069,0.1664423249894753,0.29338406247552484,0.32233280583750457
318,5f7114ca823736e3f55176cf6a3fbeb77efe0279,0.16971848043613136,0.29683314892463386,0.3279700259445235
319,3d99ec9df4d90656286d0482f0f50af886616a96,0.17087985202670097,0.2947555249556899,0.32214107154868543
320,59e8fc601bf38c94bf1ee0a7153a7ee385133e4b,0.17205683945212513,0.2971963189775124,0.32540351897478104
321,a813a5feb53cef3b22d60599ec330cc945f1b85c,0.16924516297876835,0.2965105725452304,0.32535447052214295
322,8b81727c50fd7dcb99e4644e8d76f2eaedc4d066,0.16584069991949946,0.29488565446808934,0.32319679053034633
323,bb63a1a49bf1fe766ceab3237e0003aef5f19854,0.16985374793875962,0.2948771449737251,0.3237823015078902
324,50ce0fce70cac779919d97578381a9d762f42594,0.17064022656995803,0.2970894135069102,0.3248042209306732
325,3ba84d2fedf30aba7d47f81e36bbf265745c4e1c,0.16918428288772702,0.29571955744177103,0.324832929065451
326,892a3fa83ca8ef2db9d896efb482f88ad21d6b5b,0.16914639598689973,0.2947400144767016,0.3218306669732556
327,411fa9ba04f904f3038175fc05722adb545fe954,0.16790790355298668,0.29788503190502524,0.32649468805175275
328,125b0c82053c42c43d1b4b36c6184ae71c75c548,0.1708416671026498,0.29921161546371877,0.3292053599143401
329,bd8be5417632c019dbc1d36400052805f95a372c,0.16944567149039358,0.29506307700648904,0.3241249496350065
330,b58bbb72ae0e24d7e03fd18f6f3fbdfe95481f8e,0.17140637803822756,0.29550496698357165,0.324612561496906
331,4f88a0267a3a4992aacde45df7719fdef713bedc,0.16729260701686144,0.2946870239684358,0.32376864447724074
332,a6b4b2bdd6baf2afde27284097426e93912452e9,0.16912266740109771,0.2958765955409035,0.3244700770592317
333,fe610388a1f25c8d8ad80fbedd8117d91fdce9db,0.17018245055805892,0.2937159469584003,0.3215657079126686
334,32ae22722fc1f665a90d16b110c219b1c24c857e,0.1729556870413944,0.29970530595164746,0.3277660619933158
335,0eb532de60c9caaaa568ea294e7e1427265b6552,0.17594136507250369,0.30025378544814885,0.32877548155374825
336,19efe2199845d1ba5464795eed89a347c70d22d8,0.17096201155800372,0.2974601014284417,0.32648426096420735
337,5e8ad11b75245caf2d158eacf369b011ef262795,0.1705581935821101,0.2962566834175959,0.3266296540386975
338,8cb86fd7b454b40c7b822146d5e26c55fdc183ec,0.17157631099689752,0.3005306120030582,0.331454828963615
339,84c63b626c640a2473bd8cd0f8c38270d6ef5d3b,0.1702970655169338,0.29471981688402593,0.32336512743495405
340,249198b3df5fa16da4417501fa8a329043ddd20d,0.17359832697547972,0.3006856156280264,0.3277435816125944
341,8ab709c26db9d10fb9365c8faf05b395822482c0,0.16748430696316063,0.3004070109454915,0.33139758242759854
342,d329a66dbb9710aefd03cce6a8b0f46da51490ca,0.17112199252005666,0.3014969094656408,0.33102698100265115
343,f10a3df5f0b8434bf7c33faf00719c84333e65a0,0.17118568194564432,0.2959908590419218,0.32406426139641553
344,29f0b532988640cf2441b5eeaf57f87296ea111f,0.16968713700771332,0.29509361856617033,0.3249640220310539
345,f6196441b7240c0fa862790efdfb1a62bf557744,0.17118359764572233,0.29776163189671934,0.33161486010067165
346,dcf1614dfc11f9004e408ed8c833980c951c541e,0.16880852496251464,0.2953995349816978,0.325046535464935
347,78d7ab3d0c35cb8aa0cdf449e0db1472e6ad60dc,0.1685192990116775,0.2966040619648993,0.3248814510880038
348,84809accddc771d525319c227d78c0152b1f7874,0.18574585602618754,0.35184084461070597,0.32512261089868844
349,d41b43ebdac8ae6110598649401dfd780194fc3d,0.1670312291244045,0.29446883557830006,0.32390101451892406
350,6ce63913d3533bdf4028ab6bfcf0e1d3a91820ee,0.1680159290554002,0.29697809542994946,0.32601248857099563
351,41e254f96e8d5bd558d2edbf8b198eb4143e8b74,0.1693409049184993,0.2984523760387674,0.3276645540026948
352,66c756ce333dc40120d4dd77b14517c6819cd410,0.1675951654324308,0.2928009700262919,0.321789228124544
353,a7e65a0bfced15f1ebee9c9d4a6b49d6008007a6,0.1692285529570654,0.29292148747481406,0.3258440284989774
354,16692b1a3c241245fabb98741c0e90e630ab3822,0.16928216093219817,0.29796317545697093,0.32710198394488543
355,fc2518ba6b11fc52b0ff477b9e83576be90562d8,0.17088173248339444,0.29729508445598185,0.3256379559170455
356,78593a1059f0a9c04385f97b2c1caa221efefa5f,0.16725164710078388,0.29417732753790915,0.324565939954482
357,fc92666e6331a0b9b7832a3ff0e6dd5b2822a0de,0.16965966892894357,0.294792685424909,0.3235709273722023
358,471a2ceaf3f0b77ca63003b196e8ba8c54283806,0.1713717959355563,0.2952501360559836,0.32396673457697034
359,a699f2879ab3836fe6d1619c518c85956a3075c1,0.16717957856599241,0.29377493786159903,0.3223694850457832
360,ba5205c1b8a7bebdf37535c701ffcd8bd79362bb,0.1706567209912464,0.2977290879935026,0.3256163289770484
361,a597fe9e738768d97c398a869fd188860b3047b2,0.16742785251699388,0.2968846133444458,0.32456895092036575
362,daffccfa95251024a814139a622feb367e7c74c0,0.16850636946037412,0.2961168020265177,0.32718705758452415
363,da0d66baff4731e13017e7e0802eded966b85664,0.16936491697560996,0.297050301451236,0.3257733329664916
364,c65e5dc7c91bbb257e98e6b61e5e827db49c1552,0.16941540711559355,0.2967212265357375,0.3259273536968976
365,37d2ec8dc68aef30f784eb35cdd64f78dbcd076c,0.1710208544973284,0.29980135592631996,0.32981027755886316
366,3f11db40d80b6ff122f41185b0b93637bdff0e39,0.16696089506149292,0.29094921704381704,0.32107121031731367
367,543655176a05e2f6a54dbbadfb754416f14fb215,0.16708676144480705,0.2943073317874223,0.3242263440042734
368,e4894aef5c93c845081388818a2eb4264c5e1d72,0.16793973208405077,0.29549182555638254,0.3257920176256448
369,c02feb9c70befed4cc078902d28f9df37d9f984f,0.1671601189300418,0.29516547196544707,0.3241680134087801
370,171ea2a856e7b40d0806501613f7361e09f0a2f8,0.1685563346836716,0.29490102687850595,0.3235063520260155
371,b5b417b3d3d988178a844ce6f20457966509b038,0.16762295458465815,0.29581113159656525,0.32555357087403536
372,74ad82c422f53dcf8637970a6f399adb37c1a67a,0.17015152354724705,0.29651602334342897,0.32614034903235734
373,36e017194c32a53cf2965a513243cb3c348095df,0.16736957104876637,0.29313250933773816,0.3224792939145118
374,aa874275d41d924523b718b961515eb8a1665dee,0.1670578084886074,0.29497487959451973,0.3225997530389577
375,27aeb6f71183635e3adcab602118b3d8912e006d,0.16675362503156066,0.2946426367852837,0.3229129852261394
376,4262a9c717a1504d0548d74c3276e296b04a8826,0.16611565742641687,0.29235073924064636,0.3223140819463879
377,671804035cda35211f97f6cf9f80d16152a872fd,0.1692473313305527,0.2947521610185504,0.3250145656056702
378,58cce65ce37a3e68c82878b77c844ce69a489caf,0.16834026179276407,0.29846940422430634,0.32942381012253463
379,ba4e4b6558050e0ef0fa3a312a46d65a5f021c16,0.1682932584080845,0.29308526939712465,0.3218560821842402
380,5a4140d722117afc89869d5772ddd7a67448cfbc,0.20492034358903766,0.32126740366220474,0.38050502352416515
381,076c599f25255d991f59056bd16f80aa72631ffe,0.170736497733742,0.30043056700378656,0.33041590033099055
382,f9e161df7113350b6a0f83d975dbbb5c2fe93ee7,0.16863800096325576,0.29648433485999703,0.3255564400460571
383,470c783b50e82ff43fe3e808071b2f95f8f85f31,0.16830314765684307,0.3009225595742464,0.327692847000435
384,a96b18e3d4d11be31a321999cda4b795ea9eccaa,0.16848455648869276,0.29698555008508265,0.32769176992587745
385,a906c1fa8cb68e937c87bfe63df07073e983338b,0.16986761847510934,0.2992096960078925,0.3285823133774102
386,ce6c68aebab74ce82ef83e1c6983faffe462066d,0.16723121609538794,0.29515546932816505,0.3231800615321845
387,d7d65c9d56ddbda8f48ad4b988aecad03fe3a8c5,0.16889200848527253,0.2944701346568763,0.32424443401396275
388,5c4b58674f80cbc3a29546bba32df7f16e11d68e,0.16870746086351573,0.29365381854586303,0.32201124425046146
389,cbde47818a821ef951ca73e851579ca75d23a82b,0.1686894081067294,0.2951337075792253,0.3265125995967537
390,84d84293bec9d17548097b41fa273aee44285f5d,0.1682473635300994,0.29511711187660694,0.3259659497998655
391,7bb4697b2ec2425bfb41410079841854b2abdd18,0.16718409839086235,0.2943486231379211,0.32317484822124243
392,8b901c7f33b7dd76e04df53203c19e1afd80dce7,0.16633858205750585,0.29368117125704885,0.3215244999155402
393,a0e136b0e0f21b241e97f0ed47f56f131d69f913,0.1674493569880724,0.2963328221812844,0.3258252195082605
394,55ecf648d68f3fb9691fbe0f9c1d5e6168cc5cec,0.17103901458904147,0.2973159078974277,0.32711267145350575
395,1b212bda1c2833467177eb0d62c6de6c224c6a80,0.16944281314499676,0.297621967503801,0.32857110095210373
396,bdd4e2e29c4b011cf455a72f85c92010656d2722,0.1710137645713985,0.2985641385894269,0.3293900010176003
397,c25557e0a9b2d80950a8501062fc337913a3549f,0.17107372777536511,0.29898390895687044,0.32921691751107574
398,266f40a00c04bf502093778c99a0cc06eda1865b,0.1665817352477461,0.29470998304896057,0.32399154687300324
399,211d5c193113f3e49e18422bd9926db9fb07f78b,0.16940439748577774,0.2969808247871697,0.3248198439832777
400,64b64cddba55312b3f49686ba7aaf72760166b29,0.16920139058493078,0.2970572058111429,0.3268765336833894
401,fb314a390851d4c21f3f6a2a87cffd329219c524,0.16808286448940635,0.29498926596716046,0.3216410130262375
402,9ec27a3f5b81e6a7e808836410c9b6a73204c27e,0.1671621948480606,0.2956620086915791,0.3226752986665815
403,489de42a9585615ca9962a83882896069357ab97,0.16812310460954905,0.29498939984478056,0.32659548590891063
404,924cbe4dadcabd337a6d8b0ef6efa3091a3ed5fc,0.16795295220799744,0.29383495822548866,0.32399685261771083
405,821a18e55916d0d40227c58ea75f589ea3d9f078,0.16796776349656284,0.29458254063501954,0.3269944000057876
406,abce2a0604a4db5d8072a0b1478c7af439882ed7,0.1671358069870621,0.29014632827602327,0.31906742905266583
407,a5d021a1b6f439a19812926bc4d796ef5f346c44,0.16686384775675833,0.29236508696340024,0.3209041175432503
408,f1671076c80bd972421751f2d48186ee9ac808aa,0.1674786729272455,0.2926057248841971,0.32405179226770997
409,9439b56f8762b8c9b48d2f9e54dfb467aaa2b3f9,0.1701753030065447,0.29249013937078416,0.32269200892187655
410,4abd2a845d0723732f26dd9bbba34d076cb7321d,0.17248482583090663,0.2967058774083853,0.32554475613869727
411,c8a5ff07e5bda47eab870671634b107da5ab7934,0.1685656493064016,0.29233779036439955,0.32199400500394404
412,267621f07a902eceffc179fa01f984f3e2d4bdcd,0.1723203407600522,0.29635840142145753,0.32856641453690827
413,581eab37b5d558ba9b8035f3fa82cfa617e70e26,0.16978311957791448,0.2991987259592861,0.32845692546106875
414,6f822d20fe5d0596e2b284d3e246e38cb7cea7fc,0.1707908632233739,0.2944525529164821,0.32531062490306795
415,a60d5e8d7652641b861587f1fc8efa3cf2081bb5,0.1703489231877029,0.2911257320083678,0.32160272588953376
416,9e2d66a110090ee7416f4686593fdf9142ce6cbc,0.1690535326488316,0.29420742439106107,0.32459941576234996
417,d3ec3cb274fdb1a7d25cf7ee4bf2c94a8aeab281,0.17121070646680892,0.29372472292743623,0.32378601119853556
418,5451fcb06d5ae7cd3f4a9a02314d6e574bd4c83c,0.17083834647201002,0.29265747708268464,0.3219656615983695
419,ee60cc9164e5a20b98ee6722e25b0df41e411675,0.16884759347885847,0.29532421310432255,0.32456127740442753
420,f1c4ba3e97cbf5c494f29531b35da6144cac5aec,0.17210624809376895,0.29473204957321286,0.32481924956664443
421,8f8603dd18c9c70191fd75d98793dc94c8ac30fa,0.16843264503404498,0.2958369175903499,0.3247399760875851
422,d647ef2d98852e322d487d6045d5860223dcda79,0.16756446030922234,0.29445336502976716,0.3225591180380434
423,e73c8e5479297f235b37fba91d6d0e8464be66a6,0.16892730328254402,0.29134769504889846,0.3194393904414028
424,ad30b31af0bb3fbfdc0f11486807edc76cec2680,0.16809723107144237,0.2913804124109447,0.3210236974991858
425,073316d25d24b7cb4ffc09fc705448b0e17dc2dc,0.1691455610562116,0.29025666206143796,0.3192663884256035
426,e0d27e381889cc30ac0d5ab906146b7c2794ecc7,0.16710998839698732,0.2955466259736568,0.32388248690404
427,fdec5a5d3dcd7fdf46886a162147d073546537cb,0.16724142292514443,0.29620718443766236,0.3245453559793532
428,d0928f871ccb42484c7e03c456ce489dea908313,0.16578774503432214,0.29170304723083973,0.3189190183766186
429,0ac02d3819157a9c64b78157428336200632cff8,0.17258508619852364,0.29571913555264473,0.3242388269864023
430,68ebc2bad1ad6a99e9939eff205a1a6d936cf4fd,0.16890223347581923,0.29727065842598677,0.3277103011496365
431,02d66ecd80a1851c3b206f4d778687b38c9d2c36,0.16711269598454237,0.2936740955337882,0.3217668137513101
432,0c384dad6a0a7bfc9842e92253c5f02b810b8bbd,0.1691880717407912,0.2940176490228623,0.32314259512349963
433,19bc8bbe37044b9f23d80bb282758071d0d8bf15,0.1698502895887941,0.29443077626638114,0.3245322785805911
434,f1206ddb24d35781328266b2b02fa27e6fbb9846,0.1651994539424777,0.2910717520862818,0.31997612095437944
435,a89f3ebaec7441f4ba5e30eb07206c2a7269778e,0.16631438676267862,0.29289311775937676,0.32301783841103315
436,9eabe2f87dbe087e878983bdd69edd8a9084c358,0.1704199064988643,0.297060678480193,0.32938531460240483
437,5345c2575a28fa2dfbbec83c99636669476c2745,0.16880620014853776,0.29394404753111303,0.3228190033696592
438,ccb971d169e75c35ae0360e0949f31d2c0c49107,0.16771677508950233,0.29553928365930915,0.3248204088304192
439,cb98ad400c701f189d4e4043ee2cb44857733df4,0.17176606110297143,0.30171175859868526,0.3274900624528527
440,a0350ed099d1265dd86627280b03ea7070920092,0.1699666145723313,0.3010410931892693,0.3320896988734603
441,9e85b3701f80a5e48ca5e7fc5281af2aba591870,0.16886134957894683,0.29540744656696916,0.32627058983780444
442,f3ff68e5fe874f9626fcbe85000549083f4f222a,0.16670506028458476,0.29284680588170886,0.32156042684800923
443,56315089b048160d7c013f257ebf7ea9fea70d91,0.16678800131194293,0.29103844286873937,0.320144550409168
444,8d225d918ed052a259331722b4eaf66d54a212d3,0.16817007795907557,0.2969395015388727,0.32178937131538987
445,ea7f5ebbda0016438dc1b80c98ea3de8dfec7ca9,0.16847193241119385,0.2942092288285494,0.3238845260348171
446,b26c86f65f2217578665998db3f3512bca613167,0.1690976950339973,0.29646766441874206,0.3247717416379601
447,a0be9d0615f10e5a1098466a58e18a215ff427a6,0.16710631106980145,0.29332918114960194,0.32322919298894703
448,0991b083bb0ee8bbd767deadbe237994397e79c5,0.166230397997424,0.2903896502684802,0.3193354979157448
449,da1621637b7c59c155ec29466fb5f810ebd902ac,0.1668393451254815,0.2930459452327341,0.32126391492784023
450,1fb7047b0ceba98d43b50ebb398be899ff8f6a1c,0.16563487309031188,0.29247692739591,0.3221896265167743
451,95a6774007d1d7898c7da40d9989e9f1dd1b0f40,0.16731221764348447,0.2917060609906912,0.32001663208939135
452,02883d85b5d3f68c12cb1df75f96e0fed741d4a4,0.16779259499162436,0.29445958137512207,0.32375767501071095
453,8245b392a344a1ae0db6e569ab68b368ad8883c1,0.1700733790639788,0.2951500779017806,0.32396746380254626
454,cdf83879fd0d050cade0fe7852550fcbcc177648,0.173959172796458,0.29584730323404074,0.3254416906274855
455,b3f7132e0bf378eaf21af9194f447036b66c70b9,0.17434248141944408,0.298096353886649,0.32940760953351855
456,240f7c9d95e60d14cf3f09decc3e61a451d78bf8,0.17338915215805173,0.2954259063117206,0.32434889301657677
457,eb22fe8f82b8c7b0561b25614cb0863b71b4427a,0.17150947824120522,0.2976531912572682,0.32596712559461594
458,a69ce0652b27b55d680a9d6def2a05c4376653c9,0.17374609038233757,0.29631614219397306,0.327555141877383
459,e8c78e09ab38b80b586108dfb4151cbe70c7a694,0.17301203310489655,0.2974689435213804,0.32658412121236324
460,f253a7e39204142e3cf82d6beeef1ce22f5500cd,0.1745122279971838,0.29800816206261516,0.3273452357389033
461,2f156d8e3eb4f57067209fa4499eaeed8551c4ae,0.16681805532425642,0.29179175291210413,0.321229605935514
462,69555f52b2e2c5032cf70d40d9f9b8ec9a048500,0.1685940627939999,0.29229274205863476,0.31936340453103185
463,209499058705258d60194f7d06890a6825778d6a,0.17012399341911077,0.2963647432625294,0.32568062050268054
464,5390a021ca3842e237d75e328bd47fb334e647f6,0.16922231717035174,0.2898844415321946,0.3179155685938895
465,be8ab91f789c3b688d707940016b4c2d262913e9,0.17100912984460592,0.29139816388487816,0.3209844990633428
466,6d4895cc9fe614cf3164891b1f502453312f64ca,0.16833087895065546,0.29479758022353053,0.32520009158179164
467,0b9dcb2edef710bb35f1d5f8848fb5ba97990f7a,0.16818124614655972,0.2935469141229987,0.3234297609888017
468,dba16cd9f155c858bdddb530cab9971bf9af75fc,0.16880979482084513,0.2935667377896607,0.32033433113247156
469,ab37e1b29214bbfbe1fed28db68661160ca4acb6,0.16895352210849524,0.29213307425379753,0.32242915173992515
470,a41d513df0bc100e36973d634b95ba86f710a508,0.16885432414710522,0.2904580067843199,0.3195310514420271
471,a87ee593c3f5da5dcb42a8033ecbab0f0c9b7903,0.1701308712363243,0.29389086458832026,0.3232133015990257
472,942add94ed3bbe479c2e6f5ca8e2a8a6d4ca4831,0.16813487512990832,0.29289607983082533,0.32311406545341015
473,3cf4c289067b6df2ddf019eed3c9f73946d960a2,0.1681887791492045,0.293156994972378,0.3212874415330589
474,6e3be61d6113e63a1d1be54e6c8341760ded5842,0.16766593838110566,0.2937144823372364,0.323787753470242
475,9298eeb4f6c73ca1259f627860abe98b63f89da4,0.17051986046135426,0.29569144966080785,0.32625897135585546
476,4771e3f30f53c33dd9e27eb9dcbe2b938a38e9ae,0.16801368445158005,0.2940008947625756,0.3246225113980472
477,4317dadcf0758a287d3a0a2902d6064913b49b0f,0.1707143159583211,0.2956272573210299,0.3238751785829663
478,e641d8b35484d786f399e8cd9349b2a6c09269d1,0.16749266255646944,0.29414713522419333,0.3223165166564286
479,2ccfd794011ece560ba4bbeca6f9171176428a77,0.1701305373571813,0.29657934745773673,0.3272293680347502
480,245525514ed55258521ed0cfb2a1b00bad85aadb,0.1678596087731421,0.2929234467446804,0.3240140210837126
481,d0be29809a4c526d30afdb998bd6d0110b657dad,0.16833997797220945,0.29383768048137426,0.324471321888268
482,c3cd5414426b0e61c331671a69a58103dabacf5b,0.1679206839762628,0.29446885036304593,0.32244808692485094
483,f7268a392b55430e968f67c51ed71799d4b02c2c,0.16722555737942457,0.2911854721605778,0.32006964925676584
484,777894c478153272a8a5ff37f3199c6e2800e5d4,0.16613636119291186,0.28992113610729575,0.31745569594204426
485,190dab07e0b88abafab2b6687d53a0c55b7a5b59,0.16756935277953744,0.2891975976526737,0.31684828689321876
486,5925773e51fc427ba5d5dca9e72f5e28a6e7ade5,0.16726221004500985,0.2942767087370157,0.3217036467976868
487,ded4fa6a0246e963a9fe2066c882d81981be906b,0.1689188303425908,0.2918219701386988,0.3187630381435156
488,7abe543492fe1741cecf574885dcf0bba36f7057,0.1674140552058816,0.2910777856595814,0.3194706947542727
489,3e8a54175b5b39700ddff4729f9764a5f789a445,0.167314856313169,0.2886306308209896,0.31964523158967495
490,084c1dc7524016a59248b811270e8e4d210b7c1d,0.16684213653206825,0.28993292851373553,0.3191142091527581
491,d1add332f833a52baa69bba7f8d378e9dec37343,0.16928161308169365,0.293835723772645,0.32309441501274705
492,8bcf6bc30f33a6a36aea0eee2c72f06516b4b6bb,0.17075495095923543,0.29887532629072666,0.32592655485495925
493,1c8efa16b296258e059a334e27e68428cf3cb48b,0.16891586128622293,0.29113773023709655,0.3206733404658735
494,2c2291136aca50b58cd7c09b29a25490c89c9b8a,0.170002861879766,0.2938539478927851,0.32456242153421044
495,996e6419e44668a6daa28f58efcc0d2c07b3a9da,0.168135242536664,0.2913678060285747,0.32025273190811276
496,86fcce61c9cddbc354ba67b2f818670f5822c688,0.1686484720557928,0.2944664089009166,0.3274798672646284
497,90177d698c61b9550e1e3033dd041e91f8e3c6c4,0.16808507917448878,0.29159143567085266,0.31893671536818147
498,18a6e3e505ee416ddfc617f3e9afdff5a031c2c2,0.16966239409521222,0.2723027328029275,0.3024340500123799
499,c43b2bfb15281e170cc5006829ebc559bd1915e3,0.16876147268339992,0.2715167892165482,0.2988182632252574
500,58da484abf6f466a9e8bf55c188cb5b501d31ceb,0.17074455181136727,0.27422131737694144,0.30296827759593725
