,hash,dtype-<class 'numpy.float32'>,dtype-<class 'numpy.float64'>
0,b0a6e5583f2952a040c45d0d50f5e93372dc175b,0.005856576142832637,0.012056285981088877
1,94b36b557ce7d88bbfe4091c59aa376764b7047d,0.005352348554879427,0.010805909056216478
2,ce6d3ffc991c63c1a91fd806b4eb3d0008caace2,0.005525807850062847,0.010930458083748817
3,aab7993af0f6f3b9ac0d76952933b19163d65496,0.005479138111695647,0.010854006744921207
4,b94c2b01ff7ef5b8dc44726512cfa232e9054882,0.005891888635233045,0.010915426071733236
5,f737b354e6ab2aef8b4c05bca0011de46a4b53b0,0.0058006860781461,0.011700373142957687
6,bbd5a7750fbed42a4aaf12f196282a9504a1e865,0.00536210834980011,0.010796910151839256
7,66f1b8a5411e8265ed87ff7bf97c67960af2624d,0.005337191512808204,0.01086660660803318
8,d9347181d825d9426e783cfeafee304735bd25aa,0.005689078709110618,0.011782002169638872
9,fc159a547f091d1d6f75db470a0b8e9b2e7acea6,0.005856428295373917,0.011836618650704622
10,857125603f3cf72e2078ed2effd0f6ce40f0ca28,0.005581336794421077,0.010816453956067562
11,847119387dedec1ce7a85c1c0f29bcf86bc0348d,0.005408748751506209,0.010937342420220375
12,deb4be85025088553d80d6637dbc17d7f8101f41,0.005327009130269289,0.010846775956451893
13,0c06b0b8593d947c5d63b72b6d84ecf83ae5da5b,0.0053414886351674795,0.010901066474616528
14,c003e6ef6e421d23b5bf98f01df20f1350f61ea1,0.0054392938036471605,0.010789891239255667
15,a0c5f64f4f1a7f6ee80dc9b95aa813df28a87d72,0.005382513394579291,0.01082180580124259
16,c53c89f0d8572086dd13cbe1c3c98a4e73b41d09,0.005375070730224252,0.011214297730475664
17,767744c86e1e4a27bf77f90a85f17e564c9b94ea,0.00536037003621459,0.010793308261781931
18,e657629bbc2bfb880a1b2fa24a39c5921c1f965e,0.005422926973551512,0.010957408230751753
19,3d0c041ca162d69cc5bbb4d9d051eca7933f12bd,0.0053727158810943365,0.010837239678949118
20,ce140e8d5c28f1f057db1102cf78263e48f86d61,0.00533086177892983,0.010779041331261396
21,c18ab2c3975c8fa8b59724fe6855c528d72fef8c,0.005335555877536535,0.010839931201189756
22,3d2205dfd1d28fb8106e60223cf7207a3c05dbab,0.005338761257007718,0.010757190641015768
23,c3fd79150bc183e8852f1330ea6e8cb4ca7ce7bc,0.005396924447268248,0.011069078464061022
24,71555c48be7f07833bd540dacb50deb8069b551f,0.0054561428260058165,0.01079191081225872
25,5324067c702a41e901354a01a5f0d05ff49b6cb4,0.005370933096855879,0.011029183398932219
26,20cb312563b2e7c0b180db8dffbcd71d7dfd0bee,0.0055168671533465385,0.011003598105162382
27,45ee22fa2fdd2bace756ed62685a346da91c4cb2,0.0055072789546102285,0.011025790590792894
28,798aee26bdb9dcc0e806ca9271f0f98297188dec,0.005503844004124403,0.011405859142541885
29,1c50f244d4d1eba4f3f63e93a05a2b2f938685a4,0.005455060629174113,0.01086961105465889
30,fca7a15f30776ebce9e6814eb927e837f567a518,0.0054111413192003965,0.01097360160201788
31,26311ed7bf80e02c827189e80084602d72e4f284,0.005385039607062936,0.010846388060599566
32,b5e01bcb668da0413170a886c258e00d2540e752,0.005391443846747279,0.010870597790926695
33,ab30683fe1277a7fd471be63975a02ed8d766f94,0.005421120207756758,0.010759828612208366
34,3c89e2f913406f55b6e998017c1149e3ba383bcc,0.0053406215738505125,0.010972969699651003
35,590f07121dc55e6d9d9ce514887c9bbc253fb266,0.005349381128326058,0.011042565573006868
36,872372bd56ccb5fe98faae8be7d14e4a8c69e037,0.005398329114541411,0.010872342623770237
37,70a84c3192b4f231925e8e36f50d6a26bff3b46d,0.0055560346227139235,0.011034849565476179
38,9d416356baf4a653b2c647a921ae24ba7d39e8df,0.005880488082766533,0.012129798997193575
39,09dd75e9e2139bc9742e6009b7babe41d4c002df,0.005414142739027739,0.010797566268593073
40,85d64e375f53f6028519d3aaad0b421934dcbe24,0.005461377324536443,0.010890900623053312
41,09e04dcbe3d0c836437b2d4745b353b256ec6265,0.005438398569822311,0.010807927697896957
42,cdd7ab252988ff4254705e0a89874edeb5cea8eb,0.00540891126729548,0.010901376139372587
43,06da877ceae914a875bd1a55cd8e271332358803,0.00534564140252769,0.010849274229258299
44,8529dfaaec65248420faffe095bac03c23881735,0.005461215972900391,0.011261377949267626
45,171a3e5811e43643788c20075be9ba52efb83b81,0.005371280945837498,0.010875204112380743
46,5bf9ab98edd254dee1162d6f1863053e040cf828,0.005442909197881818,0.011185985989868641
47,9776a73cee9eaaff6af40e971fa2bb7f8f1086c5,0.005389603320509195,0.01096058590337634
48,37a1ad069a800f5ef98286f25fb3fb632375168d,0.005479584913700819,0.010903356596827507
49,1cb2230bb1bfb9b2544dab798dffeedce64ad39f,0.005412701517343521,0.010947333183139563
50,044f5131450f38cdfbab63d6999b60e7e3bbabe5,0.00547069706954062,0.010907020885497332
51,dc089026b4ad0d2d9ea992c7f1b9b5e716dd82cd,0.00539733562618494,0.010818783193826675
52,53adf81bc503d749b13160a27e49160c5bbe48d7,0.005393296014517546,0.010905468836426735
53,49e00940a82f9590d774539cd188b634c29fc39f,0.005353634478524327,0.010881039313971996
54,7b9b41a4c7dbd7b719d62f343f57f841f5809693,0.005511153722181916,0.011076705530285835
55,ae88e02a48c4744afd22c63be388870037f3c84c,0.0054836326744407415,0.011082300450652838
56,0aeab48b9e914d1dc7041b7e3f3b7e575ffcbbed,0.0053990676533430815,0.011685894802212715
57,c18b3f59b5f5752ab038224fd3bdf2dadba55ecf,0.005541050573810935,0.011002060025930405
58,a5e5e51187d4476841503ce816924ea99936dba0,0.005821893690153956,0.011511280201375484
59,b69cf68a24cffea0a884a102da1797755de8f022,0.00542847067117691,0.011093257460743189
60,ee3e17a7c3e3efdeafe907b394de56aed01a70e0,0.005409820703789592,0.01083339424803853
61,c71ce0e6dbd9ec67b3ac7fb5ac3eb609f8a56829,0.005421285284683108,0.010793609544634819
62,0ce156413feb21a4f2a8eae3b1cd954d04240edd,0.005581794306635857,0.011297894641757011
63,7e3fd81c039b0e22715c4e6eb63439bdf5a620bf,0.0056849513202905655,0.011435062624514103
64,a6b4b2bdd6baf2afde27284097426e93912452e9,0.005370079539716244,0.011016777250915766
65,c8a5ff07e5bda47eab870671634b107da5ab7934,0.00567187718115747,0.010870089754462242
66,fafd123410f1ad5c47341c66d8ea4cf541165e77,0.005488686030730605,0.010482358746230602
67,9765987c2ade250c82bfeaba49d1f9301211d63a,0.005381641676649451,0.010494130197912455
68,dbf37449935bced333a3999afa860aaf304ab1a1,0.005375900771468878,0.010664413683116436
69,e1863f3582e3e8870205f8a9d1ed1cef1bf536b4,0.005584279308095574,0.010636109858751297
70,70f4309a155808d3a60a9a71db2d9482c1ec3ad7,0.00543340016156435,0.010470948182046413
71,bb6b86e2afe88b371badfcefe298945002e47006,0.005412232363596559,0.010721944738179445
72,5c3762157a0cd7a6a036a2144a5fbfc5278a919d,0.00553542235866189,0.010666371323168278
73,9dca4085c724b3e62d54dee33e42ebdba3bb975c,0.005461929482407868,0.01065354497404769
74,4c83c0444c68b89b051f7ef8d8eb1a2276439d78,0.005506599001819268,0.010610975965391845
75,d62b0ee88b20e5946fe49f0ba533b3e547e4d4f1,0.00543382074101828,0.010555048065725714
76,8b15e57718042c75af22a25a7d604fa0f938f16e,0.005321747274138033,0.01050626253709197
77,f8c608cc7a8abcfaea1cd655ddaab47065c5b1e5,0.0053731887601315975,0.010671920026652515
78,7f7d14a2b6e1078af25233bbdbc5d8533529fad8,0.005401871254434809,0.010553400497883558
79,b219f69db011a89e6c514ee487dc437f607c4d94,0.005401640752097592,0.010573915031272918
80,93d3e7c247b66ec54d1095df30e99a95b4af9c72,0.005368247744627297,0.010536337504163384
81,49d62f84df0a82b10b3623024ca66b1f09958072,0.00538892624899745,0.010601317510008812
82,43f80863ba2994a186293d86d516204ef38b0043,0.0054608857608400285,0.010687178582884371
83,2351cf4976b940eda199f9a17a12bd170d9b326e,0.005344298726413399,0.011690711951814592
84,ae7f9a2cb71cccc9d49cd343e238464107397814,0.005445735529065132,0.010612732963636518
85,4403503b501a46e4eeb9f23e010e913ac5bd7a95,0.005447672214359045,0.010575659456662834
86,5f071c67660dd3eedd6eddb39681cd2943166e68,0.005432496080175042,0.010502908495254815
87,cfee2df31bdc127c345894aee594cbcbb8cddd0e,0.005512279050890356,0.010555052547715604
88,e77b53a880edf16808488084c67ef090c69b3258,0.005368495243601501,0.010519194533117115
89,a20eca25e9b492efedafea4b7c5d84692d869f7e,0.005491989722941071,0.010492198984138668
90,cb5507025e470ddf485bdaa115ffff07ffd0076b,0.0053633880452252924,0.010712876566685736
91,0ffaaf8cff4855f4127ae6025ec271bfe9c8666f,0.0055275195045396686,0.010599644971080124
92,509b5ae4a7bb3c99324fd302ead1bbf4b130c741,0.0053998405346646905,0.010588103905320168
93,3dca0c71d1446f4730c2b72d67719467a5ce528e,0.005391262762714177,0.010483179008588195
94,4e61c8958beaac5a276cabe30f98721ec50734b8,0.005333854292985052,0.010452863993123174
95,08edcad74d32d89f6b60cab43d61e58773e2e761,0.005403235263656825,0.010743719525635242
96,4a4ca3946510a5f6d888d48d185d3b5d3532d03c,0.005457330262288451,0.011087477440014482
97,0dfbc057a58f4992843b78847115225019e9d573,0.0054030740284360945,0.01058730052318424
98,c2313555d7d202e732872e9a55d717d368004aa1,0.005410793994087726,0.010483169578947127
99,a64510672cfe7a6cc67a04b8f3bf1d47a938c353,0.005453838966786861,0.010503588011488318
100,5d24993c2def9e3a368e29ee64a0d29f110d1657,0.005373888008762151,0.010608254466205835
101,360ba0572483457837992d711a0a00580741fc88,0.005435717524960637,0.01053036202210933
102,5da4a8e1835a11d5a03b715e9c0afe3bb96c883b,0.005363263771869242,0.01045701396651566
103,2884e617b2d93010707525071c4308c3356fb8cc,0.005309680476784706,0.010529037332162261
104,8fee756d8c9d2f5fe211fd9feb999c0da8a89821,0.0057577003026381135,0.011343673570081592
105,b88b2c0c19851810d4ee07f03a7734b6e19dbdaa,0.005440251552499831,0.010584646137431264
106,ab24dc6130d834fda0744c193f002b3a5f671a90,0.005504280445165932,0.01050066133029759
107,e0ffe3572b37190d9da5b1d07057e4e038bd3197,0.005323523771949112,0.010442302329465747
108,950c6340164ef502c032d11f50130e4bd270c875,0.005510024377144873,0.010577751556411386
109,097888c917d75fa85788ce7b4edaa98b2bdc6ad1,0.005398020031861961,0.011019708588719368
110,1713503b4117550152ca47feee651e67275f3557,0.005701332236640155,0.010763363912701607
111,269f2f2d30a2c6ef3c435386aa392b5b1715c662,0.005480914725922048,0.010575759690254927
112,a0f9f503f2dbc9492e7cc20b52623993ced6214a,0.005428585689514875,0.0106229935772717
113,f09166e85cea7c1639fbb1054171699394ecb62d,0.005414614686742425,0.010633590398356318
114,94b347e867759325d8586ad3d1c3e01c590d83c1,0.005430307355709374,0.010600264184176922
115,c0628451db9c87ff0b11f07e68e3d30a954f1ada,0.005490415380336344,0.010769654298201203
116,98dddf908dcdae90930e09c40bc92135bd4407eb,0.005367643665522337,0.01068569184280932
117,918ed48eeffaf26b6ebc0d9a1296d756a349bc7d,0.005348784849047661,0.010506427846848965
118,520b7d12256fcfcb6a2b3791f8d1bd3794302af6,0.005413198843598366,0.010548433754593134
119,7571d4ad2ca1be26a76c153431c937dbe24490bc,0.005369770689867437,0.010493375128135085
120,e38a64fd8d78d838f950db685a16337aa78f9940,0.0053484514355659485,0.010530604515224695
121,44f8f9d6a73920eeb04ca577267b68b90cef6e3f,0.0054466776782646775,0.01054621348157525
122,ba77419b101535e8ec14192c35b924b32b6a31bc,0.005478820530697703,0.010543745011091232
123,24a470494ebf452931ae9b7bf94689dfcca1fff0,0.00543723872397095,0.010620892746374011
124,30cc38701d010d1cc053ddb9856b2d522c33c0f3,0.005458761705085635,0.010625086957588792
125,d4ba8edb36eb8f272274d835294533eb00b0e57a,0.0054632098181173205,0.010633204597979784
126,af4b110273346e5969fba04365bc477747529fe2,0.005381231778301299,0.0105179357342422
127,b66d03dfc4958d159c5dc3ddc9075f8bcc47f9c5,0.005770460935309529,0.011373279616236687
128,4635c9966f9f9a1bbb775fafc4096fddee8160dd,0.005375279230065644,0.010528768645599484
129,220ae326b8cc407f3e4fa3c5d243c71a84749605,0.0053546621929854155,0.010582351591438055
130,8d161acfdcaaa5f09efa7c2f675e74631da6b293,0.005517068202607334,0.01064988155849278
131,f4aadabcc0e1968f3b309642af52ef11ae77ca01,0.005595361115410924,0.01070294133387506
132,c2b9d20cd6a8d28785972bd883f11d1a7fc3a8fa,0.005848161759786308,0.011326224775984883
133,8988d371ba3652daf991169750e48b01aa16240c,0.0053734114626422524,0.010457191383466125
134,f1f8455865786829edb1191dcaa8b9a46c036106,0.005447528208605945,0.010541875613853335
135,68b06ce36f7d9201481b73c150e2ccb3b5aa9540,0.005394441308453679,0.010543332202360034
136,d0a457f2d16b64373e689c78d53f835844d5b432,0.0054239240707829595,0.010619577253237367
137,1e4c12dcacca05adc999c8f74608c002f1c2896e,0.005391908925957978,0.010569661622866988
138,76930e7d0c22e227c9ff9249a90a6254c5a6b547,0.005320749012753367,0.010552421677857637
139,c924809ce02135db2349187ca94e5a985840bb96,0.005561900325119495,0.0106359189376235
140,ada944199d09c0e64dbd9282e31ec7e766d847f4,0.005331726628355682,0.010816759429872036
141,d3cffdc67589a8189e5aa490a21bae4228fb3d96,0.005452715209685266,0.010791355976834893
142,c1e3b726c0ea767e38b5cec3966c5b434e62f215,0.005438465275801718,0.010437477147206664
143,33dc7bea24f1ab6c47047b49521e732caeb485d5,0.005421175737865269,0.010512313339859247
144,c310f75c59fb5cfa2fcb58922db5cc78a304d447,0.005397572414949536,0.01058442541398108
145,03692a740083a7ab54cd09a7c564cd1bbbe5c067,0.005346020800061524,0.010612500598654151
146,e1f168276986395fbd6fe3e6305ae82d88b81a12,0.0054598377319052815,0.010651282034814358
147,e481e39350847af034bbab8e1237ef0085714886,0.005564914899878204,0.010535691399127245
148,4ec84c5ee225e43ca27930944f74ccc04df39115,0.005466974573209882,0.01046023890376091
149,8b6717eda19732e93d5d0802f68005b585e7c6b3,0.005390004371292889,0.01052191760390997
150,266a6cfdf47b7065ac2c0ebc660488cdb596cdcb,0.0053511945297941566,0.010554626816883683
151,4950fd10e678faea859fc8d8bd5d7ea9df2007b1,0.005385942640714347,0.01053163455799222
152,92bf2f6d81252f97a7acc69fcc016636b29d1277,0.005381972761824727,0.010761649813503027
153,e538e11d2b0acd93f5ce74fb3c6a0e25a4aa3ef8,0.005444077309221029,0.010471431771293283
154,b1862a3006a354be01b860a1a23f100e6401dd1e,0.0054692840203642845,0.010470968671143055
155,0b311f4f6c5208946f72d022a97c818c58178b52,0.005460617016069591,0.010500728152692318
156,45840adcf20eabc665d2fc17f28bf93e75bdf20a,0.0053882438223809,0.010637991596013308
157,1de46fe2feee9d3c500a83331ac9b75af5aef947,0.005387227749451995,0.010565607575699687
158,643bc75dc8537de3722de745752a1eaa065cf4bd,0.005345616722479463,0.010776056442409754
159,90bcdead2c29f535f4140782610dde10ddd38592,0.00577273266389966,0.011153164552524686
160,7a505741392ee24cb85ee096eec3b3e4a624ac15,0.005411564954556525,0.01062904205173254
161,953757c691b0ffa5c4e0e0f58fd40de6ae983d52,0.0057269708486273885,0.010559306014329195
162,a3c09377e80a37deedc486ec30a7e852b7a8e564,0.005404781550168991,0.01061325496993959
163,905075211bb0bae80cb7f837419180f25a253dd5,0.005364351673051715,0.01051914319396019
164,b01a4732cedf8ffe6def3a877e22dacacc796bd5,0.00538849807344377,0.01050927210599184
165,4d290795d4e8c60053eb789acf173159dc4c1575,0.005554311326704919,0.01052800053730607
166,bffb00600e686d7d321d5b7529390201382c41b7,0.005415975931100547,0.010545027442276478
167,fb5aa9dbadfb216ee75e76ca3c7e3bae204eaa20,0.005333065055310726,0.010566205950453877
168,695eb87f10af2d012937492d4943b59b57cdbfaf,0.005391515442170203,0.010484601836651564
169,b6f8b211d79327948d2c6972a62e0700975d613b,0.005406982498243451,0.01054654479958117
170,26f8b11b6e5529789d8e8f6c677ac02432d84f59,0.0053556953789666295,0.010635954095050693
171,91d9bbebc159ada6cccd0e1fcec1926e26b19c6f,0.005407495540566742,0.010419087717309594
172,9e26d1d2be7a961a16f8fa9ff7820c33b25415e2,0.0053535334300249815,0.01053062453866005
173,78a58c3d5b9b5fb5d7def57bc5b026e539744910,0.005367617821320891,0.010522303637117147
174,ba596df4cc23445a117c3785239a75a3cab6b2f2,0.005370152415707707,0.010494236834347248
175,cfb6a4d88d88307d507a86d1d70cd7d84c611406,0.0053936513140797615,0.010531905572861433
176,f1e479659566ab798bec511c97d32b0ab8b645c9,0.00545764178968966,0.010613675229251385
177,779613108f2d7a138bf20c8e6c82d9f98e2cde74,0.005373337771743536,0.010493183508515358
178,fd1b878b62469cc9cdcb80e66bdec9d2949d8133,0.00543758156709373,0.010967641603201628
179,7a42940e610b77cee2f98eb88aed5e66ef6d8c2a,0.005484307650476694,0.010562785901129246
180,8e956b4f613d1a7332f0a07f53afe0855ca59f83,0.005406789481639862,0.010590253863483667
181,eff302e5e8678fa17fb3d8156d49eb585b0876d9,0.005483992863446474,0.010646729730069637
182,e3722cea8adb7b66084a7edbc6afb978c5521c16,0.005413196282461286,0.010541653260588646
183,1d2eb4b33d115b88681a3225172a5bf8629c6211,0.005339054623618722,0.010542748495936394
184,30114c3b34feef351143fd4676839eaab93af931,0.005468467716127634,0.010575324762612581
185,e4feb7027e397925d220a10dd58b581b87ca1fec,0.005365564022213221,0.010427705477923155
186,de3fcf1473c7a13da1f8f643f6bf33c0c306f73d,0.005400975467637181,0.010465454775840044
187,995ea11dc9fcf746f52c0e942cd1cf1b3a5c1a03,0.005406410666182637,0.010619479697197676
188,23d0c17dec171c2d7c21bb40be773aa809ea2685,0.005447307601571083,0.010534596163779497
189,1342aaa49d9544029f1ff1e56b404adfa1bef468,0.005477876868098974,0.010487576015293598
190,74e135b261e4613963cc50ddb97ac2edbd5936ba,0.005489524221047759,0.0105622923001647
191,812b696bc47cf1fc71719758aba43e4be4f6a512,0.005420326255261898,0.010538915637880564
192,c9f9081fd7156e351f7a30d8e3b75968cc5503c4,0.005394497653469443,0.010583688970655203
193,ebe111e30186fe24473b854db789172c11c67d4c,0.0054010136518627405,0.01060515083372593
194,3fc052fc6e64c6306974d4606551cc9b4711039f,0.00547031732276082,0.010558492969721556
195,8e038f4a930c0c899e599ee58a56391e026a608f,0.005527386208996177,0.01059788279235363
196,b6391657bcbaebf9b917ae2f4472ba9c8e872cba,0.005783802596852183,0.011474330443888903
197,c4693fe6f291ff142f6729ba1d3d6baa1b968b38,0.005409488221630454,0.01067781401798129
198,d7a75e8e8fefc433cf6e5305807d5f3180954273,0.005375870270654559,0.010461183730512857
199,d714c8244011a01dfb6f6f453da132a9b10fd935,0.005333716049790382,0.010744225699454546
200,5b63f260933672b7182daf4fb15ffcd15bae68bf,0.005393421044573188,0.010534513741731644
201,bac54ecb0b815eea2e8116d21aa96e1387793468,0.0054297728929668665,0.010608331765979528
202,80354c5fd729ef3bbcbfc41a661fd0cfb0f4a107,0.005431570811197162,0.010544697754085064
203,b2f29f2751a8c9fcd83bb106d5e020d1901377d6,0.005374351050704718,0.010611116420477629
204,dc3fe03617103814d56941b74f4ebbf9b33cf3b2,0.005375235807150602,0.010534189641475677
205,3095b43db1831d876915bb581078e8d11c9febfb,0.0054269894026219845,0.010601062327623367
206,811f9eea3b105919846760a6eca4edd22cc11c1d,0.005557023687288165,0.010692328680306673
207,f7bc512184a1de3992b0d154e6244a7a0d9a574f,0.0057420076336711645,0.011136448010802269
208,e0af5e076a1bb8f378b73ed622240170d06a16fd,0.0054450929164886475,0.010503741912543774
209,b34df2990805634bed20d41b8e314cd0a796bffe,0.005521042738109827,0.01060993131250143
210,11cba18268c04d43a56cca3635e49fce1e3a759e,0.005351659609004855,0.010488856118172407
211,ab12dc87f4717fc0fdeca314cd32cd5924928595,0.005431315395981073,0.010592926293611526
212,e3f288ed51e292af99368eae2d5725772666d923,0.005425460170954466,0.010389434173703194
213,557ed6af978a2816b1c7c0e785c5cae6b7c92504,0.005516719538718462,0.010828052181750536
214,e393b066cbf09d982c44063e051341dd061a1b82,0.00601667445152998,0.012334153521806002
215,3b39031332a5581ed7b95ea41f66c5f8149cfbbe,0.005358842434361577,0.010526896454393864
216,08d7e1163a70224b448469e072981b7347ed179d,0.005530913593247533,0.011063478887081146
217,85df388d344f4ebd70921dca0bc723770e05a37b,0.005442097084596753,0.010472255758941174
218,073b9b9435b1bcabc0d7641fd7c9d9f5333a578e,0.005351742962375283,0.01058803265914321
219,cd50d88237a95eed03536b18eb1faf60885233ee,0.005372204585000873,0.010565725155174732
220,2e5502ecaab235d9a1b5e4ae341a86714f981355,0.005649937083944678,0.011107638478279114
221,098a3b417dbb3c620e423e29f194585b68882d5e,0.0054031191393733025,0.010549483355134726
222,1c9bd177c44fa9c4914b3e8d6be7aee62a0f601f,0.005437292391434312,0.010531929787248373
223,ce82028409c1147a6df62d8f7437e0a9262ee2b7,0.0056704310700297356,0.011340489611029625
224,caa27a907ed9dc65ace7c1a14954ae6b75b086d8,0.005427635507658124,0.010593241546303034
225,f5f845b7bd0b737740e419826698ab4a9e61564d,0.005700180772691965,0.010997198522090912
226,9c28deb7d838b6e0c171d54bb6a2a8e5498c9a5c,0.005451050354167819,0.010650974232703447
227,7d0430be0712f0a02102c8637da7741eb3b948bb,0.005471802316606045,0.01070816209539771
228,a31071b0b4c8a6f5cb5999b6e04f5ba6057fd546,0.005431664176285267,0.011021086946129799
229,7f6895cd7eaf814d99ca7438857b17d95a21a2a0,0.005410160403698683,0.010499891825020313
230,43c73d4871e78a857470b799e9f481b78e9b1d1d,0.00538772763684392,0.010719990823417902
231,504fd7b2eedb90dd3aa0b326ac8c3120118b5f2d,0.005534108029678464,0.01102236844599247
232,eb66994093be5b57324580cf389b0ec1b41e9e1f,0.005374871427193284,0.010591674130409956
233,8bb6d8245e813d6ee026ac90310d19f3d10edf5d,0.005609615007415414,0.011128975078463554
234,a481a044c8cbd679ca736341056314ffd71d54a4,0.005402765236794949,0.010636365972459316
235,717df4e93234a1a290aa1b472b5c1c4e600009cd,0.005548004060983658,0.010617961641401052
236,610433b03ef720c8bec7dbf7573a6abe4f913031,0.005561726400628686,0.01066537294536829
237,1b8b46b3f2f68f5be8e52e798eb91c2ac5952745,0.005413308506831527,0.010531747713685036
238,31647f1b3e56c2f2a471cd2c3a583311534173f8,0.005364591488614678,0.01055618142709136
239,d4f7d9e215773e979eb43a1e5a3cbb51f96bd09d,0.005487482761964202,0.010557451751083136
240,555b3d8e10745bed72e25e70465ac447009fa8d2,0.005388747900724411,0.011249626521021128
241,72a8368962fd1365d480a88a1c84a1aae243dd6a,0.005408333148807287,0.010463038459420204
242,0f63c5ef0e9789fd18a676a750c43d3d69211324,0.0053764875046908855,0.010597955901175737
243,c4ae3ce646c4dd9a12669b379a40287e3c5955bd,0.005681305658072233,0.011007942724972963
244,444f696f69c98208aab00ecbcec7dfd1689da9fb,0.005424909293651581,0.010594317223876715
245,da887a666ad975ece7fb7465005aa99c0ddef8d2,0.005695604719221592,0.011317954398691654
246,10eeabee267e17c042bd1ff991823b16c85ed563,0.00544071733020246,0.010605891235172749
247,5363cfa7d07641e84fbb5f21a217018c9b55b2fa,0.005370905390009284,0.010996876284480095
248,73fe877ff967f279d470b81ad447b9f3056c1335,0.005460813408717513,0.01051352173089981
249,3dbf5ce5fdbc996e8abb6929a219689cf8c18e69,0.005341770825907588,0.010436506010591984
250,2facd1966c379d20a9b15a62a054ee77f74613bb,0.005444525508210063,0.010453243274241686
251,fde2e536a1c1a1ba90727958f0b6da34fa53db1f,0.005449141142889857,0.010883902199566364
252,49e026df832a691638786774708c8ccece6e41c1,0.005372565472498536,0.010472503956407309
253,e4c78e3c0c06576be6cb12354730018b765c627a,0.005323297111317515,0.010536769405007362
254,09d5b2f8ad8a04eed93b6bc4789c4595bd33c2f2,0.005577664822340012,0.010462293867021799
255,a190258d4e90f2a17a9469e5dd9fb5f4b045aa90,0.005501818144693971,0.010726453736424446
256,d0f19a2d633b12119909b7c9205a8c8932ebbd51,0.005393069237470627,0.01062092324718833
257,e745a19cb0ea9af0fd252a4625ec793130f87414,0.005551175680011511,0.010621112771332264
258,662f973ba58563b268d009e67806aa1150ca1cb2,0.005436020670458674,0.010684050153940916
259,9054ae60ee6989743f3cebfd7faf4f38c0e24756,0.005380293587222695,0.010509633459150791
260,5c7002926ec8ad12785b36024f9da80b7017ad1c,0.005539195379242301,0.010579902213066816
261,bf4ac1f81defc727165da4ae5bfea198c75e82f7,0.005456974264234304,0.010579841677099466
262,59a2c17a7851b4cd88d2631654d5fe5d50f0ba11,0.005328806582838297,0.01066343067213893
263,2908338b19c26c043eab61c2af7bdff96b02b1bc,0.005523056024685502,0.01060613477602601
264,af8e67c4fd368bae710b01f32611b10dfab02b61,0.005419763037934899,0.01057148864492774
265,da54e54cb7dac1c745bc2378769d192eb0dded5b,0.005633326712995768,0.011322109960019588
266,9c63473c30b773dcab7adf699e1bd5dfcbb46e9b,0.0057210964150726795,0.011285762302577496
267,cafda248a5856a6424324929c1708ea8048d89d6,0.005617605056613684,0.011325092986226082
268,a56fe3b1b3fd358329736dee1edb0ad24eadfce6,0.005387608427554369,0.010476187337189913
269,09416c2934a5f592970e1d97c0298924eed009f6,0.005395245039835572,0.010573278646916151
270,efaf210f7128f32e6d3d193f79ccc6b43ff8c006,0.005360416602343321,0.010560654103755951
271,54232c06e1bc9c2ffdea8a3c2f74dd1f6b064878,0.005388343473896384,0.01051731314510107
272,f10da39336097fca740dd1c407939eb9c6c4ca3e,0.00536184455268085,0.010613230988383293
273,72be9ca10b5391fc036c4cd61830e168712b51ea,0.005375118926167488,0.01058016624301672
274,b91f3c00ee113596acd3e508a593187258291f61,0.005379444686695933,0.010550013743340969
275,33273e4ae770cac1ee0cb304ad5a0056bb59ad56,0.005424537695944309,0.010529623832553625
276,bec2b07db5c999721d2d2c10334f3afe78aaadd9,0.00540286093018949,0.010631537064909935
277,bb54de4905b2ff127fc8b907a5c284e0cf9f8d65,0.0054073159117251635,0.010704767424613237
278,2fc0786c175d9dba4526caa425224792d556d116,0.00561643554829061,0.010983364656567574
279,38ca158ad2c8d07bec2d844686eb993e1ba03f38,0.00544020370580256,0.010554700158536434
280,d3653bc6be7a655c2322b2d95f6209626e438171,0.005424193339422345,0.010662226937711239
281,3f04a32ffab73d218ac48f061b7b0d3112b3451c,0.005476618651300669,0.010563235264271498
282,e5875457faf3202c3530f33387341529a2715a7d,0.005468247691169381,0.010648173745721579
283,04b58d3ffbd2c8d30c36ae6ed6366f1069136c43,0.005382233764976263,0.011001695413142443
284,223ccea5ca2323ea011138a0aeecfe1bf2ce63b4,0.00541528663598001,0.010565012227743864
285,bfc7e4347f9b999712768ef7ca8bb3cd0e17dc63,0.005447778617963195,0.01139976317062974
286,e2f946aca446d3690e154e191fd22d7002341e57,0.005379517329856753,0.01031347643584013
287,6a9db2e5941bd0b7552103409141d7b5ee9f0d58,0.005409336183220148,0.010663444176316261
288,d9dee6a6b95c3fea8747e591ef1f44f36445f70c,0.0053965148981660604,0.011204964015632868
289,8e1ca2754ca5bb4fc9613b2c2f8b7ee1db0019e9,0.005368896061554551,0.010570884682238102
290,c90cb814567b4f798e884b773fe96e42d8aa63de,0.005341829964891076,0.010494262911379337
291,af51d6615c37f43b6d842b72a4b02dc14e024f3e,0.00541005446575582,0.010593841318041086
292,11141c45c21c85eea0ff1bd4054e314163b448d6,0.00539483642205596,0.01061880961060524
293,8ef114b9c98ca5a04b67fb072ff4a0f5a06de894,0.005520946346223354,0.010562909301370382
294,6d47dd75103b1cf90403877c091c1b6b1800c3ff,0.005514327436685562,0.010629117488861084
295,fd996225c5f712e7fc4e301c6e698a8a10854dd9,0.005398748908191919,0.010599005967378616
296,11a8f8d7dba0eb7b0bc31f74bec659e2e497abfd,0.005376308690756559,0.010564983356744051
297,2863c52c9d8e28cd33973e97be492e30c6e1e1eb,0.005422316491603851,0.010514292865991592
298,872373b030eb6c181ab7f29c0928ccd8b0f74528,0.0054992507211863995,0.010607932694256306
299,7a4e602a1f9e39ec3662e21a12c35c6df0cf9295,0.005477733910083771,0.010770037304610014
300,b74ee9ff8f0c3be41dfbd1bd5a10f54e67c40f39,0.005444261711090803,0.010614427272230387
301,f42b5a01c8e82dee90d08fd470a16b2fe957fa14,0.00586994388140738,0.011317685712128878
302,b969f8c9a2178bec235d6c47db3e7cd68c5d39c1,0.005381860304623842,0.010515759699046612
303,9772bea95f3d079c2b59107ddd9731602b5edde0,0.005385680589824915,0.010597134940326214
304,c922e983b4048a8710871c9394cc5ad6c4a8be2c,0.005410920362919569,0.010629745200276375
305,5de64de6dbdf89b1bd8828c59393c4239364755a,0.005465426482260227,0.010468419641256332
306,11c2c1e4fcd131154d7aaf8bf25bd779bf67ce35,0.005534070078283548,0.011032834649085999
307,48808e1a6a775283b2d482d65f93390ddeb534af,0.005446775816380978,0.010894261300563812
308,4ed05c3143eacd88a88d73e8e31d64578b7a9bfd,0.005698033142834902,0.011308460496366024
309,aca2d10c79c4d86d60eba1111272679471540f57,0.005435548257082701,0.010747300460934639
310,de8bb00dbf007b65095e858ff2490b8df39b9047,0.005575256887823343,0.010647528804838657
311,f55f5d45518c2f83271330041b982e55dcd6bbf9,0.00553864985704422,0.010676777921617031
312,d5b6b41bcff0bd85e34f1f4afb6130fdec72ec7b,0.005596712231636047,0.010674003511667252
313,f103c9e9d5f4af6b7ed5ee93dfe76bcfc36da0d8,0.005624798592180014,0.010759680531919003
314,2d6c55528956e2f9233364657bc865eb57603514,0.005518476478755474,0.01058240607380867
315,ada2724f71a1ed479fa080f51623f2cc6ba07a46,0.00534902885556221,0.010478949174284935
316,ed222954f9595510257e207e6d289f15f100ace0,0.005396510940045118,0.010547909885644913
317,c03d892ece761aa17f7452d78a21c76afd5c6c8a,0.005470306612551212,0.010723239742219448
318,ac7676930a8ea25502c2856fa364c0cef0913ae3,0.005658692214637995,0.011556805111467838
319,5cf29978851d7ca7f81fc5d8f5b5089d22b535c5,0.005383217707276344,0.010520059615373611
320,fd07632dda668ffcc38985576a6595d33edbf03a,0.005453893449157476,0.010784180834889412
321,b4491833d636344ef295f1609bcf4742c1d94d10,0.005466041155159473,0.01061770785599947
322,80ffa42124541d5a82f5af67375f14efcf548110,0.005442050751298666,0.010507014580070972
323,78cf92c19a7cfe9a07b970a2156d177a9ba627b0,0.005439065396785736,0.010650111362338066
324,6c141d0663e2d0da30cf601c5726cbc44830d15f,0.005421981681138277,0.010529907420277596
325,3efd3af3305698e8e0b0efed2ad653eaf1c35b4e,0.005498718935996294,0.010637662373483181
326,fa2b3b83c106d28ef280f271086d47482f21315d,0.005588586907833815,0.010641747154295444
327,9f12028b9453c17b72b26355fd503e512af96a5d,0.005372981075197458,0.010600311681628227
328,d3763198673ffc1092539041b8bd23134ae22bee,0.005417435895651579,0.010529743507504463
329,0a1bd4ead41b1fdfb53142097b5e08555f280545,0.005542578175663948,0.010741506703197956
330,2f466b31820b6af40c3bc1ca3957682b6f20365a,0.005522618535906076,0.010550579987466335
331,2b7be2005f3d74141f9f8e83be603be0ddbe7046,0.005465890746563673,0.010638119652867317
332,6373ded2ed1403cc3ec40dc5d919b316a1b58e44,0.005511662922799587,0.010762739926576614
333,43598128a0f452f2d016bcdb9f52d2ca8b148b0c,0.005532348528504372,0.010607648640871048
334,61723384df3678b12a19439d1218f50554e1498d,0.005544889252632856,0.010651026852428913
335,32b564ade7ef22439b5f2b9c11aa4c63f0ecd6fd,0.005344553384929895,0.010710326954722404
336,cba30dbc4012f0968e25d4da3b48f3d9d745aa00,0.005471319891512394,0.010724637657403946
337,40dec6d12d70de265e605046675f2e62f6676344,0.005427096504718065,0.010689136572182178
338,b666225ca3e7a7e2d0121554424b0b39d9412c4f,0.005370796658098698,0.01046421192586422
339,8742209a1fbe9f35cdeead79f12e0029d3776992,0.005482726264744997,0.010594123043119907
340,3e2406a51845dbefd696d596fd2e0961b92ed09a,0.005792707204818726,0.011471138335764408
341,95d73525a7e0a42c49cb2bb46e6b701168948e29,0.005495789460837841,0.010594979859888554
342,ce78e8c55b7729e79f87e4e67b85e9d6f03f001a,0.0053957137279212475,0.01070153433829546
343,abe26c2e3e3bce8227af75fbaf7ab7e36a9cd1cb,0.005617286078631878,0.010807971470057964
344,8eff1f6a2fed8d9df52750271f4e07dc4ea5e1bf,0.005388074088841677,0.01049744337797165
345,d7d9d7ba33d6486dff1a8cc1c55ed542e0bfb47e,0.005392409395426512,0.010575346648693085
346,7b085eac10d08c49453541a896297f42f09ddfe7,0.005653300788253546,0.01104834396392107
347,5c15cc3d76d171f07f9809a14a0dffd5ab37e599,0.005418254993855953,0.010551168583333492
348,2bdecde364f133ce94b7f9271a6d34a8fb5cae86,0.005525473039597273,0.010642235167324543
349,3f3e6045d594e28cd1953de9353b9f7cc103386f,0.00545110460370779,0.010502415709197521
350,3823775ca779f5470b46c24d141fd483fee931d5,0.005587005987763405,0.01068902388215065
351,f6a71feac4ac1623c8cd69dea5a560fe1e9af00d,0.005717226769775152,0.011357942596077919
352,0316d19de1f5ba05e8409fda83ffeddf59ffc76d,0.0055399746634066105,0.010664916597306728
353,1900913b4c226e4cb49ab466671ed56bccb3f700,0.0055005550384521484,0.010847429744899273
354,00f6ddb9881a9587c915b3db00fa6e99bd025bf3,0.005370042752474546,0.01057273056358099
355,7b0653cdd0d0a5ddcda061ee2eaf247f6303bc1e,0.005434856750071049,0.0106519665569067
356,26e0003573463d0c5ca6c07289cd5151b4dba3b2,0.005502910818904638,0.010672044940292835
357,6d8956e46026b68a4c2a50f1aab0c4f36a46053d,0.005798841826617718,0.01153132226318121
358,871009f6415a2f588230e2e36bc9dbe751698ee1,0.005346111487597227,0.010746926069259644
359,01c9bfe4f48d23ec2d2db50ffc58d6e5e42cbe93,0.005495740100741386,0.010574339888989925
360,5ca0ef6272ef3eabe2feb4049b7cb05a52516495,0.005729743745177984,0.011450490914285183
361,fc2fe480f42e78c23a1cb1c8088bc1148784e16c,0.005389221478253603,0.01059324387460947
362,e1ec9e868bf03ec4284b9a5fb291418983b3a4fb,0.005384705029428005,0.010420713573694229
363,a5dc2b5b917fc50575e10bbe139a0c78e43a1c1c,0.0054861921817064285,0.010668511502444744
364,7dcd29aaafe1ab8be4be04d3c793e5bcaf17459f,0.005518170073628426,0.010535039007663727
365,7a18e4ac4f0b9f0933a190ac25cd75729bcdd146,0.0057227895595133305,0.011184373870491982
366,17e3ef963a039b8312af119e300a9e68a37e568c,0.005544917192310095,0.01067726593464613
367,67ddfd05d65cb1f106504bb92978cc94bcec8612,0.005424126051366329,0.010595145635306835
368,ba4eab8681a12863269e5159910cbaeb06517ef9,0.005507137160748243,0.010622991248965263
369,9fd5ca55cc8c76759927831f44a98e2c65ea73d1,0.005337242037057877,0.010766398161649704
370,46e984e9f93774570b9d15288f3c24f5e0cae63e,0.005509433802217245,0.010473297908902168
371,002611249a38b45e691219567f7ecee4d1250b4b,0.005586355924606323,0.011220955289900303
372,e9070852051515395e0ae9bbe66f929111d59c41,0.005600244738161564,0.01072501577436924
373,06b995cae91b98778b78e5249129912b5372a959,0.005424783565104008,0.010573373176157475
374,6f65e1fc25f265ff36bdbfb3aa482f65fd84a684,0.005379809066653252,0.010621126741170883
375,dc35f0155a80e8ae1e3f146da9a717888a55f1c0,0.005540624260902405,0.010905712842941284
376,0eb9f54e5e466c8d7a76ae116712b368d045c7e0,0.005373312626034021,0.010532529093325138
377,740a8cf8c103e4e329021802af007295261b0da2,0.00556781655177474,0.010615844279527664
378,02d6e9a4b4bae1eca7896fdba043575ef3aaf038,0.0053309909999370575,0.010520514100790024
379,572d5a1dadb398d0b7d27468230f186f72987b3b,0.005349268205463886,0.010587530210614204
380,b126821abbf14c88f85646b3fa074d3466bf2dbf,0.005501347128301859,0.011045004241168499
381,60d46ea7bb53da9792ee03dc32341d51e4638960,0.0054314336739480495,0.010765008628368378
382,a8f38c5f49f92be3897888d2b02cb734a2f32187,0.005385763943195343,0.010608608834445477
383,30678f57d5f4c68e4a0590fda104b32895a216b8,0.005479489453136921,0.010674884542822838
384,68e4d56eb9b539cccd582de7e7fb09c373d37609,0.005452626384794712,0.010713227093219757
385,6562324781f287cf07a4dc694fddb297e32d7ca8,0.005416012369096279,0.010584942996501923
386,d23d968fef1464407bcb1b28147dcfff133bced4,0.005517912562936544,0.010539909824728966
387,02d508c90a214e0aeaf78b4ad41a578e267dce12,0.005429351702332497,0.010634884238243103
388,eb4317d0a4c94b3f1454dca58c76caed8bbdc7e6,0.005480105057358742,0.010643678717315197
389,10e43ca5882a22de3ef9082ffce82c65c3261b8f,0.005546472035348415,0.011023231782019138
390,028bdf88e6c71a705d0c6bfd55d1117c7f44f6aa,0.005369381047785282,0.010575832799077034
391,9437402f1d60778cd723e6119044ef0510ef17c0,0.005471701268106699,0.010504755191504955
392,579ee2a137b5b4f8dcf70a7a548d6c4194e31257,0.00548110157251358,0.01048760861158371
393,b51b540285d4cf2af69976c1e3b285f7c21b46f7,0.005544613115489483,0.01094349566847086
394,98cb6bc8522b89ef308da40a26fa910fd1a17097,0.005364304408431053,0.01063605211675167
395,2eb2e93ef43618f01258c43f4e7024cb5e3fc173,0.00538146635517478,0.01052762009203434
396,a3881774f72499728ef05d2234ef62cfa3774076,0.00538497744128108,0.010552406311035156
397,c5f7feea27931f62ef31b071e7e10ce28d7baa16,0.005475690588355064,0.010725380852818489
398,a14c41264855e44ebd6187d7541b5b8d59bb32cb,0.005354784894734621,0.010661143809556961
399,d2b969d57ba162f0d19660e895ce94bc59638b72,0.005413221661001444,0.01057569682598114
400,7d3b555ca383a20dcf4618ce3e3d0392ad556b04,0.005332384258508682,0.010557832196354866
401,9a2a786ea3606d06e2372f88badc5802fd7e95b4,0.005453911609947681,0.010750416666269302
402,f9dd21e64584f6e821805daa450b8bc9f8ef3526,0.00539166247472167,0.010498768649995327
403,cefab37bfba72ae062a58be3c7bdbd59c2c4d309,0.00541987968608737,0.010644057765603065
404,1932e4bdc460975d8b35ae8351e037d26e5ee6f8,0.005453822668641806,0.010935534723103046
405,592b71c8cd10ef3cf9bccebb6c3ed0198f105484,0.005362042225897312,0.010716541670262814
406,e5f6012b9d59848d1b76e1b09982cbc67989572b,0.005475838668644428,0.010631758719682693
407,6c79e97d7bac51adb292ce6f7d4d77376f818d52,0.005378058645874262,0.010513868182897568
408,8c671cb7a2e99dbd4146a77c0e88f4d24efc911f,0.00534218642860651,0.010420629754662514
409,0721406ede8b983b8689d8b70556499fc2aea28a,0.005613008048385382,0.010570285841822624
410,6e2e9e678a44650d45f036d4a6c72609a3b8ab20,0.005466659087687731,0.010518175549805164
411,168978df69efecb07943fd8ce3a7c95aab7122cb,0.005342722870409489,0.010486866347491741
412,cb557b79fa0ce467c881830f8e8e042c484ccfaa,0.005447255680337548,0.01061663031578064
413,badbf70324274bdb4299d8c64d3d83a26be2d4c0,0.00549714476801455,0.010559653863310814
414,4c780c2d4b35a54cf45ca7d931efcaca73d0bf24,0.005424718838185072,0.011120610870420933
415,3c91a3e1704c8aa7f1258aa30892040df9d952f4,0.005375533830374479,0.010531570296734571
416,fe3d717080e812383900507168a6bd7093c4e434,0.005460472544655204,0.01066872663795948
417,0cb9f7f7aa8f4255fafb5431dcc595ce183bc376,0.005456563085317612,0.010544307995587587
418,75f852edf94a7293e7982ad516bee314d7187c2d,0.005462504457682371,0.010917284060269594
419,5265343e268264101ec317594b1b97814d8d5875,0.005332648521289229,0.010606082156300545
420,542e35e121988a9a942435da91d407d11a6ff96b,0.0054070912301540375,0.010569998994469643
421,8bcfd67720dadab6cc8562183b3d5b3458a8a91b,0.005372017854824662,0.010807436425238848
422,a914cb7cf691a1e676b55459aed58f793883a1a7,0.005391429644078016,0.010641951113939285
423,e0ceabc087303ce18d38183de9058df23f63df6e,0.005375794135034084,0.010538171976804733
424,1e2aa70c87031d2b4e0a53c0a2153ac4a89d8fe9,0.005442969501018524,0.01057281531393528
425,0fe94ce8a6c4fbe94305e4a4be45fe06e774be29,0.005457757273688912,0.010663634166121483
426,7fe64b4a15daa340ed086b6bab85c1a274e5ea6f,0.005442355526611209,0.01068064197897911
427,53d74a1fc054a5f997007fd851476776599cb6f6,0.0053997952491045,0.010589414276182652
428,4d820990180a54ca7ce22ba698646deee17292f8,0.005429268116131425,0.010657276958227158
429,f079a56b18714bd622f7ca457d14ebe873b67c55,0.005514507880434394,0.011095859110355377
430,7d8fadac32f102f25642b47e82437f4243ca2658,0.005465653026476502,0.01057476457208395
431,80b387c66e4f10faafdb1a21c011c173f77b0942,0.005976625250696088,0.011892476999491919
432,4647bfbb57768efda59160c3beb98cf02badd6c5,0.005852991499523341,0.011457949000032386
433,764662504a233ce218543aae3257dafdaa39e4f0,0.00600683775064681,0.011736580499928095
434,31e153c4b80b03d0ef0670bd9aa9e52745c7e3fc,0.005435948500235099,0.010631365998051479
435,f8a30474faaa135ea1b23ad0184f74a19d8b480e,0.0057239099996877485,0.011314236000544042
436,164682330d70ffe84e706a67955435b76e1cf19d,0.0062827534998177725,0.013254804000098375
437,07685e4386b4dbfbe52a1ecd95bc7fcc397b2411,0.0055458919996453915,0.010551442501309793
438,07272c441ee1a12e260a55b252835ff1e1ca0c50,0.005462502751470311,0.010665893001714721
439,2f0ed6acea1308c89e6c814b1317d96362370703,0.0054676837498846,0.010554227490501944
440,6ff787b93d46cca6d31c370cfd9543ed573a98fc,0.005428019248938654,0.01064512400625972
441,35a793c31faa1d7aeb1fd44cf79407132efcab08,0.0053874295008427,0.010529941995628178
442,755d7c3ec0371c25ff25c3142034f3555ab4fd27,0.005361474250094034,0.010563139512669295
443,45c57078fd599194b49148fb66808f03490ee423,0.005485213012434542,0.010842579999007285
444,6d9e294c47e790067e0b5724afecb4e38a542bd0,0.005440662251203321,0.010897482017753646
445,e69faef03428b82f5651a5fb521610ddea2bd22a,0.0053781494934810326,0.01049722998868674
446,4fcea6deac29276605e58b0a011f7ef6d089f66b,0.005439773492980748,0.010522927972488105
447,d5da698181fe6e920b03cef8a6a20e39c7d40cdf,0.005344939010683447,0.0106375195318833
448,3300c03992d963f9c571975c17ed93f17b090672,0.00548359751701355,0.010490212996955961
449,bdb5cc7b54d19f1f79eba1680a59f6852c6e3614,0.005452831508591771,0.010647739982232451
450,b63e25648f2d7d0c2d56851352740620848da3ae,0.005325627775164321,0.010504809091798961
451,3d83143c2c2f877ee921c4c7c6746d836c459839,0.00545241025974974,0.010941579064819962
452,d785aa39f99720950cd7f9acfe1133494cb5ff58,0.005636781483190134,0.010886446514632553
453,6568c6b022e12ab6d71e7548314009ced6ccabe9,0.0054079347755759954,0.010596838954370469
454,068074f4acab87b0fabf194517b7dfb0f038af5a,0.005438953026896343,0.010588493023533374
455,d78893c1116b3ada9eb1ebbddc17aee69693eb5c,0.0054007772414479405,0.010649588017258793
456,f128be6c671d320c84771e923ddaf6467645216f,0.005407090240623802,0.01064365345519036
457,edb880dd9b3c7241b96ccef34c43bd9f90e4a6e4,0.005539375211810693,0.010504669044166803
458,882f00bd47ceacbbcf34cad5d491be43fee0c99e,0.005361190473195165,0.010651077434886247
459,1d7939e1d26adbedaeec98c8153ea2e37297f520,0.005460299988044426,0.010658985003829002
460,1f95d7914ff23ffeb95767de79c55b4f702e6f2f,0.005750613257987425,0.011243773042224348
461,8dde6f8f4a6180e5a26332733367e3fcdc5aac66,0.0054892504995223135,0.010731819493230432
462,b32b72e3d98d784b98d9c38d4f9905574a60707d,0.00542283253162168,0.010616825020406395
463,df9c973f28fb9c0e713db29285b07b57c622652a,0.0053529902652371675,0.010566422541160136
464,8eaceff8aa2ed313d78b4f84e35b90a24505662d,0.005408782220911235,0.010548352962359786
465,c750d24ef3a9a897fb19d3f0b4910f07f078e302,0.005490561947226524,0.010597549146041274
466,bb71b5fb7b65b662c1fffa3f8120cbfd02e2c164,0.005443199770525098,0.010652073076926172
467,89babbd98fc75399709543f55013ff856280c668,0.005438984022475779,0.010559701942838728
468,202467c653efa89e94cc20feea0ea277cd0a8458,0.0053612765041179955,0.01050751842558384
469,b47c3c1c70644c84dac18de878cd53d1b103595a,0.005411031248513609,0.010552668944001198
470,e14d47ce9fe29884a524322b295b723cf8ee1e08,0.005380525486543775,0.010590402060188353
471,89c80ba606f4346f8df2a31cfcc0e967045a68ed,0.005471159296575934,0.010646914481185377
472,64e62ef69babccb36cb2ee014225c6845b163c0e,0.005503217282239348,0.010633271536789834
473,e02af0b2991171c39bb3013fa83bdbe727cd3cda,0.00547445222036913,0.010629633441567421
474,f3533711c854d05e2d767e3e8373c882d4d9f3ae,0.005406106531154364,0.010590111487545073
475,a4e931f15e87cada0b9bb9ad80378115e72ba7ba,0.005501683277543634,0.01069943595211953
476,93a9ed22b6fb6ecd6c4a10382306b1e5c6d06abc,0.0053901272476650774,0.01073158485814929
477,3fc4b7178d6edfb01dfddad57344330fd930440d,0.005359263683203608,0.010603340459056199
478,785d1eb24ae8690b6b7389f6badbc91f949552a4,0.005391322250943631,0.010746551910415292
479,676a619f2ede19db5f8c8d42f7221a6b10362015,0.005393149680458009,0.010548246442340314
480,f726490c4c83e48fe05e0a80073e9716800a508a,0.0053761007729917765,0.010523178498260677
481,e9fb9335399580aaef1e5fa01e6f7afc79b82792,0.005384027259424329,0.010573579580523074
482,94de9f7007b9264328dfa16dcf60a8c34a2c8ec0,0.005354938039090484,0.010629986063577235
483,8eed39d6562045c650f4c8aeec5319f4bf34402b,0.005627717240713537,0.01048467995133251
484,131b6bf29e20e801368907f71e5d8594a484f742,0.005461066262796521,0.01041109999641776
485,63884710e540d1218ed3713b8998d515abd3c71e,0.005362021969631314,0.010517581016756594
486,d3382a5e7e3c45a2fc9840509de0c8eadc25fa07,0.005354349792469293,0.010502763907425106
487,639f94d164407a311295fa67d3a5363cb718f965,0.0054377332562580705,0.010557364439591765
488,b575bd6928402e9738f439610ec13058f3402f3a,0.005390145175624639,0.010539695504121482
489,4c37b8df70952d9192c528f1988e7285b44fd7ae,0.005367322009988129,0.010502797900699079
490,4bd449439ccce1be0bc43abed15423b46dbdcacb,0.0053995824418962,0.010777124902233481
491,3cec3ae80e626952a6b61a72516713217d99fefe,0.005314035224728286,0.010617512045428157
492,f4353323d0be0c3b3c7d0c752d6c135bc6d36465,0.005477092287037522,0.010628062882460654
493,2a6a8f5a03ca78392aabc9a2d938760285fcee30,0.005458055238705128,0.010627819574438035
494,b797a0cb97a8a9e7e36962dc8c37c075967aa88b,0.0053447975078597665,0.01062600698787719
495,f69c2fae9cc592fe42355b1533bd1a7e32216ace,0.005374091037083417,0.010589648387394845
496,2e5e6f6949af92b3f7abd99e558f1f6ae5be2185,0.0053878145408816636,0.010676725534722209
497,28a05b3a60014f755d72eb86e8a352f6d4476d07,0.0054788829875178635,0.010727519984357059
498,8365e3ac35fe9c0b4cba8bc707dc1910e0c1f387,0.00539717951323837,0.01064175192732364
499,86bae1ae269969a48759257900320c0f0664d37d,0.005378441244829446,0.010508334962651134
500,d61fdc7d4c33d7f2104afde7e32d56af59f9d4f9,0.005365534976590425,0.010806679376401007
501,1078723d2741d3379b65a70ee7aa23d9e7f08457,0.00540475791785866,0.010578640969470143
502,3409bd3f38adc03cdf0096c53e897818517bc286,0.005365559482015669,0.010658308863639832
503,c3d1107b8931313c85947439c406dab98ebfc8ea,0.005369279300794005,0.01052452134899795
504,092905febd53742d2a700322f88b652d6a5fd4fb,0.005363317672163248,0.010518022812902927
505,e58c1a7f0decf7e43afbdeaa755492e665dd5533,0.005488738534040749,0.010649181436747313
506,978bbe7fdb519edf1f28df4982ce13523ef59a4d,0.005547076929360628,0.010761626996099949
507,6e5cdc9d0923558dc66ad878f2e5392d29185754,0.005320000811479986,0.010667277500033379
508,83377c70a3dc49a7f3200c85d9736b346c42760f,0.005425611510872841,0.010531940031796694
509,b908da64dd4fa8dc70932f51202f9701db4cc868,0.005306828999891877,0.010684553999453783
510,2f782a2f1afa1b25ffacb3ca1ffdbbab0abc1504,0.005406725802458823,0.010540921473875642
511,6df71138184f26cd87bb086acb1e6b3dc1be4bbf,0.005386405508033931,0.010537029011175036
512,2a862700bd376800ff4495e572ca4c85c919a218,0.005424909642897546,0.010632777819409966
513,77bc3225e6f4badf83190ec300a0e10e56949644,0.005322691518813372,0.010751965921372175
514,402802d8a16da735017bbefa8621a91f5707beba,0.005395934218540788,0.01060919975861907
515,e12112e7caf72f93e07128f6e7a8a3399f1c6bc9,0.005638791248202324,0.010996252531185746
516,2c1a34daa024398cdf9c6e1fbeff52b4eb280551,0.0053764397744089365,0.0105601130053401
517,4516ee94feef318c72bdd96282d0cac98a10e433,0.005508451256901026,0.010627642972394824
518,6822c098a73f168dfe4400867b0d82f29a7f5e89,0.00538668071385473,0.010463017504662275
519,f25905b5d25a2fca1e23adad11d4597a1e658276,0.005432461970485747,0.010592900682240725
520,41977b24ae011a51f64faa75cb524c7350fdedd9,0.005398124805651605,0.010490674525499344
521,a1ee7968df16a4f57c8e22164d19aa2d14a6cdad,0.0054500161204487085,0.010570231592282653
522,2a9a95d250c91f842b9fdc32cbeaeaced8b5896b,0.005358578986488283,0.010594182414934039
523,b5cdbf0434019e802b5e1a44bee06e67e0beef75,0.005666582030244172,0.011252440046519041
524,672a2ec822bb2d3619096a66b76afc79eea118e6,0.005520863807760179,0.010582741117104888
525,c136cb7f2982554a9ae305aafd81b9f68ac03ec5,0.0053379511227831244,0.010850963415578008
526,481e731368dd47705248b1832ebd70913e99772e,0.0054623044561594725,0.010560039430856705
527,f9408ee13adbe81c7740daa03a52fc73d71e71ba,0.005334049230441451,0.01091514970175922
528,07cbfffec5156f8491c885d4e893fb7b920428b2,0.005528126726858318,0.010572086786851287
529,b3e3567544dc2b41e1bcc89157b977cf12ef2efb,0.00549912266433239,0.010641029570251703
530,d97e31e891e868457d710d53b8ddadb0d473ec8a,0.005355036584660411,0.01055922545492649
531,cc7f1504aaf7b02de09ba87ee91dfe4446d90031,0.005421567126177251,0.01060204510577023
532,de4a75535fa48ab93ae226c70182e411b27daade,0.005623809061944485,0.011063889600336552
533,3aad1490f24f4d39980a72bea0617083aaf508ea,0.005360341165214777,0.010516826994717121
534,99eac42354f9c900bf8897abec6e7c1bd6c9ff6c,0.005650045000948012,0.010965964058414102
535,969ada67c1b9b32b863a9ce77f56689ca7ba3b43,0.005364127340726554,0.010657960083335638
536,2f52098908b00397e425904b89ac89d84e344627,0.005471473792567849,0.010446239029988647
537,261a769dd135c1e4007a6d0bdbed68a8c929497a,0.005390956765040755,0.010422734078019857
538,455f1f3168ab0105d05add646ff63a17b80fdcdc,0.0054515436058864,0.01059710094705224
539,c4e20ec45f0aef437df9bbdc18849d15e9d7e850,0.005413526319898665,0.010499960044398904
540,eeef9d4646103c3b1afd3085f1393f2b3f9575b2,0.005367928999476135,0.010611046571284533
541,38d843e6b526fc5e8a936b77dc8d33750f5735d8,0.0054483996937051415,0.01059713982976973
