,hash,default
0,03164d2d819f9b38e1c684d6d9e128f11867dc3c,1.005419528252977e-05
1,60df9b1eb6375e3decf12ba7506404c46af0469a,1.005419528252977e-05
2,772c80b1ce1db7e30497fcf555ac9af56b0d7fce,1.005419528252977e-05
3,66d357ae3aedcd324a1c607e037adc65d3ae1c02,1.005419528252977e-05
4,cec39effb1739ae0a7690e56d58d3e9432569d5f,1.005419528252977e-05
5,8ae543cb13769a0afa6e176898824db7fd992d27,1.005419528252977e-05
6,c890b10a8ade5df19f97b02a2b10a75f9f6075e9,1.005419528252977e-05
7,c9a83043c0669fd17306843eb21abd236b675537,1.005419528252977e-05
8,4d87d909bab7a7dd4bb570444cf35d98d551668f,1.005419528252977e-05
9,a280f5e5d725de732a906b67172114b263ac3bfa,1.005419528252977e-05
10,c303c9b77afbc7fe6f4049683c3ccaabdebe7be3,1.005419528252977e-05
11,fdfc4807cbe2de71f74053c45ae0de383332c4e1,1.005419528252977e-05
12,537d35c2cf49cae0a496c37564fa282ec80e3695,1.005419528252977e-05
13,1b6831be8dc33308e77f3d3253f5ee777e3bb178,1.005419528252977e-05
14,7ef145115fede2c20df2cfc51ed28fcc9742b696,1.005419528252977e-05
15,175476fec763984573e60485a447978cbcb381c0,1.005419528252977e-05
16,c3c2b689cd4e1ccc24b18e764f105ed0e400ae92,1.005419528252977e-05
17,93240e0d8ea23644a5b7874037e658c54966ff54,1.005419528252977e-05
18,e1f191c46f2eebd6cb892a4bfe14d9dd43a06c4e,1.005419528252977e-05
19,8eedd3e911b7e3f5f35961871ddb8ee1559d4225,1.005419528252977e-05
20,ade91ea2f28284668fbf78971538ac4827d653b8,1.005419528252977e-05
21,b0a6e5583f2952a040c45d0d50f5e93372dc175b,1.005419528252977e-05
22,94b36b557ce7d88bbfe4091c59aa376764b7047d,1.005419528252977e-05
23,ce6d3ffc991c63c1a91fd806b4eb3d0008caace2,1.005419528252977e-05
24,aab7993af0f6f3b9ac0d76952933b19163d65496,1.005419528252977e-05
25,b94c2b01ff7ef5b8dc44726512cfa232e9054882,1.005419528252977e-05
26,f737b354e6ab2aef8b4c05bca0011de46a4b53b0,1.005419528252977e-05
27,bbd5a7750fbed42a4aaf12f196282a9504a1e865,1.005419528252977e-05
28,66f1b8a5411e8265ed87ff7bf97c67960af2624d,1.005419528252977e-05
29,d9347181d825d9426e783cfeafee304735bd25aa,1.005419528252977e-05
30,fc159a547f091d1d6f75db470a0b8e9b2e7acea6,1.005419528252977e-05
31,857125603f3cf72e2078ed2effd0f6ce40f0ca28,1.005419528252977e-05
32,847119387dedec1ce7a85c1c0f29bcf86bc0348d,1.005419528252977e-05
33,deb4be85025088553d80d6637dbc17d7f8101f41,1.005419528252977e-05
34,0c06b0b8593d947c5d63b72b6d84ecf83ae5da5b,1.005419528252977e-05
35,c003e6ef6e421d23b5bf98f01df20f1350f61ea1,1.005419528252977e-05
36,a0c5f64f4f1a7f6ee80dc9b95aa813df28a87d72,1.005419528252977e-05
37,c53c89f0d8572086dd13cbe1c3c98a4e73b41d09,1.005419528252977e-05
38,767744c86e1e4a27bf77f90a85f17e564c9b94ea,1.005419528252977e-05
39,e657629bbc2bfb880a1b2fa24a39c5921c1f965e,1.005419528252977e-05
40,3d0c041ca162d69cc5bbb4d9d051eca7933f12bd,1.005419528252977e-05
41,ce140e8d5c28f1f057db1102cf78263e48f86d61,1.005419528252977e-05
42,c18ab2c3975c8fa8b59724fe6855c528d72fef8c,1.005419528252977e-05
43,3d2205dfd1d28fb8106e60223cf7207a3c05dbab,1.005419528252977e-05
44,c3fd79150bc183e8852f1330ea6e8cb4ca7ce7bc,1.005419528252977e-05
45,71555c48be7f07833bd540dacb50deb8069b551f,1.005419528252977e-05
46,5324067c702a41e901354a01a5f0d05ff49b6cb4,1.005419528252977e-05
47,20cb312563b2e7c0b180db8dffbcd71d7dfd0bee,1.005419528252977e-05
48,45ee22fa2fdd2bace756ed62685a346da91c4cb2,1.005419528252977e-05
49,798aee26bdb9dcc0e806ca9271f0f98297188dec,1.005419528252977e-05
50,1c50f244d4d1eba4f3f63e93a05a2b2f938685a4,1.005419528252977e-05
51,fca7a15f30776ebce9e6814eb927e837f567a518,1.005419528252977e-05
52,26311ed7bf80e02c827189e80084602d72e4f284,1.005419528252977e-05
53,b5e01bcb668da0413170a886c258e00d2540e752,1.005419528252977e-05
54,ab30683fe1277a7fd471be63975a02ed8d766f94,1.005419528252977e-05
55,3c89e2f913406f55b6e998017c1149e3ba383bcc,1.005419528252977e-05
56,590f07121dc55e6d9d9ce514887c9bbc253fb266,1.005419528252977e-05
57,872372bd56ccb5fe98faae8be7d14e4a8c69e037,1.005419528252977e-05
58,70a84c3192b4f231925e8e36f50d6a26bff3b46d,1.005419528252977e-05
59,9d416356baf4a653b2c647a921ae24ba7d39e8df,1.005419528252977e-05
60,09dd75e9e2139bc9742e6009b7babe41d4c002df,1.005419528252977e-05
61,85d64e375f53f6028519d3aaad0b421934dcbe24,1.005419528252977e-05
62,09e04dcbe3d0c836437b2d4745b353b256ec6265,1.005419528252977e-05
63,cdd7ab252988ff4254705e0a89874edeb5cea8eb,1.005419528252977e-05
64,06da877ceae914a875bd1a55cd8e271332358803,1.005419528252977e-05
65,8529dfaaec65248420faffe095bac03c23881735,1.005419528252977e-05
66,171a3e5811e43643788c20075be9ba52efb83b81,1.005419528252977e-05
67,5bf9ab98edd254dee1162d6f1863053e040cf828,1.005419528252977e-05
68,9776a73cee9eaaff6af40e971fa2bb7f8f1086c5,1.005419528252977e-05
69,37a1ad069a800f5ef98286f25fb3fb632375168d,1.005419528252977e-05
70,1cb2230bb1bfb9b2544dab798dffeedce64ad39f,1.005419528252977e-05
71,044f5131450f38cdfbab63d6999b60e7e3bbabe5,1.005419528252977e-05
72,dc089026b4ad0d2d9ea992c7f1b9b5e716dd82cd,1.005419528252977e-05
73,53adf81bc503d749b13160a27e49160c5bbe48d7,1.005419528252977e-05
74,49e00940a82f9590d774539cd188b634c29fc39f,1.005419528252977e-05
75,7b9b41a4c7dbd7b719d62f343f57f841f5809693,1.005419528252977e-05
76,ae88e02a48c4744afd22c63be388870037f3c84c,1.005419528252977e-05
77,0aeab48b9e914d1dc7041b7e3f3b7e575ffcbbed,1.005419528252977e-05
78,c18b3f59b5f5752ab038224fd3bdf2dadba55ecf,1.005419528252977e-05
79,a5e5e51187d4476841503ce816924ea99936dba0,1.005419528252977e-05
80,b1e69da5058846e4fbe538c5641597c49f34f9a2,1.005419528252977e-05
81,388e8197e15403345950edc23ae5fc7a3cb0f644,1.005419528252977e-05
82,9b7e890b014f6ad3b4288246f0565f7afd6eca84,1.005419528252977e-05
83,96727cf007217256700a1d805569a73d2171f1d5,1.005419528252977e-05
84,330435bb3420d798de08f86bf47287e55cf9e516,1.005419528252977e-05
85,dae4f67c797176c66281101be8f3b4d6c424735c,1.005419528252977e-05
86,615b6a5ef4040e5602a21aa2ff528c90d3ec6dd4,1.005419528252977e-05
87,19b66496e248a4e4954a2a43f7100169a355236f,1.005419528252977e-05
88,7b4c8731353586b50756be3b5c6e134211840876,1.005419528252977e-05
89,cef4dc9d91d980c3df816de00154a22e96439fa4,1.005419528252977e-05
90,af0dfce126a1d83cc33b8da9d91bce664f5d5297,1.005419528252977e-05
91,1bc8dfc55c512c569f8f9de360cf49ace5f2cb39,1.005419528252977e-05
92,8bd5dddda46805928bba355a288815831c50c96c,1.005419528252977e-05
93,abdd996ee5a40889ac627445ebfda19bfec326d0,1.005419528252977e-05
94,74afdda39be21af56b8f9ea9abdb1e8f994e5350,1.005419528252977e-05
95,491f41acd2c6a0e7886662a2448b3d245ae432a9,1.005419528252977e-05
96,1f9ab28a9ee5a0cda956da35d0c77a3a4c4bcd55,1.005419528252977e-05
97,0437b83a931c5cc24296deecaa52d825e4d377e1,1.005419528252977e-05
98,2eedaa4cf94cf54bbd4d8428aa39271410f22e9f,1.005419528252977e-05
99,8a1592844f98e26a181ab2c1fc8f2e6fd3647f00,1.005419528252977e-05
100,cd02ddc9c0ea2b7f5f879c0564709eabcec6f1af,1.005419528252977e-05
101,4edd4375472f23c43048e078ba2db1826957f0e7,1.005419528252977e-05
102,60f539b37514a9eb13c1ebfb8a252934f9084d30,1.005419528252977e-05
103,4d2b5850488013319ff8354a1e764a0a2064fe63,1.005419528252977e-05
104,5eff78bb16df99ffe2e9cad86c4ec649893c0646,1.005419528252977e-05
105,df40e550d442e910826e4817d38cebb902f48d77,1.005419528252977e-05
106,760800d2c602b1c4e1a10d3a0ba12944df28cc73,1.005419528252977e-05
107,f1a247f9952085db72c3f8248f8336a0961d825c,1.005419528252977e-05
108,473a68a53028f8a24b88bb9fc08b38dc3b69800e,1.005419528252977e-05
109,3963ed0ea4e7d89174b1e992d84b47c0751f533f,1.005419528252977e-05
110,9b1acd42e8d4cfd476dc97b8d5bfe12b0c229d9d,1.005419528252977e-05
111,de446a536903f906969a1c5860a32ba11078a5ae,1.005419528252977e-05
112,b2545d01be561f7f8bb71c6064ba48de3d3e8dc1,1.005419528252977e-05
113,b6c7048bfd72a999f0cd948a346de94fe13f8123,1.005419528252977e-05
114,670ac4fc50e82f6f162b2dd776de2ef28fac2a4f,1.005419528252977e-05
115,124dc4ebed8b805206e9ec1f25963877011ed93a,1.005419528252977e-05
116,a7adfda540f88d765f10ae8963abe4ae43cbfb34,1.005419528252977e-05
117,ee3e17a7c3e3efdeafe907b394de56aed01a70e0,1.005419528252977e-05
118,3cdc3ffb779733e7d9136ecb66a22bce31021c6b,1.005419528252977e-05
119,40fad321343dd8a28129c668c8037a35e9b33989,1.005419528252977e-05
120,acba24414487e0e171bedbc8d1ae3cfc63f4b2c7,1.005419528252977e-05
121,e6c2765d428bdce57b6d5bf0554d177ab0b45bf5,1.005419528252977e-05
122,7eaac94d183888639422c7b55471613f1d5bce18,1.005419528252977e-05
123,62991d50511f75e58c4c57f40e84de25a8d7e7dd,1.005419528252977e-05
124,94d3302039856667988f82d637f9a35998d19a79,1.005419528252977e-05
125,eb167a3fe540780f397a14817f54a95333fbcc6c,1.005419528252977e-05
126,cea994fac86dbc5af7bee3f15fc5b475a99163fa,1.005419528252977e-05
127,917c6f18ba6691bd29e7e103b65dff75af735faf,1.005419528252977e-05
128,84ddedadaee13fe22cc36a0c67c3cb73e818ee9f,1.005419528252977e-05
129,e180d2aec3fe18bfc5ad1505659a23003929c76e,1.005419528252977e-05
130,2fd9ff8277ad25aa386c3432b6ebc35322879d91,1.005419528252977e-05
131,3296617cc4c0d4a82520caa411050f7c0aeb9aa5,1.005419528252977e-05
132,6894bbc6d396b87464cbc21516d239d5f94f13b7,1.005419528252977e-05
133,d5064d4ab5152c71c4b639fe581cc80b74a103e4,1.005419528252977e-05
134,1b3543cc456c352df8550ae2f0db0a5cfe422f35,1.005419528252977e-05
135,9331e55b0c16d9b8611132a4ce0fd24e52d6e629,1.005419528252977e-05
136,91411eea6306d5b9aabab4b5abf5a16df4c3396b,1.005419528252977e-05
137,459bfb4af46de23e01e215784520aa2b81393dfe,1.005419528252977e-05
138,0c32bb4140215f99b935eae9001eabb10e3c47dc,1.005419528252977e-05
139,901211eddd5e17c8c7c85bc5f791679559d4efb5,1.005419528252977e-05
140,ff4cfe7ecd46ee15fd88297964f6a5cb5423c291,1.005419528252977e-05
141,31ff7f34809c5d1b9c35de8ccea262d8f480bbef,1.005419528252977e-05
142,5db7e2e6f805c180a0f117c6faa204f757b512ca,1.005419528252977e-05
143,2c36dbbd6dd13b449c43dca85493f94022f19f9d,1.005419528252977e-05
144,8087e1de04d011f7ce66bf80dbef4a0599b14f7a,1.005419528252977e-05
145,24192935730d6dbb24e3d11b7f40f309b786c0ad,1.005419528252977e-05
146,105e175a7708a05886d06a24ed2b60bdd6cf329c,1.005419528252977e-05
147,9da90debf54029a50502fd759c8de56f2dc47129,1.005419528252977e-05
148,928425156abfa65a613fac016f86d6a3b6c03768,1.005419528252977e-05
149,5a59087fa5badc20e2cd5264f7cfc6911fc6fb12,1.005419528252977e-05
150,c9bfd4eb68e61c67aa27ed0cb2788f60d11cf354,1.005419528252977e-05
151,2e9169601aff252a661b845399ec61c3e575407f,1.005419528252977e-05
152,59a97520cf0aa68b92a775d809e1cb67d886b50c,1.005419528252977e-05
153,b074b21c326ecaa6b6519fc7dfcf54fa4e4457af,1.005419528252977e-05
154,ef0957302c6383524448cef2cd4cf18c7da18ea8,1.005419528252977e-05
155,5cfc2d3ca06fb6afc95c16db172f710ed6e7eed4,1.005419528252977e-05
156,aba1b4a7864752b005c9f5d1bd58fa02e08ccff4,1.005419528252977e-05
157,32f382c86f384a02eeb87f67fea806e6b9961b5c,1.005419528252977e-05
158,33351f646e0b523139fbba4986eba54a3bfe55a7,1.005419528252977e-05
159,90133e16d02c67206e350ce222d76f938596706f,1.005419528252977e-05
160,26527695f9ee7b7bc3fdd3af67d7e8b068cb1e0b,1.005419528252977e-05
161,5b16107a537c0ebd2e4517c02ecfb9a24f54c827,1.005419528252977e-05
162,cd3b44d5f0915245138d44fdb3ee376601e34716,1.005419528252977e-05
163,f77c5e83c07985aacbddb89525785a3f66ce1b3b,1.005419528252977e-05
164,4f2b219647ae6a7928590be2b709894ae2403274,1.005419528252977e-05
165,c71ce0e6dbd9ec67b3ac7fb5ac3eb609f8a56829,1.005419528252977e-05
166,2fc96a0bc15624d7f1f74750bddffeca46f1e73c,1.005419528252977e-05
167,20f22d849002d80485787adeb8a7340dab159f94,1.005419528252977e-05
168,cdbc935201f3c322a312e8ae8b78d044cbe27bf4,1.005419528252977e-05
169,5134132ae9cc9c3fba1d5420353277cf3d96eb90,1.005419528252977e-05
170,c2dd245047ff2eb80972600163ecac9048d74e1f,1.005419528252977e-05
171,965b41d418e6100c1afae0b6f818a7ef152bc25d,1.005419528252977e-05
172,0b9b176dcef7f14f56dbd543c89e6da6c6b7b2e4,1.005419528252977e-05
173,1be88ff070cce6ac720804e861583682564f7e0d,1.005419528252977e-05
174,bcce3ac27e05ffd10584c3c8c666dade21714d1f,1.005419528252977e-05
175,5b126f882bc90a22f7fe20518f727eafe8238d86,1.005419528252977e-05
176,ad0049026f4afa5d6e8312c1a46b3777be396104,1.005419528252977e-05
177,9ae4a0d1ebc52a556ed13248172e8280ad9fc6bd,1.005419528252977e-05
178,d5010b129e4f3714dcad04eb7115372848fbce36,1.005419528252977e-05
179,b3f41eeafd2708a6b519cf3c7ba3576dfa1cc5b3,1.005419528252977e-05
180,637af579ef5985bd8c267817cf445aca5bb34531,1.005419528252977e-05
181,e1968acbedfb312b47993ac2869a5f544383195b,1.005419528252977e-05
182,974a54058fe52ead24bc54a0015d3e065f78f5e3,1.005419528252977e-05
183,54c2a266780c02852003330f59bf3bf20e36eaa0,1.005419528252977e-05
184,fed47a489e3da26fffb98a6dda32dbc9ba0f63c3,1.005419528252977e-05
185,b03c575834a68f3a8dad5e2974ccee7fa76003ac,1.005419528252977e-05
186,68439794b84836f43ec389be0e702ff64ee76d44,1.005419528252977e-05
187,dfd4c9de8d849363e3d4cda7a0792ed0670165cf,1.005419528252977e-05
188,5ff70eb0fd61a39207d5166479507e1b099cb707,1.005419528252977e-05
189,1c58504eec43f9ba18ac835131fed496fb59772d,1.005419528252977e-05
190,1cb387128f66895b42c19578ccd60c34649de988,1.005419528252977e-05
191,2582c681082e6c2c74d424e255afa8efefa4f899,1.005419528252977e-05
192,43ca3a5bd882dc69bca0fa777113e6821c9f44e0,1.005419528252977e-05
193,22356fc0ec8ca50aeb8f40633f7c7d906a648ab8,1.005419528252977e-05
194,243dc1e90e59daf18b17a6a1ebb705cc7bc66e92,1.005419528252977e-05
195,078ac01a85c4db46e7f148829c2e0d0e0f30c36f,1.005419528252977e-05
196,77c5841b93873bb1d71c38be3e41cf81ede59743,1.005419528252977e-05
197,f0a74b2d4e50a1b4f9d9189c6b2e31b920913a8b,1.005419528252977e-05
198,5d8bcae56a337d21d7bf60d042c7dff32d91b451,1.005419528252977e-05
199,642181c76b11bd1cc87ee7443d3ee215744df0fd,1.005419528252977e-05
200,f01b4e54a4b46a84a5a79b03bd2bd2f21b190f12,1.005419528252977e-05
201,170d1bbf566937452fd9bf14a84a69c9edb43277,1.005419528252977e-05
202,18bfeaf2716001afa8785638a75f90259dbc8aa1,1.005419528252977e-05
203,12f9da5615e6c1e387a9101a8923867343dfaeca,1.005419528252977e-05
204,3310cd0e8f1b36d7da8c1352441b1240be4bedc5,1.005419528252977e-05
205,9ccb42d02f7b3fb2b47854bbd4ab418676e6be42,1.005419528252977e-05
206,ad5d58c29ab4793cd66afa07eed0f77c7ad59dc4,1.005419528252977e-05
207,081c7230546861259bac75a316338b1c00005d5e,1.005419528252977e-05
208,3f6dba405c259a41e91077868f54722ef0a2a325,1.005419528252977e-05
209,2ac14a153ed79377130a38e1425574e97602455e,1.005419528252977e-05
210,8c2112dfb073c069a56d8840a21ac2ee69f920e0,1.005419528252977e-05
211,8626a559680d9d6e681c02e703bcaf3de389fc6d,1.005419528252977e-05
212,caa9b6045cedfaf0a4735bd2be55164549a4ddcf,1.005419528252977e-05
213,c67396b805291e1a880084e701f160b21d2b4b1d,1.005419528252977e-05
214,063b3140ec3792f0420da9f386d8240693213ec9,1.005419528252977e-05
215,569dfcd79aeb2a584e008861e5e29b7b5115d94e,1.005419528252977e-05
216,0f6a3aaa34fe72586f8c66ecc4744fc960d62ae2,1.005419528252977e-05
217,0ce156413feb21a4f2a8eae3b1cd954d04240edd,1.005419528252977e-05
218,e78d0764d414952716ec75e3c44a74359643cffc,1.005419528252977e-05
219,76b711ad87d114f0f7926877adccf14dce04614c,1.005419528252977e-05
220,42228fcb513c08729f822fa6be70e16a7a68067f,1.005419528252977e-05
221,1f3650643f341af8ca5c12529a479d73d3103895,1.005419528252977e-05
222,9005d7df9b644b3b3de55118b7f7ffa026e4284b,1.005419528252977e-05
223,51d1a99a84f5e2183b79dcc04713ffd90cb0caf2,1.005419528252977e-05
224,8f7adad487ebac177964a577f5d263da975d8333,1.005419528252977e-05
225,3ac8f65681e2ee55c8b8bbb25f1d4aacba07d9bc,1.005419528252977e-05
226,e44d0ecad9a8565b5f159c674e2001e725e58bfc,1.005419528252977e-05
227,4b9f7b54219c1a653ca8fa2fb53f96ea54a765d8,1.005419528252977e-05
228,b489287af94b32d6a6d550c6e05f1cf92adf3248,1.005419528252977e-05
229,efa7bad30d92f5f58448e753b3d280d3bea157be,1.005419528252977e-05
230,c6916f44904b46c7c7bdb92ceb5242f3f6e00474,1.005419528252977e-05
231,fc1f196584ff6dd530982febba2322679317c632,1.005419528252977e-05
232,c31ba764540a12843b3caf711b447fe3e08c5a46,1.005419528252977e-05
233,52c9e6f2e3e72081576fc7f629fe3eb0c67b143b,1.005419528252977e-05
234,b38ccec64c502579f48c1fc13d0b34f689171f25,1.005419528252977e-05
235,40d5ce5437db00f6507580651ec5c6dffc161134,1.005419528252977e-05
236,0b516d28e606d97266a95234a8deea268ecc3ec8,1.005419528252977e-05
237,e51992aa22f9868ac4ab09608c5ba98cc93fb590,1.005419528252977e-05
238,73e7d8e82efde0fbed5b888f31bd894d5d7d6936,1.005419528252977e-05
239,11c1e161be588da14a501f54d8a3974bee7a03f3,1.005419528252977e-05
240,1d598997543637b9882d1663117b573210a20583,1.005419528252977e-05
241,99d056fde04538ffacc877cfaea926ab979ea824,1.005419528252977e-05
242,2f790d8768095a7c237794eaff31b8ae4a0411f9,1.005419528252977e-05
243,9eb7560e77c43af561f5242cf30df6b1d7442e83,1.005419528252977e-05
244,8dfaa4a5e0ca329e16a853d5982ea5af5d044b47,1.005419528252977e-05
245,482625dd29b4f3f3c43a731611063286f8bffb73,1.005419528252977e-05
246,dc854841806549086812aeeaa6d5c2e98799a4be,1.005419528252977e-05
247,cf7b712691a960cbcd6a744350c83a95f8d0154e,1.005419528252977e-05
248,b57c5349442d11f7f72aacec299e2c6740ec0a32,1.005419528252977e-05
249,630f094b99afa8c693652066a3fb8918b9f3e142,1.005419528252977e-05
250,897431cc9207af9cbc34ce6295dd44256aad5db0,1.005419528252977e-05
251,e800a3e08a1cc4cff200e5b837d5e027cc55c82a,1.005419528252977e-05
252,517f53dc91164f4249de9dbaf31be65df02ffde7,1.005419528252977e-05
253,96c21f037679c0766142fa8dc3fb143b5927439f,1.005419528252977e-05
254,bcb036a58aac566d4050b163a0f6b77e09c40123,1.005419528252977e-05
255,6d6df47fefdc503fbcffd8cb14a5daaa956ef220,1.005419528252977e-05
256,6ee49178517088966e63c2aedf6a8a5779ad5384,1.005419528252977e-05
257,59984a3596e00e088b10c58f02856e8088fcd4df,1.005419528252977e-05
258,619422b493eaf88c42373af1725ac0aa2297fa91,1.005419528252977e-05
259,017f717934274e481f1304d3c2f52bfaa193e7f2,1.005419528252977e-05
260,f80584a48ca9bcb2ff451a017bee2479ad78aa28,1.005419528252977e-05
261,651bb25d6b409b9031c40cf33f991d24f350edd3,1.005419528252977e-05
262,a695a9f240922790c8062b3349fe07812eabd251,1.005419528252977e-05
263,87964f1c5738492b152e80f7e38010c69214e5ae,1.005419528252977e-05
264,389f56c80c9d940d79fe4136b7a99f8d29aef8d8,1.005419528252977e-05
265,20f10762fc20a29923b6943235c2577b8e3ac9f3,1.005419528252977e-05
266,cc7038fb59f8dbe8ff08cae4723aca38169a5a59,1.005419528252977e-05
267,05595e9afdb11b664898a5eacaec6c7d1e284cf9,1.005419528252977e-05
268,92b880f64024c0694c69a6397568ce758102f9d8,1.005419528252977e-05
269,7e3fd81c039b0e22715c4e6eb63439bdf5a620bf,1.005419528252977e-05
270,e67737e2e63e36161c8f80715c0a347e46a06d91,1.005419528252977e-05
271,d13a4f06ea84da112d5069b3fde148e307e7f94c,1.005419528252977e-05
272,4cd98714b665b389833f1d8b4b1d2df9e12685ad,1.005419528252977e-05
273,909d6b8fabe2f0fcdeba6927e4506f19aae52f2e,1.005419528252977e-05
274,44e26f24621ce86ed6b24bfba4a04e82319d7bf0,1.005419528252977e-05
275,4753652c605833e2398d7e46b754a71729a54713,1.005419528252977e-05
276,92bda60074d0afcc3d29a0131037f11b350a99d7,1.005419528252977e-05
277,6f8d7fd467b69229c0a7ed3662966573e8b3d85c,1.005419528252977e-05
278,ae6ba5d215451273990f2826f2cf28f091d71446,1.005419528252977e-05
279,4200221ea22bf6c49a4038908aca75b2b07af0fe,1.005419528252977e-05
280,100e7b8459858805bc66af122445495fb840bdca,1.005419528252977e-05
281,6c9ecdf2847d03d04f5111d6df427a29fbb36319,1.005419528252977e-05
282,22724bac3465e6f699313cb6301722cddc6351b3,1.005419528252977e-05
283,7309a004dc0f206f7dfc8d355711a2d8d7c9c62c,1.005419528252977e-05
284,2ded173ae40ef8368e93367a02fc7db0b02cd34c,1.005419528252977e-05
285,14c3c183aa6b8bf504e8b763a3ce0c8ddd0ef6b6,1.005419528252977e-05
286,58dbafac8dec98557fb99e7884a970e2ed9a9973,1.005419528252977e-05
287,ad5ad8a3e6a3e8533c5c5ec6e40bd90fa4d733c5,1.005419528252977e-05
288,30bf46c0538266ade0ac0e1a18486a226196b738,1.005419528252977e-05
289,b022f204f697e8ef6c719fc8e84bcf5dad8ba6c3,1.005419528252977e-05
290,deb794394108dd27f27a5a2781bf3b5131ffff65,1.005419528252977e-05
291,1a5462651bbf61adcf1816f2253eeca2b26ca162,1.005419528252977e-05
292,e525a8f83f84fadc3f80d3be3b497066022d108b,1.005419528252977e-05
293,13080b05787e1379cc30e18840ce704475b56179,1.005419528252977e-05
294,9babf6596876be7be02e823688a2b359756e27f3,1.005419528252977e-05
295,86721b1a6f3cb941365b8dd785691d56e5fe2c22,1.005419528252977e-05
296,ecf407ec846324cabaa0afd4bcfbe90899c94da1,1.005419528252977e-05
297,666b17976e1ee7bb2079259831ccba41d37cf078,1.005419528252977e-05
298,2f3b82638a24204a13c9b16a3a36a59f199df41d,1.005419528252977e-05
299,8931a70dbe29e0964cffbbf7637464229688c833,1.005419528252977e-05
300,872c6b7de255059a580de414d0030f86471193b1,1.005419528252977e-05
301,d3e64fcf2b1c97d75bae731107cf01d6c0e37caa,1.005419528252977e-05
302,e66453568b685dee47d6e6e634b3a47edffcaeed,1.005419528252977e-05
303,ae821835fdb8732aa2bb4ff10f45fb7981fb92ff,1.005419528252977e-05
304,9ff05dc5d5afd4e801f1acf27b33ca2ed74c48f8,1.005419528252977e-05
305,ba9f93d8ad9763ef9867bac5761a40fa4770aa82,1.005419528252977e-05
306,bb402268b0fdc403b05a38a20b7bc324759b41f1,1.005419528252977e-05
307,c6e27fb0188d77e86fa30c8bb3fcce8f1b398202,1.005419528252977e-05
308,84a4c4b03a43c915151193685588f80759f2ea44,1.005419528252977e-05
309,7f836a9aca57de7fcae188b66ee1d8b60c6fc7b1,1.005419528252977e-05
310,e4a8977758f56d4e1b5efc6117e515490b278b46,1.005419528252977e-05
311,5d683506587aad4acf689db4145f41a6d6f6ca52,1.005419528252977e-05
312,94df9336010b9515cbad0d9754edf1ec94d54f27,1.005419528252977e-05
313,823c59c659832c0a9b95829dbc5ebe7f5c81e1d2,1.005419528252977e-05
314,beb031d64b42f4643d1ba5186c091fb1328ac8c9,1.005419528252977e-05
315,5294c82afa7d5f20152ee5b0d1406a909b735307,1.005419528252977e-05
316,1327a530ea88b83cac8591a402a61bd9a00ecd0a,1.005419528252977e-05
317,56f444a0c50d949bf9eba653bb91346fdb8f1069,1.005419528252977e-05
318,5f7114ca823736e3f55176cf6a3fbeb77efe0279,1.005419528252977e-05
319,3d99ec9df4d90656286d0482f0f50af886616a96,1.005419528252977e-05
320,59e8fc601bf38c94bf1ee0a7153a7ee385133e4b,1.005419528252977e-05
321,a813a5feb53cef3b22d60599ec330cc945f1b85c,1.005419528252977e-05
322,8b81727c50fd7dcb99e4644e8d76f2eaedc4d066,1.005419528252977e-05
323,bb63a1a49bf1fe766ceab3237e0003aef5f19854,1.005419528252977e-05
324,50ce0fce70cac779919d97578381a9d762f42594,1.005419528252977e-05
325,3ba84d2fedf30aba7d47f81e36bbf265745c4e1c,1.005419528252977e-05
326,892a3fa83ca8ef2db9d896efb482f88ad21d6b5b,1.005419528252977e-05
327,411fa9ba04f904f3038175fc05722adb545fe954,1.005419528252977e-05
328,125b0c82053c42c43d1b4b36c6184ae71c75c548,1.005419528252977e-05
329,bd8be5417632c019dbc1d36400052805f95a372c,1.005419528252977e-05
330,b58bbb72ae0e24d7e03fd18f6f3fbdfe95481f8e,1.005419528252977e-05
331,4f88a0267a3a4992aacde45df7719fdef713bedc,1.005419528252977e-05
332,a6b4b2bdd6baf2afde27284097426e93912452e9,1.005419528252977e-05
333,fe610388a1f25c8d8ad80fbedd8117d91fdce9db,1.005419528252977e-05
334,32ae22722fc1f665a90d16b110c219b1c24c857e,1.005419528252977e-05
335,0eb532de60c9caaaa568ea294e7e1427265b6552,1.005419528252977e-05
336,19efe2199845d1ba5464795eed89a347c70d22d8,1.005419528252977e-05
337,5e8ad11b75245caf2d158eacf369b011ef262795,1.005419528252977e-05
338,8cb86fd7b454b40c7b822146d5e26c55fdc183ec,1.005419528252977e-05
339,84c63b626c640a2473bd8cd0f8c38270d6ef5d3b,1.005419528252977e-05
340,249198b3df5fa16da4417501fa8a329043ddd20d,1.005419528252977e-05
341,8ab709c26db9d10fb9365c8faf05b395822482c0,1.005419528252977e-05
342,d329a66dbb9710aefd03cce6a8b0f46da51490ca,1.005419528252977e-05
343,f10a3df5f0b8434bf7c33faf00719c84333e65a0,1.005419528252977e-05
344,29f0b532988640cf2441b5eeaf57f87296ea111f,1.005419528252977e-05
345,f6196441b7240c0fa862790efdfb1a62bf557744,1.005419528252977e-05
346,dcf1614dfc11f9004e408ed8c833980c951c541e,1.005419528252977e-05
347,78d7ab3d0c35cb8aa0cdf449e0db1472e6ad60dc,1.005419528252977e-05
348,84809accddc771d525319c227d78c0152b1f7874,1.005419528252977e-05
349,d41b43ebdac8ae6110598649401dfd780194fc3d,1.005419528252977e-05
350,6ce63913d3533bdf4028ab6bfcf0e1d3a91820ee,1.005419528252977e-05
351,41e254f96e8d5bd558d2edbf8b198eb4143e8b74,1.005419528252977e-05
352,66c756ce333dc40120d4dd77b14517c6819cd410,1.005419528252977e-05
353,a7e65a0bfced15f1ebee9c9d4a6b49d6008007a6,1.005419528252977e-05
354,16692b1a3c241245fabb98741c0e90e630ab3822,1.005419528252977e-05
355,fc2518ba6b11fc52b0ff477b9e83576be90562d8,1.005419528252977e-05
356,78593a1059f0a9c04385f97b2c1caa221efefa5f,1.005419528252977e-05
357,fc92666e6331a0b9b7832a3ff0e6dd5b2822a0de,1.005419528252977e-05
358,471a2ceaf3f0b77ca63003b196e8ba8c54283806,1.005419528252977e-05
359,a699f2879ab3836fe6d1619c518c85956a3075c1,1.005419528252977e-05
360,ba5205c1b8a7bebdf37535c701ffcd8bd79362bb,1.005419528252977e-05
361,a597fe9e738768d97c398a869fd188860b3047b2,1.005419528252977e-05
362,daffccfa95251024a814139a622feb367e7c74c0,1.005419528252977e-05
363,da0d66baff4731e13017e7e0802eded966b85664,1.005419528252977e-05
364,c65e5dc7c91bbb257e98e6b61e5e827db49c1552,1.005419528252977e-05
365,37d2ec8dc68aef30f784eb35cdd64f78dbcd076c,1.005419528252977e-05
366,3f11db40d80b6ff122f41185b0b93637bdff0e39,1.005419528252977e-05
367,543655176a05e2f6a54dbbadfb754416f14fb215,1.005419528252977e-05
368,e4894aef5c93c845081388818a2eb4264c5e1d72,1.005419528252977e-05
369,c02feb9c70befed4cc078902d28f9df37d9f984f,1.005419528252977e-05
370,171ea2a856e7b40d0806501613f7361e09f0a2f8,1.005419528252977e-05
371,b5b417b3d3d988178a844ce6f20457966509b038,1.005419528252977e-05
372,74ad82c422f53dcf8637970a6f399adb37c1a67a,1.005419528252977e-05
373,36e017194c32a53cf2965a513243cb3c348095df,1.005419528252977e-05
374,aa874275d41d924523b718b961515eb8a1665dee,1.005419528252977e-05
375,27aeb6f71183635e3adcab602118b3d8912e006d,1.005419528252977e-05
376,4262a9c717a1504d0548d74c3276e296b04a8826,1.005419528252977e-05
377,671804035cda35211f97f6cf9f80d16152a872fd,1.005419528252977e-05
378,58cce65ce37a3e68c82878b77c844ce69a489caf,1.005419528252977e-05
379,ba4e4b6558050e0ef0fa3a312a46d65a5f021c16,1.005419528252977e-05
380,5a4140d722117afc89869d5772ddd7a67448cfbc,1.005419528252977e-05
381,076c599f25255d991f59056bd16f80aa72631ffe,1.005419528252977e-05
382,f9e161df7113350b6a0f83d975dbbb5c2fe93ee7,1.005419528252977e-05
383,470c783b50e82ff43fe3e808071b2f95f8f85f31,1.005419528252977e-05
384,a96b18e3d4d11be31a321999cda4b795ea9eccaa,1.005419528252977e-05
385,a906c1fa8cb68e937c87bfe63df07073e983338b,1.005419528252977e-05
386,ce6c68aebab74ce82ef83e1c6983faffe462066d,1.005419528252977e-05
387,d7d65c9d56ddbda8f48ad4b988aecad03fe3a8c5,1.005419528252977e-05
388,5c4b58674f80cbc3a29546bba32df7f16e11d68e,1.005419528252977e-05
389,cbde47818a821ef951ca73e851579ca75d23a82b,1.005419528252977e-05
390,84d84293bec9d17548097b41fa273aee44285f5d,1.005419528252977e-05
391,7bb4697b2ec2425bfb41410079841854b2abdd18,1.005419528252977e-05
392,8b901c7f33b7dd76e04df53203c19e1afd80dce7,1.005419528252977e-05
393,a0e136b0e0f21b241e97f0ed47f56f131d69f913,1.005419528252977e-05
394,55ecf648d68f3fb9691fbe0f9c1d5e6168cc5cec,1.005419528252977e-05
395,1b212bda1c2833467177eb0d62c6de6c224c6a80,1.005419528252977e-05
396,bdd4e2e29c4b011cf455a72f85c92010656d2722,1.005419528252977e-05
397,c25557e0a9b2d80950a8501062fc337913a3549f,1.005419528252977e-05
398,266f40a00c04bf502093778c99a0cc06eda1865b,1.005419528252977e-05
399,211d5c193113f3e49e18422bd9926db9fb07f78b,1.005419528252977e-05
400,64b64cddba55312b3f49686ba7aaf72760166b29,1.005419528252977e-05
401,fb314a390851d4c21f3f6a2a87cffd329219c524,1.005419528252977e-05
402,9ec27a3f5b81e6a7e808836410c9b6a73204c27e,1.005419528252977e-05
403,489de42a9585615ca9962a83882896069357ab97,1.005419528252977e-05
404,924cbe4dadcabd337a6d8b0ef6efa3091a3ed5fc,1.005419528252977e-05
405,821a18e55916d0d40227c58ea75f589ea3d9f078,1.005419528252977e-05
406,abce2a0604a4db5d8072a0b1478c7af439882ed7,1.005419528252977e-05
407,a5d021a1b6f439a19812926bc4d796ef5f346c44,1.005419528252977e-05
408,f1671076c80bd972421751f2d48186ee9ac808aa,1.005419528252977e-05
409,9439b56f8762b8c9b48d2f9e54dfb467aaa2b3f9,1.005419528252977e-05
410,4abd2a845d0723732f26dd9bbba34d076cb7321d,1.005419528252977e-05
411,c8a5ff07e5bda47eab870671634b107da5ab7934,1.005419528252977e-05
412,267621f07a902eceffc179fa01f984f3e2d4bdcd,1.005419528252977e-05
413,581eab37b5d558ba9b8035f3fa82cfa617e70e26,1.005419528252977e-05
414,6f822d20fe5d0596e2b284d3e246e38cb7cea7fc,1.005419528252977e-05
415,a60d5e8d7652641b861587f1fc8efa3cf2081bb5,1.005419528252977e-05
416,9e2d66a110090ee7416f4686593fdf9142ce6cbc,1.005419528252977e-05
417,d3ec3cb274fdb1a7d25cf7ee4bf2c94a8aeab281,1.005419528252977e-05
418,5451fcb06d5ae7cd3f4a9a02314d6e574bd4c83c,1.005419528252977e-05
419,ee60cc9164e5a20b98ee6722e25b0df41e411675,1.005419528252977e-05
420,f1c4ba3e97cbf5c494f29531b35da6144cac5aec,1.005419528252977e-05
421,8f8603dd18c9c70191fd75d98793dc94c8ac30fa,1.005419528252977e-05
422,d647ef2d98852e322d487d6045d5860223dcda79,1.005419528252977e-05
423,e73c8e5479297f235b37fba91d6d0e8464be66a6,1.005419528252977e-05
424,ad30b31af0bb3fbfdc0f11486807edc76cec2680,1.005419528252977e-05
425,073316d25d24b7cb4ffc09fc705448b0e17dc2dc,1.005419528252977e-05
426,e0d27e381889cc30ac0d5ab906146b7c2794ecc7,1.005419528252977e-05
427,fdec5a5d3dcd7fdf46886a162147d073546537cb,1.005419528252977e-05
428,d0928f871ccb42484c7e03c456ce489dea908313,1.005419528252977e-05
429,0ac02d3819157a9c64b78157428336200632cff8,1.005419528252977e-05
430,68ebc2bad1ad6a99e9939eff205a1a6d936cf4fd,1.005419528252977e-05
431,02d66ecd80a1851c3b206f4d778687b38c9d2c36,1.005419528252977e-05
432,0c384dad6a0a7bfc9842e92253c5f02b810b8bbd,1.005419528252977e-05
433,19bc8bbe37044b9f23d80bb282758071d0d8bf15,1.005419528252977e-05
434,f1206ddb24d35781328266b2b02fa27e6fbb9846,1.005419528252977e-05
435,a89f3ebaec7441f4ba5e30eb07206c2a7269778e,1.005419528252977e-05
436,9eabe2f87dbe087e878983bdd69edd8a9084c358,1.005419528252977e-05
437,5345c2575a28fa2dfbbec83c99636669476c2745,1.005419528252977e-05
438,ccb971d169e75c35ae0360e0949f31d2c0c49107,1.005419528252977e-05
439,cb98ad400c701f189d4e4043ee2cb44857733df4,1.005419528252977e-05
440,a0350ed099d1265dd86627280b03ea7070920092,1.005419528252977e-05
441,9e85b3701f80a5e48ca5e7fc5281af2aba591870,1.005419528252977e-05
442,f3ff68e5fe874f9626fcbe85000549083f4f222a,1.005419528252977e-05
443,56315089b048160d7c013f257ebf7ea9fea70d91,1.005419528252977e-05
444,8d225d918ed052a259331722b4eaf66d54a212d3,1.005419528252977e-05
445,ea7f5ebbda0016438dc1b80c98ea3de8dfec7ca9,1.005419528252977e-05
446,b26c86f65f2217578665998db3f3512bca613167,1.005419528252977e-05
447,a0be9d0615f10e5a1098466a58e18a215ff427a6,1.005419528252977e-05
448,0991b083bb0ee8bbd767deadbe237994397e79c5,1.005419528252977e-05
449,da1621637b7c59c155ec29466fb5f810ebd902ac,1.005419528252977e-05
450,1fb7047b0ceba98d43b50ebb398be899ff8f6a1c,1.005419528252977e-05
451,95a6774007d1d7898c7da40d9989e9f1dd1b0f40,1.005419528252977e-05
452,02883d85b5d3f68c12cb1df75f96e0fed741d4a4,1.005419528252977e-05
453,8245b392a344a1ae0db6e569ab68b368ad8883c1,1.005419528252977e-05
454,cdf83879fd0d050cade0fe7852550fcbcc177648,1.005419528252977e-05
455,b3f7132e0bf378eaf21af9194f447036b66c70b9,1.005419528252977e-05
456,240f7c9d95e60d14cf3f09decc3e61a451d78bf8,1.005419528252977e-05
457,eb22fe8f82b8c7b0561b25614cb0863b71b4427a,1.005419528252977e-05
458,a69ce0652b27b55d680a9d6def2a05c4376653c9,1.005419528252977e-05
459,e8c78e09ab38b80b586108dfb4151cbe70c7a694,1.005419528252977e-05
460,f253a7e39204142e3cf82d6beeef1ce22f5500cd,1.005419528252977e-05
461,2f156d8e3eb4f57067209fa4499eaeed8551c4ae,1.005419528252977e-05
462,69555f52b2e2c5032cf70d40d9f9b8ec9a048500,1.005419528252977e-05
463,209499058705258d60194f7d06890a6825778d6a,1.005419528252977e-05
464,5390a021ca3842e237d75e328bd47fb334e647f6,1.005419528252977e-05
465,be8ab91f789c3b688d707940016b4c2d262913e9,1.005419528252977e-05
466,6d4895cc9fe614cf3164891b1f502453312f64ca,1.005419528252977e-05
467,0b9dcb2edef710bb35f1d5f8848fb5ba97990f7a,1.005419528252977e-05
468,dba16cd9f155c858bdddb530cab9971bf9af75fc,1.005419528252977e-05
469,ab37e1b29214bbfbe1fed28db68661160ca4acb6,1.005419528252977e-05
470,a41d513df0bc100e36973d634b95ba86f710a508,1.005419528252977e-05
471,a87ee593c3f5da5dcb42a8033ecbab0f0c9b7903,1.005419528252977e-05
472,942add94ed3bbe479c2e6f5ca8e2a8a6d4ca4831,1.005419528252977e-05
473,3cf4c289067b6df2ddf019eed3c9f73946d960a2,1.005419528252977e-05
474,6e3be61d6113e63a1d1be54e6c8341760ded5842,1.005419528252977e-05
475,9298eeb4f6c73ca1259f627860abe98b63f89da4,1.005419528252977e-05
476,4771e3f30f53c33dd9e27eb9dcbe2b938a38e9ae,1.005419528252977e-05
477,4317dadcf0758a287d3a0a2902d6064913b49b0f,1.005419528252977e-05
478,e641d8b35484d786f399e8cd9349b2a6c09269d1,1.005419528252977e-05
479,2ccfd794011ece560ba4bbeca6f9171176428a77,1.005419528252977e-05
480,245525514ed55258521ed0cfb2a1b00bad85aadb,1.005419528252977e-05
481,d0be29809a4c526d30afdb998bd6d0110b657dad,1.005419528252977e-05
482,c3cd5414426b0e61c331671a69a58103dabacf5b,1.005419528252977e-05
483,f7268a392b55430e968f67c51ed71799d4b02c2c,1.005419528252977e-05
484,777894c478153272a8a5ff37f3199c6e2800e5d4,1.005419528252977e-05
485,190dab07e0b88abafab2b6687d53a0c55b7a5b59,1.005419528252977e-05
486,5925773e51fc427ba5d5dca9e72f5e28a6e7ade5,1.005419528252977e-05
487,ded4fa6a0246e963a9fe2066c882d81981be906b,1.005419528252977e-05
488,7abe543492fe1741cecf574885dcf0bba36f7057,1.005419528252977e-05
489,3e8a54175b5b39700ddff4729f9764a5f789a445,1.005419528252977e-05
490,084c1dc7524016a59248b811270e8e4d210b7c1d,1.005419528252977e-05
491,d1add332f833a52baa69bba7f8d378e9dec37343,1.005419528252977e-05
492,8bcf6bc30f33a6a36aea0eee2c72f06516b4b6bb,1.005419528252977e-05
493,1c8efa16b296258e059a334e27e68428cf3cb48b,1.005419528252977e-05
494,2c2291136aca50b58cd7c09b29a25490c89c9b8a,1.005419528252977e-05
495,996e6419e44668a6daa28f58efcc0d2c07b3a9da,1.005419528252977e-05
496,86fcce61c9cddbc354ba67b2f818670f5822c688,1.005419528252977e-05
497,90177d698c61b9550e1e3033dd041e91f8e3c6c4,1.005419528252977e-05
498,18a6e3e505ee416ddfc617f3e9afdff5a031c2c2,1.005419528252977e-05
499,c43b2bfb15281e170cc5006829ebc559bd1915e3,1.005419528252977e-05
500,58da484abf6f466a9e8bf55c188cb5b501d31ceb,1.005419528252977e-05
