,hash,num_lines-20,num_lines-200,num_lines-2000,num_lines-20000
0,aab7993af0f6f3b9ac0d76952933b19163d65496,0.001267735700821504,0.010584641946479678,0.10344552085734904,1.0428538608830422
1,b94c2b01ff7ef5b8dc44726512cfa232e9054882,0.0012780925608240068,0.0105724036693573,0.10329055739566684,1.0419538705609739
2,f737b354e6ab2aef8b4c05bca0011de46a4b53b0,0.0012885905453003943,0.010705855442211032,0.10457016853615642,1.0539061578456312
3,bbd5a7750fbed42a4aaf12f196282a9504a1e865,0.00127705920021981,0.01060838159173727,0.10345284454524517,1.0479189662728459
4,66f1b8a5411e8265ed87ff7bf97c67960af2624d,0.0012599167207048999,0.01060751941986382,0.10288732359185815,1.035853358451277
5,d9347181d825d9426e783cfeafee304735bd25aa,0.0011846328982048565,0.009711925289593637,0.09538708114996552,0.9615827479865402
6,fc159a547f091d1d6f75db470a0b8e9b2e7acea6,0.0011724783883740504,0.009668976766988635,0.0946928383782506,0.9517396029550582
7,857125603f3cf72e2078ed2effd0f6ce40f0ca28,0.001202015775359339,0.009837781894020736,0.09680655342526734,0.9716352506075054
8,847119387dedec1ce7a85c1c0f29bcf86bc0348d,0.0011831382289528847,0.009631751105189323,0.09464298561215401,0.9506021444685757
9,deb4be85025088553d80d6637dbc17d7f8101f41,0.0011819861570580138,0.009582118480466306,0.09480215748772025,0.9449613916222006
10,0c06b0b8593d947c5d63b72b6d84ecf83ae5da5b,0.0011962625560247237,0.00984035839792341,0.09657765529118478,0.9778208765201271
11,c003e6ef6e421d23b5bf98f01df20f1350f61ea1,0.0011743171813173425,0.009636702598072588,0.09484463068656623,0.9624478209298104
12,a0c5f64f4f1a7f6ee80dc9b95aa813df28a87d72,0.0011695504654198885,0.0096401252085343,0.09426433895714581,0.947512369370088
13,c53c89f0d8572086dd13cbe1c3c98a4e73b41d09,0.0011722675990313292,0.00956588622648269,0.09368433523923159,0.9488215208984911
14,767744c86e1e4a27bf77f90a85f17e564c9b94ea,0.0012010559957060549,0.00985033845063299,0.09632398094981909,0.974124715430662
15,e657629bbc2bfb880a1b2fa24a39c5921c1f965e,0.0011674427789532477,0.0096370984101668,0.0941501201596111,0.9481803900562227
16,3d0c041ca162d69cc5bbb4d9d051eca7933f12bd,0.0012619027919653389,0.010442990809679031,0.10245151934213936,1.0260212337598205
17,ce140e8d5c28f1f057db1102cf78263e48f86d61,0.0011571768619534043,0.008722985978238285,0.08468402363359928,0.8592598792165518
18,c18ab2c3975c8fa8b59724fe6855c528d72fef8c,0.0011563004356705481,0.008752799360081553,0.08554017450660467,0.8700967887416482
19,3d2205dfd1d28fb8106e60223cf7207a3c05dbab,0.0011666083915366067,0.008841094328090549,0.08561863494105637,0.8683734284713864
20,c3fd79150bc183e8852f1330ea6e8cb4ca7ce7bc,0.0011468476408885585,0.008668312570080161,0.08375261002220213,0.8508435450494289
21,71555c48be7f07833bd540dacb50deb8069b551f,0.0011711627658870486,0.009519954095594585,0.08651779545471072,0.8745223928708583
22,5324067c702a41e901354a01a5f0d05ff49b6cb4,0.001163923285073704,0.008954356890171766,0.08545437501743436,0.8700118551496416
23,20cb312563b2e7c0b180db8dffbcd71d7dfd0bee,0.0011740047225935592,0.009042827528901398,0.08647034782916307,0.8765886244364083
24,45ee22fa2fdd2bace756ed62685a346da91c4cb2,0.0011695235088053676,0.008904677233658731,0.08562720101326704,0.8732742539141327
25,798aee26bdb9dcc0e806ca9271f0f98297188dec,0.00115992886842125,0.008901278721168637,0.08580725849606097,0.8708945664111525
26,1c50f244d4d1eba4f3f63e93a05a2b2f938685a4,0.0011507221756296025,0.008877082727849483,0.08541752235032618,0.8658944829367101
27,fca7a15f30776ebce9e6814eb927e837f567a518,0.001158143781746427,0.008798914030194283,0.08559644082561135,0.8705872064456344
28,26311ed7bf80e02c827189e80084602d72e4f284,0.0011669143568724394,0.008775198715738952,0.08532252651639283,0.867566573433578
29,b5e01bcb668da0413170a886c258e00d2540e752,0.0011620364514076048,0.00885985977947712,0.08581728604622185,0.8745993964839727
30,ab30683fe1277a7fd471be63975a02ed8d766f94,0.0011464059870276186,0.008736790739931166,0.0847172497306019,0.861416311468929
31,3c89e2f913406f55b6e998017c1149e3ba383bcc,0.0011502230125996801,0.008752579684369266,0.0847505412530154,0.8587365325074643
32,590f07121dc55e6d9d9ce514887c9bbc253fb266,0.0014413362701556512,0.01129140891134739,0.11001615365967155,1.1135109146125615
33,872372bd56ccb5fe98faae8be7d14e4a8c69e037,0.0014611363543995787,0.011325667146593332,0.11011089128442109,1.1106526649091393
34,70a84c3192b4f231925e8e36f50d6a26bff3b46d,0.001453650915729148,0.011275372700765729,0.11005933629348874,1.1117439719382674
35,9d416356baf4a653b2c647a921ae24ba7d39e8df,0.001455127660717283,0.011388203129172325,0.1110151398461312,1.1186416558921337
36,09dd75e9e2139bc9742e6009b7babe41d4c002df,0.0014561434010309832,0.011407551588490605,0.11119145038537681,1.1202003627549857
37,85d64e375f53f6028519d3aaad0b421934dcbe24,0.001449279287563903,0.011286350665614009,0.11016373452730477,1.1081635155715048
38,09e04dcbe3d0c836437b2d4745b353b256ec6265,0.0014952439149575575,0.01160218589939177,0.11352841276675463,1.1412750859744847
39,cdd7ab252988ff4254705e0a89874edeb5cea8eb,0.0014755917779569116,0.01136472006328404,0.11016284255310893,1.1147888149134815
40,06da877ceae914a875bd1a55cd8e271332358803,0.0014960907865315676,0.011576410848647356,0.11286358651705086,1.1414915684144944
41,8529dfaaec65248420faffe095bac03c23881735,0.001474206502150212,0.011456522857770324,0.11096276598982513,1.122068057069555
42,171a3e5811e43643788c20075be9ba52efb83b81,0.0014614156181258814,0.011280441656708717,0.11004380346275866,1.1038430880289525
43,5bf9ab98edd254dee1162d6f1863053e040cf828,0.0014696536984826838,0.011423637391999364,0.1112411362119019,1.1262441736180335
44,9776a73cee9eaaff6af40e971fa2bb7f8f1086c5,0.001460557437634894,0.01129000005312264,0.10926382220350206,1.1021441833581775
45,37a1ad069a800f5ef98286f25fb3fb632375168d,0.0014726405165025166,0.011332680936902761,0.10998340835794806,1.1193069689907134
46,1cb2230bb1bfb9b2544dab798dffeedce64ad39f,0.0014602512320769684,0.011325770756229758,0.10915848147124052,1.1064293328672647
47,044f5131450f38cdfbab63d6999b60e7e3bbabe5,0.001478555445958461,0.011331685585901141,0.10978749301284552,1.1111788270063698
48,dc089026b4ad0d2d9ea992c7f1b9b5e716dd82cd,0.0014693676494061947,0.011227373965084553,0.10933487326838076,1.102930795866996
49,53adf81bc503d749b13160a27e49160c5bbe48d7,0.0014865616269941842,0.011252271477133036,0.1097834671381861,1.1122969496063888
50,49e00940a82f9590d774539cd188b634c29fc39f,0.0014750734636826174,0.01136679365299642,0.11042619263753295,1.1166722369380295
51,7b9b41a4c7dbd7b719d62f343f57f841f5809693,0.0014720057869063957,0.011354389833286405,0.11143309390172362,1.1256713739130646
52,ae88e02a48c4744afd22c63be388870037f3c84c,0.0014478691986628941,0.011230593081563711,0.10930881043896079,1.1087576374411583
53,0aeab48b9e914d1dc7041b7e3f3b7e575ffcbbed,0.0014524715287344797,0.01120998035185039,0.10936368652619421,1.1068292018026114
54,c18b3f59b5f5752ab038224fd3bdf2dadba55ecf,0.0014469079324044287,0.011217165971174836,0.10897976788692176,1.102289471309632
55,a5e5e51187d4476841503ce816924ea99936dba0,0.0014621022356940167,0.011310043279081583,0.1098272674717009,1.1168350344523787
56,b1e69da5058846e4fbe538c5641597c49f34f9a2,0.0014688707888126373,0.011334167094901204,0.1107308454811573,1.1300440980121493
57,388e8197e15403345950edc23ae5fc7a3cb0f644,0.0014539881210242,0.011281444923952222,0.11003420152701437,1.1159548440482467
58,9b7e890b014f6ad3b4288246f0565f7afd6eca84,0.0014478469467056648,0.011325781233608723,0.11040944745764136,1.1282593414653093
59,96727cf007217256700a1d805569a73d2171f1d5,0.0014436261262744665,0.011250802548602223,0.10958092450164258,1.110103621846065
60,330435bb3420d798de08f86bf47287e55cf9e516,0.0014361965336969922,0.01108627044595778,0.10840248828753829,1.099796035559848
61,dae4f67c797176c66281101be8f3b4d6c424735c,0.001444405476961817,0.011208809446543455,0.10959673975594342,1.10881841997616
62,615b6a5ef4040e5602a21aa2ff528c90d3ec6dd4,0.0014425089715846945,0.011221630033105612,0.10956091457046568,1.1149563363287598
63,19b66496e248a4e4954a2a43f7100169a355236f,0.0014490427981529918,0.011288256850093603,0.11030820803716779,1.1215027847792953
64,7b4c8731353586b50756be3b5c6e134211840876,0.0014634504249053343,0.011320882244035602,0.11081817792728543,1.121128446655348
65,cef4dc9d91d980c3df816de00154a22e96439fa4,0.0014580184859888895,0.011247432557865977,0.11007518647238612,1.1083220376167446
66,af0dfce126a1d83cc33b8da9d91bce664f5d5297,0.0014426615089178085,0.01121976412832737,0.10990524664521217,1.1107378869783133
67,1bc8dfc55c512c569f8f9de360cf49ace5f2cb39,0.001460852167968239,0.011358970776200294,0.1109780129045248,1.1177498078905046
68,8bd5dddda46805928bba355a288815831c50c96c,0.0014552351619516101,0.011361601762473583,0.11090349452570081,1.1238296101801097
69,abdd996ee5a40889ac627445ebfda19bfec326d0,0.001446667459926435,0.011247124057263136,0.1111251451075077,1.1204321635887027
70,74afdda39be21af56b8f9ea9abdb1e8f994e5350,0.0014340318157337606,0.011212356388568878,0.10906542604789138,1.1025256272405386
71,491f41acd2c6a0e7886662a2448b3d245ae432a9,0.001462319932345833,0.011167235672473907,0.1088962759822607,1.1108623524196446
72,1f9ab28a9ee5a0cda956da35d0c77a3a4c4bcd55,0.0014550209577594484,0.011278261430561543,0.10945538943633437,1.1084167184308171
73,0437b83a931c5cc24296deecaa52d825e4d377e1,0.0014447330364159175,0.01119563588872552,0.10878125438466668,1.105002023279667
74,2eedaa4cf94cf54bbd4d8428aa39271410f22e9f,0.001442712265998125,0.011281752958893776,0.10925908107310534,1.1043578125536442
75,8a1592844f98e26a181ab2c1fc8f2e6fd3647f00,0.0014559713724468435,0.011329203378409147,0.11173717398196459,1.1452789572067559
76,cd02ddc9c0ea2b7f5f879c0564709eabcec6f1af,0.0014498171928737846,0.011330392211675644,0.11106239957734942,1.12162633985281
77,4edd4375472f23c43048e078ba2db1826957f0e7,0.00146526876570923,0.011351109482347965,0.11103054881095886,1.1271270709112287
78,60f539b37514a9eb13c1ebfb8a252934f9084d30,0.0014644628390669823,0.011287600733339787,0.11065775295719504,1.1247661258094013
79,4d2b5850488013319ff8354a1e764a0a2064fe63,0.0014479080481188638,0.011249750852584839,0.10973169095814228,1.11630367487669
80,5eff78bb16df99ffe2e9cad86c4ec649893c0646,0.001446728261985949,0.011312604881823063,0.10978955077007413,1.1153432163409889
81,df40e550d442e910826e4817d38cebb902f48d77,0.0014543027750083379,0.011295414064079523,0.11023237043991685,1.123264995869249
82,760800d2c602b1c4e1a10d3a0ba12944df28cc73,0.0014452231781823294,0.011190048418939114,0.11096690455451608,1.1115755904465914
83,f1a247f9952085db72c3f8248f8336a0961d825c,0.001421447261236608,0.011109242215752602,0.10946110403165221,1.102956006769091
84,473a68a53028f8a24b88bb9fc08b38dc3b69800e,0.0014532635520611492,0.011316095013171434,0.11050053359940648,1.1258517736569047
85,3963ed0ea4e7d89174b1e992d84b47c0751f533f,0.0014519281685352325,0.011297734454274178,0.10995117109268904,1.1169617897830904
86,9b1acd42e8d4cfd476dc97b8d5bfe12b0c229d9d,0.001479774447424071,0.011348265688866377,0.110492626670748,1.1253876951523125
87,de446a536903f906969a1c5860a32ba11078a5ae,0.00146108353510499,0.011408688500523567,0.11212233733385801,1.1234800908714533
88,b2545d01be561f7f8bb71c6064ba48de3d3e8dc1,0.0014540057496300767,0.011284686625003815,0.1105477069504559,1.1244957158342004
89,b6c7048bfd72a999f0cd948a346de94fe13f8123,0.0014636732105697903,0.011455363128334284,0.11071276431903243,1.1258808341808617
90,670ac4fc50e82f6f162b2dd776de2ef28fac2a4f,0.0014532804489135742,0.011306443717330694,0.11052182409912348,1.1160423140972853
91,124dc4ebed8b805206e9ec1f25963877011ed93a,0.0014561692784939493,0.01124654896557331,0.10967340460047126,1.1172097153030336
92,a7adfda540f88d765f10ae8963abe4ae43cbfb34,0.001457454902785165,0.011394893750548363,0.11063708085566759,1.1270881169475615
93,ee3e17a7c3e3efdeafe907b394de56aed01a70e0,0.0014479806424268255,0.01129986900195945,0.11029649050033186,1.115466273502534
94,3cdc3ffb779733e7d9136ecb66a22bce31021c6b,0.0014464877858699765,0.011225192003621487,0.11021469049956067,1.114323134002916
95,40fad321343dd8a28129c668c8037a35e9b33989,0.0014473512856056914,0.011221287997614127,0.10960118699586019,1.1107409555042977
96,acba24414487e0e171bedbc8d1ae3cfc63f4b2c7,0.0014586329998564906,0.011322169004415628,0.1105586889971164,1.1181921444949694
97,e6c2765d428bdce57b6d5bf0554d177ab0b45bf5,0.0014459192877568838,0.01124262748635374,0.1096545934851747,1.1220179430092685
98,7eaac94d183888639422c7b55471613f1d5bce18,0.0014603138552047312,0.011323727027047426,0.11055962997488678,1.153238921018783
99,62991d50511f75e58c4c57f40e84de25a8d7e7dd,0.0014469702852823374,0.011185261479113251,0.10906528201303445,1.1119608769949991
100,94d3302039856667988f82d637f9a35998d19a79,0.0014582942115209463,0.011288833484286442,0.11016569248749875,1.1141899219946936
101,eb167a3fe540780f397a14817f54a95333fbcc6c,0.0014649582112074963,0.011404964490793645,0.11250394003582187,1.132293025526451
102,cea994fac86dbc5af7bee3f15fc5b475a99163fa,0.001450244927712317,0.011403066979255527,0.11125517450273037,1.1228712574811652
103,917c6f18ba6691bd29e7e103b65dff75af735faf,0.0014755932871984051,0.011429235513787717,0.1120328190154396,1.1366937005077489
104,84ddedadaee13fe22cc36a0c67c3cb73e818ee9f,0.0014860266403827283,0.011517999519128352,0.11352650102344342,1.1284710984909907
105,e180d2aec3fe18bfc5ad1505659a23003929c76e,0.0014529402085047746,0.011261742503847927,0.10963230353081599,1.1108893810305744
106,2fd9ff8277ad25aa386c3432b6ebc35322879d91,0.0014555155648849905,0.01123047701548785,0.10956270055612549,1.114496722992044
107,3296617cc4c0d4a82520caa411050f7c0aeb9aa5,0.001470833077161972,0.011415899964049459,0.11197368352441117,1.1303249089978635
108,6894bbc6d396b87464cbc21516d239d5f94f13b7,0.00147899186205385,0.011346803978085518,0.11061509745195508,1.1296579955378547
109,d5064d4ab5152c71c4b639fe581cc80b74a103e4,0.0014692730702725904,0.011532745440490544,0.111063762975391,1.1335966055630706
110,1b3543cc456c352df8550ae2f0db0a5cfe422f35,0.0014515000012969331,0.011183233524207026,0.10936816647881642,1.1104823949863203
111,9331e55b0c16d9b8611132a4ce0fd24e52d6e629,0.0014681376383772918,0.011442837479989976,0.11183770297793671,1.1345534789725207
112,91411eea6306d5b9aabab4b5abf5a16df4c3396b,0.0014720746465692563,0.011482491972856224,0.11188007693272084,1.1298390540177934
113,459bfb4af46de23e01e215784520aa2b81393dfe,0.0014640103576571812,0.011470369470771402,0.11051130900159478,1.149793029006105
114,0c32bb4140215f99b935eae9001eabb10e3c47dc,0.0014667655757096198,0.011482530971989036,0.11181146599119529,1.1442567745107226
115,901211eddd5e17c8c7c85bc5f791679559d4efb5,0.001475544787743794,0.011476690066047013,0.11378090496873483,1.1390629135421477
116,ff4cfe7ecd46ee15fd88297964f6a5cb5423c291,0.0014408385686692782,0.01121139753377065,0.11195903643965721,1.1300369899836369
117,31ff7f34809c5d1b9c35de8ccea262d8f480bbef,0.001445066641151373,0.011193830985575914,0.10960237501421943,1.1124230275163427
118,5db7e2e6f805c180a0f117c6faa204f757b512ca,0.0014708562105494951,0.011381843476556242,0.11167617555474862,1.1255800105282106
119,2c36dbbd6dd13b449c43dca85493f94022f19f9d,0.0014777097135915288,0.011480177519842982,0.11309741000877693,1.140495155006647
120,8087e1de04d011f7ce66bf80dbef4a0599b14f7a,0.0014618090769675162,0.011395666457246989,0.1110799724701792,1.126886905520223
121,24192935730d6dbb24e3d11b7f40f309b786c0ad,0.001447326212655753,0.01120688597438857,0.10955620702588931,1.1130807650042698
122,105e175a7708a05886d06a24ed2b60bdd6cf329c,0.0014414889904271278,0.011204828508198261,0.10943017003592104,1.109092700527981
123,9da90debf54029a50502fd759c8de56f2dc47129,0.0014659370062872767,0.011418550508096814,0.10947455139830709,1.1197084604064003
124,928425156abfa65a613fac016f86d6a3b6c03768,0.0014534534919740899,0.011262952000834048,0.1101902520749718,1.1183444659691304
125,5a59087fa5badc20e2cd5264f7cfc6911fc6fb12,0.0014561469932751997,0.011308790068142116,0.11037348047830164,1.118052592035383
126,c9bfd4eb68e61c67aa27ed0cb2788f60d11cf354,0.0014501625472413643,0.011276679579168558,0.10961213649716228,1.1131676241056994
127,2e9169601aff252a661b845399ec61c3e575407f,0.0014600795693695545,0.011381097021512687,0.11079232208430767,1.1208536339690909
128,59a97520cf0aa68b92a775d809e1cb67d886b50c,0.0014658973419240543,0.011459721834398806,0.11250719300005585,1.128505972912535
129,b074b21c326ecaa6b6519fc7dfcf54fa4e4457af,0.0014593963444765124,0.011454673600383103,0.11200100998394191,1.1153119340306148
130,ef0957302c6383524448cef2cd4cf18c7da18ea8,0.0014816494991204568,0.011567769921384752,0.11291823955252767,1.1481214360101148
131,5cfc2d3ca06fb6afc95c16db172f710ed6e7eed4,0.0014670076613713587,0.011303670471534133,0.11092654091771692,1.121979995048605
132,aba1b4a7864752b005c9f5d1bd58fa02e08ccff4,0.001453183142335287,0.01115449145436287,0.1089907445712015,1.1030725555028766
133,32f382c86f384a02eeb87f67fea806e6b9961b5c,0.0014666836442691939,0.011332880472764373,0.11155161808710545,1.1176139960298315
134,33351f646e0b523139fbba4986eba54a3bfe55a7,0.001481552009603807,0.011469699442386627,0.1137689205352217,1.1376275030197576
135,90133e16d02c67206e350ce222d76f938596706f,0.0014569428583074895,0.011264670523814857,0.10951518558431417,1.1122367503121495
136,26527695f9ee7b7bc3fdd3af67d7e8b068cb1e0b,0.001448224631271192,0.011253248434513807,0.10953645897097886,1.109724433044903
137,5b16107a537c0ebd2e4517c02ecfb9a24f54c827,0.0014678179951650755,0.01136401656549424,0.11096357996575534,1.124674241989851
138,cd3b44d5f0915245138d44fdb3ee376601e34716,0.0014522797095456294,0.011299386620521545,0.11005714698694646,1.1122140914667398
139,f77c5e83c07985aacbddb89525785a3f66ce1b3b,0.0014502389323232429,0.011198773048818111,0.10925773798953742,1.1117376565234736
140,4f2b219647ae6a7928590be2b709894ae2403274,0.001441641361452639,0.011086714104749262,0.10859082802198827,1.1037024810211733
141,c71ce0e6dbd9ec67b3ac7fb5ac3eb609f8a56829,0.0014613370045221277,0.011341915000230074,0.1116648263996467,1.1278108549304307
142,2fc96a0bc15624d7f1f74750bddffeca46f1e73c,0.0014569039922207594,0.011359859025105834,0.11164267000276595,1.1296824765158817
143,20f22d849002d80485787adeb8a7340dab159f94,0.0014435367629630491,0.011107126949355006,0.10863920149859041,1.1043614374939352
144,cdbc935201f3c322a312e8ae8b78d044cbe27bf4,0.0014502439444186166,0.011238062405027449,0.11006310244556516,1.1133994035189971
145,5134132ae9cc9c3fba1d5420353277cf3d96eb90,0.001459336989293141,0.011333292932249606,0.11073840002063662,1.1198995244922116
146,c2dd245047ff2eb80972600163ecac9048d74e1f,0.0014618672097900084,0.011359843541868031,0.11154538905248046,1.1227722249459475
147,965b41d418e6100c1afae0b6f818a7ef152bc25d,0.001466902155828263,0.011344454600475729,0.11094072053674608,1.1129833775339648
148,0b9b176dcef7f14f56dbd543c89e6da6c6b7b2e4,0.0014743363052340491,0.011226816452108324,0.10955077898688614,1.1221554729854688
149,1be88ff070cce6ac720804e861583682564f7e0d,0.0014609340910932847,0.011264896718785167,0.1107889546547085,1.1195622480008751
150,bcce3ac27e05ffd10584c3c8c666dade21714d1f,0.0014569543501628296,0.01120594865642488,0.10970948217436671,1.1182991249952465
151,5b126f882bc90a22f7fe20518f727eafe8238d86,0.0014592348265328576,0.011272944509983063,0.11005417047999799,1.1144814090803266
152,ad0049026f4afa5d6e8312c1a46b3777be396104,0.0014510496319936855,0.011230248492211103,0.10968916141428053,1.1199558801017702
153,9ae4a0d1ebc52a556ed13248172e8280ad9fc6bd,0.0014494444975363357,0.011236109538003802,0.11009960249066353,1.1074790987186134
154,d5010b129e4f3714dcad04eb7115372848fbce36,0.0014312072889879346,0.011098972521722317,0.10826957551762462,1.1010850958991796
155,b3f41eeafd2708a6b519cf3c7ba3576dfa1cc5b3,0.001458318072504231,0.01120569440536201,0.10935941501520574,1.1286669939290732
156,637af579ef5985bd8c267817cf445aca5bb34531,0.0014825953569795403,0.011387493694201112,0.11335662100464106,1.1287744464352727
157,e1968acbedfb312b47993ac2869a5f544383195b,0.0014320455375127494,0.011181467911228538,0.10901789041236043,1.1212095150258392
158,974a54058fe52ead24bc54a0015d3e065f78f5e3,0.0014662996982224286,0.011158999521285295,0.10971110966056585,1.119805182563141
159,54c2a266780c02852003330f59bf3bf20e36eaa0,0.001449110418824213,0.011184217408299446,0.11113926768302917,1.115684233373031
160,fed47a489e3da26fffb98a6dda32dbc9ba0f63c3,0.001447757938876748,0.011193530168384314,0.10950796562246978,1.1103980203624815
161,b03c575834a68f3a8dad5e2974ccee7fa76003ac,0.0014554664958268404,0.011251376708969474,0.10987749043852091,1.1145012055058032
162,68439794b84836f43ec389be0e702ff64ee76d44,0.0014580102371318,0.011219357838854194,0.10985355777665973,1.1117887462023646
163,dfd4c9de8d849363e3d4cda7a0792ed0670165cf,0.0014533884823322296,0.011262474115937948,0.10987561219371855,1.1169086284935474
164,5ff70eb0fd61a39207d5166479507e1b099cb707,0.0014565893382366213,0.011254643322899938,0.11012790445238352,1.1213887464255095
165,1c58504eec43f9ba18ac835131fed496fb59772d,0.0014471271341400488,0.011250138748437166,0.1097849435172975,1.1156510638538748
166,1cb387128f66895b42c19578ccd60c34649de988,0.001448837707617453,0.011234842939302325,0.10937312804162502,1.1210499389562756
167,2582c681082e6c2c74d424e255afa8efefa4f899,0.0014616131582962616,0.011326690437272191,0.11064999364316463,1.1244841986335814
168,43ca3a5bd882dc69bca0fa777113e6821c9f44e0,0.0014693346539778368,0.011425924487411976,0.11243777861818671,1.1311218228656799
169,22356fc0ec8ca50aeb8f40633f7c7d906a648ab8,0.0014555470219680241,0.011260453145951033,0.10975179984234273,1.1261470434255898
170,243dc1e90e59daf18b17a6a1ebb705cc7bc66e92,0.0014563306301300016,0.011252145981416106,0.10999369388446212,1.1168944139499217
171,078ac01a85c4db46e7f148829c2e0d0e0f30c36f,0.0014677716618669884,0.01127390400506556,0.11042391299270093,1.1201246860437095
172,77c5841b93873bb1d71c38be3e41cf81ede59743,0.001474147995135614,0.011333653004840016,0.1112932616379112,1.1291062410455197
173,f0a74b2d4e50a1b4f9d9189c6b2e31b920913a8b,0.001459857848073755,0.01112818461842835,0.1089170144405216,1.1082500454504043
174,5d8bcae56a337d21d7bf60d042c7dff32d91b451,0.0014398869991834673,0.011145421303808689,0.10920358449220657,1.1108144391328096
175,642181c76b11bd1cc87ee7443d3ee215744df0fd,0.0014529918054384844,0.0112673572730273,0.11023153341375291,1.119672751519829
176,f01b4e54a4b46a84a5a79b03bd2bd2f21b190f12,0.001469366152637771,0.011359722120687366,0.11094415211118758,1.1245853810105473
177,170d1bbf566937452fd9bf14a84a69c9edb43277,0.001451430709234306,0.011161006055772305,0.10913370875641704,1.107001448981464
178,18bfeaf2716001afa8785638a75f90259dbc8aa1,0.0014554705869938645,0.011287455912679434,0.11030855495482683,1.1163567961193621
179,12f9da5615e6c1e387a9101a8923867343dfaeca,0.0014553520096732037,0.011333001544699073,0.1106719309464097,1.1215300739277154
180,3310cd0e8f1b36d7da8c1352441b1240be4bedc5,0.001455241082502263,0.011234239907935262,0.10993369645439088,1.11219363193959
181,9ccb42d02f7b3fb2b47854bbd4ab418676e6be42,0.0014446557906921953,0.011192156467586756,0.11001162696629763,1.1045914781279862
182,ad5d58c29ab4793cd66afa07eed0f77c7ad59dc4,0.0014531837244118962,0.01135791721753776,0.11040321853943169,1.1167002539150417
183,081c7230546861259bac75a316338b1c00005d5e,0.00146855427218335,0.01137288985773921,0.1111279409378767,1.1292155615519732
184,3f6dba405c259a41e91077868f54722ef0a2a325,0.0014440875966101885,0.011264921631664038,0.10926848044618964,1.1120252548716962
185,2ac14a153ed79377130a38e1425574e97602455e,0.0014718908350914717,0.011411238461732864,0.11164322611875832,1.1315629184246063
186,8c2112dfb073c069a56d8840a21ac2ee69f920e0,0.0014688798692077398,0.011309597408398986,0.11067050113342702,1.1154998077545315
187,8626a559680d9d6e681c02e703bcaf3de389fc6d,0.0014670920292181627,0.011345128994435072,0.11098993592895567,1.122429922921583
188,caa9b6045cedfaf0a4735bd2be55164549a4ddcf,0.001475952931546739,0.011389069724828005,0.11098838271573186,1.1271394416689873
189,c67396b805291e1a880084e701f160b21d2b4b1d,0.0014602930750697851,0.011276382021605968,0.11032386077567935,1.11597228073515
190,063b3140ec3792f0420da9f386d8240693213ec9,0.0014799420522259815,0.011413132771849632,0.11163139622658491,1.120850422885269
191,569dfcd79aeb2a584e008861e5e29b7b5115d94e,0.0014536543416657616,0.011223106877878308,0.10934389266185462,1.1077277115546167
192,0f6a3aaa34fe72586f8c66ecc4744fc960d62ae2,0.001462678558060101,0.011314476607367396,0.11033924971707165,1.1194220643956214
193,0ce156413feb21a4f2a8eae3b1cd954d04240edd,0.0014576877001672983,0.01121582742780447,0.10955166537314653,1.1102390363812447
194,e78d0764d414952716ec75e3c44a74359643cffc,0.0014925309722977026,0.011679923394694924,0.11346933990716934,1.1484591683838516
195,76b711ad87d114f0f7926877adccf14dce04614c,0.0014834144219223941,0.011476881336420774,0.11084578512236476,1.1255646226927638
196,42228fcb513c08729f822fa6be70e16a7a68067f,0.0014580257702618837,0.01127735897898674,0.11041225213557482,1.1425204218830913
197,1f3650643f341af8ca5c12529a479d73d3103895,0.001477786007204226,0.011362314922735095,0.1103769070468843,1.1255258524324745
198,9005d7df9b644b3b3de55118b7f7ffa026e4284b,0.0014757379623396055,0.011510166572406888,0.11294629191979766,1.1283104824833572
199,51d1a99a84f5e2183b79dcc04713ffd90cb0caf2,0.0014539977668651513,0.011253072647377849,0.11042348085902631,1.1137579423375428
200,8f7adad487ebac177964a577f5d263da975d8333,0.0014530416644577468,0.011311572045087814,0.11063890787772834,1.1226287209428847
201,3ac8f65681e2ee55c8b8bbb25f1d4aacba07d9bc,0.0014580532775393554,0.011284996522590518,0.11006524553522468,1.1220710373017937
202,e44d0ecad9a8565b5f159c674e2001e725e58bfc,0.0014996895167444433,0.011506936512887478,0.11201993096619844,1.1340403009671718
203,4b9f7b54219c1a653ca8fa2fb53f96ea54a765d8,0.0014560422194855554,0.011177932377904654,0.10928282444365323,1.1060179299674928
204,b489287af94b32d6a6d550c6e05f1cf92adf3248,0.0014614660093294723,0.011310505447909236,0.11000578943639994,1.11533677065745
205,efa7bad30d92f5f58448e753b3d280d3bea157be,0.001454288638862116,0.011211859760805964,0.10949924122542143,1.111584055935964
206,c6916f44904b46c7c7bdb92ceb5242f3f6e00474,0.0014508797654083799,0.011224399320781231,0.10932343592867255,1.1097372900694609
207,fc1f196584ff6dd530982febba2322679317c632,0.0014708318215395722,0.011374182999134064,0.1112687704153359,1.1249845423735678
208,c31ba764540a12843b3caf711b447fe3e08c5a46,0.0014626803541822092,0.011388286482542753,0.11112395906820893,1.1321521741338074
209,52c9e6f2e3e72081576fc7f629fe3eb0c67b143b,0.0014692542276212148,0.01125763589516282,0.11031022947281599,1.1169269476085901
210,b38ccec64c502579f48c1fc13d0b34f689171f25,0.001443659554102591,0.011242393869906664,0.10973208164796233,1.1121300999075174
211,40d5ce5437db00f6507580651ec5c6dffc161134,0.0014409935767097132,0.011181931011378765,0.10886742547154427,1.110207062214613
212,0b516d28e606d97266a95234a8deea268ecc3ec8,0.0014672530815005302,0.011377796065062284,0.11126702046021819,1.1281179916113615
213,e51992aa22f9868ac4ab09608c5ba98cc93fb590,0.0014460036264998572,0.011202903464436531,0.10971704684197903,1.109215669799596
214,73e7d8e82efde0fbed5b888f31bd894d5d7d6936,0.001456076146236488,0.01126270741224289,0.11023813812062144,1.1182840364053845
215,11c1e161be588da14a501f54d8a3974bee7a03f3,0.0014610885243330684,0.011182429268956184,0.10976703930646181,1.1130075734108686
216,1d598997543637b9882d1663117b573210a20583,0.0014563695128474916,0.011236089747399092,0.10974259627982974,1.1103829117491841
217,99d056fde04538ffacc877cfaea926ab979ea824,0.0014701347931155137,0.011344579048454762,0.11128763621672988,1.1257077939808369
218,2f790d8768095a7c237794eaff31b8ae4a0411f9,0.001484645197966269,0.011440237984061241,0.11181876109912992,1.1291107907891273
219,9eb7560e77c43af561f5242cf30df6b1d7442e83,0.0014550832233258654,0.011236569844186306,0.11008087079972029,1.1205342961475253
220,8dfaa4a5e0ca329e16a853d5982ea5af5d044b47,0.0014422889798879623,0.011175103019922972,0.10955122718587518,1.1047207335941494
221,482625dd29b4f3f3c43a731611063286f8bffb73,0.0014542461639004095,0.01125147333368659,0.1098312740214169,1.1115235621109605
222,dc854841806549086812aeeaa6d5c2e98799a4be,0.0014580245395856245,0.011232585180550814,0.10969103826209903,1.1115398365072906
223,cf7b712691a960cbcd6a744350c83a95f8d0154e,0.001465778997434037,0.011407384648919106,0.111453952267766,1.1271753692999482
224,b57c5349442d11f7f72aacec299e2c6740ec0a32,0.0014635146196399417,0.011401294264942408,0.11077884351834655,1.1218299050815403
225,630f094b99afa8c693652066a3fb8918b9f3e142,0.0014633353400443283,0.011315117590129375,0.11083239084109664,1.121948919724673
226,897431cc9207af9cbc34ce6295dd44256aad5db0,0.0014765607858342783,0.011455876752734184,0.11201645620167255,1.1361371167004108
227,e800a3e08a1cc4cff200e5b837d5e027cc55c82a,0.0014405812003782817,0.011132250539958477,0.11015280894935131,1.0978730050846934
228,517f53dc91164f4249de9dbaf31be65df02ffde7,0.0014570656764720169,0.011362716555595398,0.11054826434701681,1.1239492227323353
229,96c21f037679c0766142fa8dc3fb143b5927439f,0.0014664109663239547,0.011277337092906237,0.11026408383622766,1.1130234892480075
230,bcb036a58aac566d4050b163a0f6b77e09c40123,0.0014647055151207106,0.011324312072247267,0.11067859642207623,1.1191321811638772
231,6d6df47fefdc503fbcffd8cb14a5daaa956ef220,0.001480990355568273,0.011499672196805477,0.11164877703413367,1.1363610145635903
232,6ee49178517088966e63c2aedf6a8a5779ad5384,0.001451524905860424,0.011321575846523046,0.10940055083483458,1.1148304250091314
233,59984a3596e00e088b10c58f02856e8088fcd4df,0.0014698929818613188,0.011551541276276112,0.11176839284598827,1.1325054932385683
234,619422b493eaf88c42373af1725ac0aa2297fa91,0.0014768103137612343,0.011424094904214144,0.11167620122432709,1.139014748390764
235,017f717934274e481f1304d3c2f52bfaa193e7f2,0.001463011439357485,0.011385486926883459,0.1113634193316102,1.1304757767356932
236,f80584a48ca9bcb2ff451a017bee2479ad78aa28,0.001465488358267716,0.011370873544365168,0.11063069803640246,1.1272345050238073
237,651bb25d6b409b9031c40cf33f991d24f350edd3,0.0014609711111656257,0.011341451667249203,0.11056392686441541,1.1149851456284523
238,a695a9f240922790c8062b3349fe07812eabd251,0.0014607362183076994,0.011361440178006887,0.11113256542012095,1.1311011165380478
239,87964f1c5738492b152e80f7e38010c69214e5ae,0.0014430966693907976,0.011203421279788017,0.10920179076492786,1.1112587684765458
240,389f56c80c9d940d79fe4136b7a99f8d29aef8d8,0.0014581428175526007,0.011294919531792402,0.11028301296755672,1.1206654920242727
241,20f10762fc20a29923b6943235c2577b8e3ac9f3,0.0014579685937081066,0.011308461893349886,0.11100692674517632,1.1161360600963235
242,cc7038fb59f8dbe8ff08cae4723aca38169a5a59,0.00147341876955969,0.011412434745579958,0.11089275265112519,1.1225588731467724
243,05595e9afdb11b664898a5eacaec6c7d1e284cf9,0.0014408087590709329,0.011194446124136448,0.10960621107369661,1.107429954688996
244,92b880f64024c0694c69a6397568ce758102f9d8,0.0014351062709465623,0.011209881864488125,0.1103668063879013,1.1126015721820295
245,7e3fd81c039b0e22715c4e6eb63439bdf5a620bf,0.0014339733752422035,0.011188068892806768,0.10947553301230073,1.1089887889102101
246,e67737e2e63e36161c8f80715c0a347e46a06d91,0.0014492862724832126,0.011212416924536228,0.10999856377020478,1.1167258247733116
247,d13a4f06ea84da112d5069b3fde148e307e7f94c,0.0014650332741439342,0.011348432395607233,0.11089780321344733,1.1152217336930335
248,4cd98714b665b389833f1d8b4b1d2df9e12685ad,0.001454823583896671,0.011271854396909475,0.10981901502236724,1.1067079133354127
249,909d6b8fabe2f0fcdeba6927e4506f19aae52f2e,0.0014518998962427887,0.011266729328781366,0.11044286843389273,1.11490816809237
250,44e26f24621ce86ed6b24bfba4a04e82319d7bf0,0.001442793823246445,0.011239771731197834,0.10936251236125827,1.108798391185701
251,4753652c605833e2398d7e46b754a71729a54713,0.001440369349438697,0.011156584601849318,0.10903127631172538,1.1034174654632807
252,92bda60074d0afcc3d29a0131037f11b350a99d7,0.0014652072984193054,0.011421054601669312,0.11152452183887362,1.130123220384121
253,6f8d7fd467b69229c0a7ed3662966573e8b3d85c,0.0014464333653450012,0.01113383611664176,0.10976725770160556,1.1057878662832081
254,ae6ba5d215451273990f2826f2cf28f091d71446,0.0014627533572430756,0.011296701000901521,0.11038189249848074,1.117971908497566
255,4200221ea22bf6c49a4038908aca75b2b07af0fe,0.0014599662855679135,0.011272847001237096,0.11070161499992537,1.1206446084997879
256,100e7b8459858805bc66af122445495fb840bdca,0.001456337428732825,0.01125539749955351,0.11008854850115313,1.139707089500007
257,6c9ecdf2847d03d04f5111d6df427a29fbb36319,0.0014706954991977128,0.01135180500568822,0.11252054399665212,1.151640377494914
258,22724bac3465e6f699313cb6301722cddc6351b3,0.0014982240702790606,0.011482415502541699,0.11243856299552135,1.1543203815090237
259,7309a004dc0f206f7dfc8d355711a2d8d7c9c62c,0.0014485791429511403,0.011237886501476169,0.11155237999628298,1.1407143510004971
260,2ded173ae40ef8368e93367a02fc7db0b02cd34c,0.0014507644996878558,0.011292646508081816,0.11047952598892152,1.1173675684840418
261,14c3c183aa6b8bf504e8b763a3ce0c8ddd0ef6b6,0.001445711070638416,0.01115151701378636,0.10918456548824906,1.1145155539998086
262,58dbafac8dec98557fb99e7884a970e2ed9a9973,0.001648859212374581,0.01144200201088097,0.11161073899711482,1.1448390380101046
263,ad5ad8a3e6a3e8533c5c5ec6e40bd90fa4d733c5,0.0014713158556592782,0.011318539502099156,0.11089105749852024,1.1295477060193662
264,30bf46c0538266ade0ac0e1a18486a226196b738,0.0014832830014971216,0.011488296004245058,0.1123501559777651,1.142774524021661
265,b022f204f697e8ef6c719fc8e84bcf5dad8ba6c3,0.0014429610704870097,0.011237151484237984,0.11006726502091624,1.1181010064901784
266,deb794394108dd27f27a5a2781bf3b5131ffff65,0.001519382282692407,0.011424634489230812,0.110614701960003,1.1251054090098478
267,1a5462651bbf61adcf1816f2253eeca2b26ca162,0.0015481551402314966,0.01190138902165927,0.11531590050435625,1.1905512854864355
268,e525a8f83f84fadc3f80d3be3b497066022d108b,0.0014613815708019373,0.01130275646573864,0.11079509850242175,1.131595168466447
269,13080b05787e1379cc30e18840ce704475b56179,0.0014681524272808538,0.011214027996174991,0.10975998648791574,1.1101647824980319
270,9babf6596876be7be02e823688a2b359756e27f3,0.0014728458523417692,0.011359712516423315,0.11093294149031863,1.1346433519793209
271,86721b1a6f3cb941365b8dd785691d56e5fe2c22,0.0014577478619425426,0.011398537491913885,0.11078977902070619,1.1315118649799842
272,ecf407ec846324cabaa0afd4bcfbe90899c94da1,0.0014992622143056777,0.01191304053645581,0.11084323149407282,1.133552677492844
273,666b17976e1ee7bb2079259831ccba41d37cf078,0.0014753018622286618,0.011370850028470159,0.11180529894772917,1.1841404169681482
274,2f3b82638a24204a13c9b16a3a36a59f199df41d,0.001581650077631431,0.011738898057956249,0.11461073852842674,1.3002349600428715
275,8931a70dbe29e0964cffbbf7637464229688c833,0.0014562582863228662,0.011255415971390903,0.11012452153954655,1.1295042884885333
276,872c6b7de255059a580de414d0030f86471193b1,0.001473102136515081,0.011263713473454118,0.10979993548244238,1.1211483560036868
277,d3e64fcf2b1c97d75bae731107cf01d6c0e37caa,0.0014702451382098453,0.011326189967803657,0.11090273392619565,1.1282658689306118
278,e66453568b685dee47d6e6e634b3a47edffcaeed,0.001470549647430224,0.011282297025900334,0.11161772051127627,1.1256622654618695
279,ae821835fdb8732aa2bb4ff10f45fb7981fb92ff,0.0014688020621958587,0.01130191795527935,0.1107311929226853,1.1324487290112302
280,9ff05dc5d5afd4e801f1acf27b33ca2ed74c48f8,0.001476160142504211,0.012019330053590238,0.11038407549494877,1.1349094684701413
281,ba9f93d8ad9763ef9867bac5761a40fa4770aa82,0.0014597427881588893,0.011321603553369641,0.11048922449117526,1.1225134854903445
282,bb402268b0fdc403b05a38a20b7bc324759b41f1,0.00148994307632425,0.011494381469674408,0.11276981746777892,1.151986795477569
283,c6e27fb0188d77e86fa30c8bb3fcce8f1b398202,0.0015030005015432835,0.011542086955159903,0.11159014597069472,1.1297380214673467
284,84a4c4b03a43c915151193685588f80759f2ea44,0.0014645909957055534,0.011338168988004327,0.10889260144904256,1.127014928497374
285,7f836a9aca57de7fcae188b66ee1d8b60c6fc7b1,0.0014492350081647082,0.011162173992488533,0.10913668194552884,1.1087578349979594
286,e4a8977758f56d4e1b5efc6117e515490b278b46,0.0014599305660729961,0.011232877965085208,0.10970095702214167,1.1085771365324035
287,5d683506587aad4acf689db4145f41a6d6f6ca52,0.0014687258600523429,0.011288192996289581,0.10990071046398953,1.1195069349487312
288,94df9336010b9515cbad0d9754edf1ec94d54f27,0.001449543217729245,0.011274094926193357,0.10967496200464666,1.1122715470264666
289,823c59c659832c0a9b95829dbc5ebe7f5c81e1d2,0.0014400413783732802,0.011173403006978333,0.10970623296452686,1.1079638495575637
290,beb031d64b42f4643d1ba5186c091fb1328ac8c9,0.0014578547894156407,0.011218697531148791,0.10993173747556284,1.1168234219658189
291,5294c82afa7d5f20152ee5b0d1406a909b735307,0.0014547022292390466,0.011240458115935326,0.11005858052521944,1.1169653144897893
292,1327a530ea88b83cac8591a402a61bd9a00ecd0a,0.001463414286263287,0.011301389546133578,0.10997939307708293,1.1150366093497723
293,56f444a0c50d949bf9eba653bb91346fdb8f1069,0.0014568865631840058,0.011161793489009142,0.10907992336433381,1.1066620805067942
294,5f7114ca823736e3f55176cf6a3fbeb77efe0279,0.0014612044906243682,0.011334465583786368,0.11067689105402678,1.1243730424903333
295,3d99ec9df4d90656286d0482f0f50af886616a96,0.0014534455092091647,0.011201808112673461,0.10952148749493062,1.1049204990267754
296,59e8fc601bf38c94bf1ee0a7153a7ee385133e4b,0.0014500120554917623,0.01121483906172216,0.10964570194482803,1.1112893739482388
297,a813a5feb53cef3b22d60599ec330cc945f1b85c,0.0014549700676330499,0.011276603443548083,0.11041423201095313,1.114872126490809
298,8b81727c50fd7dcb99e4644e8d76f2eaedc4d066,0.0014521647078384247,0.011228014947846532,0.11078390397597104,1.115418601082638
299,bb63a1a49bf1fe766ceab3237e0003aef5f19854,0.0014536108023353984,0.011135529028251767,0.10892381856683642,1.1060929194791242
300,50ce0fce70cac779919d97578381a9d762f42594,0.0014685651985928416,0.01149892550893128,0.11108820547815412,1.130370425991714
301,3ba84d2fedf30aba7d47f81e36bbf265745c4e1c,0.0014564607824598041,0.011261863517574966,0.11034803499933332,1.121338234632276
302,892a3fa83ca8ef2db9d896efb482f88ad21d6b5b,0.0014409648553867426,0.011240856489166617,0.10922591341659427,1.1119622406549752
303,411fa9ba04f904f3038175fc05722adb545fe954,0.0014696930801229818,0.011355928028933704,0.11195748706813902,1.1375369420275092
304,125b0c82053c42c43d1b4b36c6184ae71c75c548,0.0014513636540089336,0.011532403994351625,0.11495215049944818,1.1425546649843454
305,bd8be5417632c019dbc1d36400052805f95a372c,0.001458292211672025,0.011428776080720127,0.11043426243122667,1.1447932984447107
306,b58bbb72ae0e24d7e03fd18f6f3fbdfe95481f8e,0.0014572501282340714,0.011561030405573547,0.11344707559328526,1.118780460092239
307,4f88a0267a3a4992aacde45df7719fdef713bedc,0.0014779867903728571,0.011309305438771844,0.11102823389228433,1.1358998160576448
308,a6b4b2bdd6baf2afde27284097426e93912452e9,0.001464980504741626,0.011306334985420108,0.11046908248681575,1.1275668260641396
309,fe610388a1f25c8d8ad80fbedd8117d91fdce9db,0.0014579027026359525,0.011236142017878592,0.11018858547322452,1.1280562515603378
310,32ae22722fc1f665a90d16b110c219b1c24c857e,0.0014802667678200773,0.011552572017535567,0.1117857078788802,1.1330561535432935
311,0eb532de60c9caaaa568ea294e7e1427265b6552,0.0014650209341198206,0.011428261524997652,0.11196269246283919,1.133556145010516
312,19efe2199845d1ba5464795eed89a347c70d22d8,0.0014795343491381832,0.011453775456175208,0.1117741884663701,1.1347797699272633
313,5e8ad11b75245caf2d158eacf369b011ef262795,0.0014721659244969487,0.011359211057424545,0.11111575993709266,1.1220224124845117
314,8cb86fd7b454b40c7b822146d5e26c55fdc183ec,0.0014806819214884725,0.011524574016220868,0.1124910699436441,1.137404230539687
315,84c63b626c640a2473bd8cd0f8c38270d6ef5d3b,0.0014522283703887037,0.011257770005613565,0.11088823655154556,1.117511115502566
316,249198b3df5fa16da4417501fa8a329043ddd20d,0.0014717117051727005,0.011374965077266097,0.11109056347049773,1.128794982447289
317,8ab709c26db9d10fb9365c8faf05b395822482c0,0.0014902187810678568,0.01149921992328018,0.11258801107760519,1.152289648889564
318,d329a66dbb9710aefd03cce6a8b0f46da51490ca,0.0014920419447922281,0.011593039147555828,0.11396548303309828,1.1475207954645157
319,f10a3df5f0b8434bf7c33faf00719c84333e65a0,0.0014665376428248627,0.011339714517816901,0.11088938592001796,1.1251144330017269
320,29f0b532988640cf2441b5eeaf57f87296ea111f,0.0014823527807103737,0.011389537598006427,0.11135882895905524,1.1300075964536518
321,f6196441b7240c0fa862790efdfb1a62bf557744,0.0014908499350505216,0.01136769785080105,0.11115434602834284,1.1258526615565643
322,dcf1614dfc11f9004e408ed8c833980c951c541e,0.001454126073180565,0.01129336142912507,0.11110120499506593,1.1183953084982932
323,78d7ab3d0c35cb8aa0cdf449e0db1472e6ad60dc,0.0014569880607138786,0.011297310004010797,0.11031911161262542,1.1222141955513507
324,84809accddc771d525319c227d78c0152b1f7874,0.0014631158639011638,0.011364949052222073,0.11050402151886374,1.1205414889845997
325,d41b43ebdac8ae6110598649401dfd780194fc3d,0.0014560127165168524,0.01123518799431622,0.11002601706422865,1.1189571529394016
326,6ce63913d3533bdf4028ab6bfcf0e1d3a91820ee,0.001468496147676238,0.011388065991923213,0.11117857345379889,1.1263121970696375
327,41e254f96e8d5bd558d2edbf8b198eb4143e8b74,0.0014734253387099932,0.011425120988860726,0.11198747693561018,1.1358243395807222
328,66c756ce333dc40120d4dd77b14517c6819cd410,0.001471187370563192,0.011340780998580158,0.11145383503753692,1.1445439389208332
329,a7e65a0bfced15f1ebee9c9d4a6b49d6008007a6,0.0014698001323267817,0.011362641933374107,0.11076179204974324,1.1262628944823518
330,16692b1a3c241245fabb98741c0e90e630ab3822,0.0014675972218226108,0.011382743949070573,0.11131984752137214,1.1308857070980594
331,fc2518ba6b11fc52b0ff477b9e83576be90562d8,0.0014802508022902267,0.01139519503340125,0.11163216398563236,1.1271962554892525
332,78593a1059f0a9c04385f97b2c1caa221efefa5f,0.0014687632210552692,0.011371465981937945,0.1112512246472761,1.1315658420789987
333,fc92666e6331a0b9b7832a3ff0e6dd5b2822a0de,0.0014781349870775428,0.011410300503484905,0.1115597045281902,1.1488560895668343
334,471a2ceaf3f0b77ca63003b196e8ba8c54283806,0.0014649071963503957,0.011356079601682723,0.11097900941967964,1.1318668810417876
335,a699f2879ab3836fe6d1619c518c85956a3075c1,0.0014677436390359488,0.01126744004432112,0.11086712940596044,1.124823140562512
336,ba5205c1b8a7bebdf37535c701ffcd8bd79362bb,0.0014641788522047655,0.011294296476989985,0.11079484899528325,1.1297636665403843
337,a597fe9e738768d97c398a869fd188860b3047b2,0.0014781893696635962,0.011423059506341815,0.1114379036007449,1.1336385445902124
338,daffccfa95251024a814139a622feb367e7c74c0,0.0014658671404634204,0.01138875400647521,0.11159231199417263,1.134223350440152
339,da0d66baff4731e13017e7e0802eded966b85664,0.0014635328635839479,0.011330960434861481,0.11102035455405712,1.1248182654380798
340,c65e5dc7c91bbb257e98e6b61e5e827db49c1552,0.0014766187274030279,0.011652680579572916,0.11162588559091091,1.1314133205451071
341,37d2ec8dc68aef30f784eb35cdd64f78dbcd076c,0.0014833184956972087,0.011450452031567693,0.11243027145974338,1.1393006737343967
342,3f11db40d80b6ff122f41185b0b93637bdff0e39,0.0014702543017587491,0.011218210449442267,0.11016038502566516,1.1188210404943675
343,543655176a05e2f6a54dbbadfb754416f14fb215,0.0014629742197160211,0.011317916912958026,0.11084722611121833,1.128790867049247
344,e4894aef5c93c845081388818a2eb4264c5e1d72,0.0014700099626289947,0.011307450477033854,0.11086156638339162,1.1292893732897937
345,c02feb9c70befed4cc078902d28f9df37d9f984f,0.001472557196393609,0.011386050842702389,0.11199906491674483,1.138993990374729
346,171ea2a856e7b40d0806501613f7361e09f0a2f8,0.001467259500973991,0.011356940027326345,0.11161031643860042,1.129650458926335
347,b5b417b3d3d988178a844ce6f20457966509b038,0.0014615764043160848,0.011305891210213304,0.11062825587578118,1.1275851072277874
348,74ad82c422f53dcf8637970a6f399adb37c1a67a,0.0014678667565541609,0.011399505892768502,0.11295496323145926,1.1347503843717277
349,36e017194c32a53cf2965a513243cb3c348095df,0.001458008208179048,0.011168077122420073,0.11061664903536439,1.1097959445323795
350,aa874275d41d924523b718b961515eb8a1665dee,0.001465384549062167,0.01314914831891656,0.1102824432309717,1.1179609925020486
351,27aeb6f71183635e3adcab602118b3d8912e006d,0.00147395976819098,0.011284404434263706,0.1100747084710747,1.1207481960300356
352,4262a9c717a1504d0548d74c3276e296b04a8826,0.0014541935774364642,0.013066132320091128,0.11089325696229935,1.134095901157707
353,671804035cda35211f97f6cf9f80d16152a872fd,0.0014702206410999808,0.011304813204333186,0.1112818846013397,1.124587738653645
354,58cce65ce37a3e68c82878b77c844ce69a489caf,0.0014775112670447144,0.0135007300414145,0.11339948559179902,1.1462916978634894
355,ba4e4b6558050e0ef0fa3a312a46d65a5f021c16,0.0014917206551347461,0.011477567488327622,0.11010599392466247,1.1387509433552623
356,5a4140d722117afc89869d5772ddd7a67448cfbc,0.0016169379731374128,0.014109166106209159,0.11879710992798209,1.1297227260656655
357,076c599f25255d991f59056bd16f80aa72631ffe,0.001506387522178037,0.01155468518845737,0.11315001547336578,1.150012016063556
358,f9e161df7113350b6a0f83d975dbbb5c2fe93ee7,0.001462664089298674,0.011339094256982207,0.11059567052870989,1.123770981328562
359,470c783b50e82ff43fe3e808071b2f95f8f85f31,0.0014571768697351217,0.011302818078547716,0.11025588447228074,1.1184553836937994
360,a96b18e3d4d11be31a321999cda4b795ea9eccaa,0.0014743859480534282,0.011412029853090644,0.11141429841518402,1.1327168585266918
361,a906c1fa8cb68e937c87bfe63df07073e983338b,0.0014695713096963508,0.013192099053412676,0.11099127284251153,1.1285964348353446
362,ce6c68aebab74ce82ef83e1c6983faffe462066d,0.0014478720924151795,0.013136101420968771,0.1096437054220587,1.1117755912709981
363,d7d65c9d56ddbda8f48ad4b988aecad03fe3a8c5,0.001470394099929503,0.013151106657460332,0.11006773402914405,1.1201154163572937
364,5c4b58674f80cbc3a29546bba32df7f16e11d68e,0.0014673584207360235,0.012140401639044285,0.1182480554562062,1.1174726975150406
365,cbde47818a821ef951ca73e851579ca75d23a82b,0.0014742416928389243,0.011333310976624489,0.11115300189703703,1.1234170573297888
366,84d84293bec9d17548097b41fa273aee44285f5d,0.0014613253796207054,0.012950386619195342,0.1102655497379601,1.1182002420537174
367,7bb4697b2ec2425bfb41410079841854b2abdd18,0.0014640954323112965,0.011883100494742393,0.10936845792457461,1.1182335130870342
368,8b901c7f33b7dd76e04df53203c19e1afd80dce7,0.0014495285826602153,0.013013852061703801,0.10945381876081228,1.111028200481087
369,a0e136b0e0f21b241e97f0ed47f56f131d69f913,0.0014664873015135527,0.01311029284261167,0.11022713035345078,1.1193312099203467
370,55ecf648d68f3fb9691fbe0f9c1d5e6168cc5cec,0.0014666033176971333,0.011363010853528976,0.11091248248703778,1.1261995385866612
371,1b212bda1c2833467177eb0d62c6de6c224c6a80,0.0014808762020298413,0.01322012348100543,0.11361852777190506,1.1525533334352076
372,bdd4e2e29c4b011cf455a72f85c92010656d2722,0.0014743601703750236,0.011324422899633646,0.1110076759941876,1.129999021301046
373,c25557e0a9b2d80950a8501062fc337913a3549f,0.0014785215192075285,0.011398115195333958,0.11119974520988762,1.1280553911346942
374,266f40a00c04bf502093778c99a0cc06eda1865b,0.001447753847709724,0.011135984444990754,0.10888284910470247,1.1113579669035971
375,211d5c193113f3e49e18422bd9926db9fb07f78b,0.0014593930183244602,0.011258033104240894,0.10993901849724352,1.1186011277604848
376,64b64cddba55312b3f49686ba7aaf72760166b29,0.0014725551009178162,0.011295160045847297,0.11061095050536096,1.118588107638061
377,fb314a390851d4c21f3f6a2a87cffd329219c524,0.001460968516767025,0.011219108244404197,0.10986455110833049,1.1151833531912416
378,9ec27a3f5b81e6a7e808836410c9b6a73204c27e,0.0014557062116052422,0.011231907643377781,0.11016515060327947,1.1171742174774408
379,489de42a9585615ca9962a83882896069357ab97,0.0014474615122058562,0.011209598975256085,0.10969241568818688,1.1166850754525512
380,924cbe4dadcabd337a6d8b0ef6efa3091a3ed5fc,0.0014523073831307037,0.011135835200548172,0.1093212014529854,1.1081892042420805
381,821a18e55916d0d40227c58ea75f589ea3d9f078,0.0014680525886693171,0.011287261499091983,0.11073867906816304,1.1394811356440187
382,abce2a0604a4db5d8072a0b1478c7af439882ed7,0.0014386361331811973,0.01106397109106183,0.10819341288879514,1.0984831058885902
383,a5d021a1b6f439a19812926bc4d796ef5f346c44,0.001560667230348502,0.01125588733702898,0.1115247190464288,1.1237857749219984
384,f1671076c80bd972421751f2d48186ee9ac808aa,0.0014732827632022755,0.011344770435243845,0.11152423359453678,1.1269494898151606
385,9439b56f8762b8c9b48d2f9e54dfb467aaa2b3f9,0.0014454168267548084,0.011240830179303885,0.11049458780325949,1.113896538503468
386,4abd2a845d0723732f26dd9bbba34d076cb7321d,0.0014693787254925284,0.01132690324448049,0.11034038849174976,1.1214369763620198
387,c8a5ff07e5bda47eab870671634b107da5ab7934,0.00145150744356215,0.011148085119202733,0.109935691813007,1.111304487567395
388,267621f07a902eceffc179fa01f984f3e2d4bdcd,0.001458641407745225,0.011330996872857213,0.11158953094854951,1.1327792464289814
389,581eab37b5d558ba9b8035f3fa82cfa617e70e26,0.0014671964038695607,0.011288928100839257,0.11090516648255289,1.1272144035901874
390,6f822d20fe5d0596e2b284d3e246e38cb7cea7fc,0.0014506417459675242,0.011225733906030655,0.11075788596644998,1.120531252818182
391,a60d5e8d7652641b861587f1fc8efa3cf2081bb5,0.0014484862996531384,0.011199776316061616,0.10943418997339904,1.116589397424832
392,9e2d66a110090ee7416f4686593fdf9142ce6cbc,0.0014480250954095808,0.01117911166511476,0.11012396519072354,1.112419632030651
393,d3ec3cb274fdb1a7d25cf7ee4bf2c94a8aeab281,0.001469167581360255,0.011290710885077715,0.11060372064821422,1.120832137297839
394,5451fcb06d5ae7cd3f4a9a02314d6e574bd4c83c,0.001449954928830266,0.011181347304955125,0.10932606062851846,1.1130970632657409
395,ee60cc9164e5a20b98ee6722e25b0df41e411675,0.0015468540202294078,0.011461035115644336,0.11227953736670315,1.1461042654700577
396,f1c4ba3e97cbf5c494f29531b35da6144cac5aec,0.001477797149813601,0.011352160712704062,0.11085642804391682,1.1292590016964823
397,8f8603dd18c9c70191fd75d98793dc94c8ac30fa,0.001483042591384479,0.011453319573774934,0.1117797433398664,1.1374466835986823
398,d647ef2d98852e322d487d6045d5860223dcda79,0.0014688898476638965,0.011295233387500048,0.11026675603352487,1.124530831584707
399,e73c8e5479297f235b37fba91d6d0e8464be66a6,0.0014539692950035843,0.011221802094951272,0.10935468086972833,1.1085736763197929
400,ad30b31af0bb3fbfdc0f11486807edc76cec2680,0.0014665613416582346,0.011680160416290164,0.11620185454376042,1.1209902565460652
401,073316d25d24b7cb4ffc09fc705448b0e17dc2dc,0.0014416096465928213,0.01120115234516561,0.10837619262747467,1.1006783933844417
402,e0d27e381889cc30ac0d5ab906146b7c2794ecc7,0.0014497632759490184,0.011201161891222,0.109222891042009,1.1207068494986743
403,fdec5a5d3dcd7fdf46886a162147d073546537cb,0.0014586260741842644,0.01122806710191071,0.11027843481861055,1.1237427340820432
404,d0928f871ccb42484c7e03c456ce489dea908313,0.0014596215249704464,0.011182968271896243,0.10915906238369644,1.1054616409819573
405,0ac02d3819157a9c64b78157428336200632cff8,0.0014823225792497396,0.011371482163667679,0.11152406455948949,1.13782093138434
406,68ebc2bad1ad6a99e9939eff205a1a6d936cf4fd,0.001469530664118273,0.01163054071366787,0.11076009878888726,1.1314624571241438
407,02d66ecd80a1851c3b206f4d778687b38c9d2c36,0.0014439990211810383,0.011140755377709866,0.10867062048055232,1.1049648341722786
408,0c384dad6a0a7bfc9842e92253c5f02b810b8bbd,0.0014500267737145934,0.011198434280231595,0.10930160991847515,1.1108935358934104
409,19bc8bbe37044b9f23d80bb282758071d0d8bf15,0.0014537722870175327,0.011215013219043612,0.10987562453374267,1.1116324309259653
410,f1206ddb24d35781328266b2b02fa27e6fbb9846,0.0014453607145696878,0.011111390078440309,0.10892534162849188,1.1042534958105534
411,a89f3ebaec7441f4ba5e30eb07206c2a7269778e,0.0014586871423359427,0.011252097086980939,0.11002696678042412,1.1090914842206985
412,9eabe2f87dbe087e878983bdd69edd8a9084c358,0.0014676700811833143,0.011269164504483342,0.11079750442877412,1.1220355599652976
413,5345c2575a28fa2dfbbec83c99636669476c2745,0.0014634414775563137,0.011255214922130108,0.11052704486064613,1.1187059818767011
414,ccb971d169e75c35ae0360e0949f31d2c0c49107,0.0014661548526159356,0.011340159922838211,0.11085540684871376,1.1253215093165636
415,cb98ad400c701f189d4e4043ee2cb44857733df4,0.0014764360883938415,0.01145698013715446,0.1111174684483558,1.1264692437835038
416,a0350ed099d1265dd86627280b03ea7070920092,0.001476780278608203,0.011403520358726382,0.11286114808171988,1.1420177454128861
417,9e85b3701f80a5e48ca5e7fc5281af2aba591870,0.0014720357887979063,0.011314828880131245,0.11094564199447632,1.130207801470533
418,f3ff68e5fe874f9626fcbe85000549083f4f222a,0.0014586718087749822,0.011248755734413862,0.11138990754261613,1.12617775821127
419,56315089b048160d7c013f257ebf7ea9fea70d91,0.001455982747886862,0.01116286194883287,0.10975160915404558,1.1091034186538309
420,8d225d918ed052a259331722b4eaf66d54a212d3,0.001468604929479105,0.01130162738263607,0.11008625640533864,1.1253198846243322
421,ea7f5ebbda0016438dc1b80c98ea3de8dfec7ca9,0.0014607912328626427,0.011179976398125291,0.10947915934957564,1.1136393137276173
422,b26c86f65f2217578665998db3f3512bca613167,0.001460675848647952,0.011316083604469895,0.11232419940643013,1.142858195118606
423,a0be9d0615f10e5a1098466a58e18a215ff427a6,0.0014587242289313249,0.01126195932738483,0.10938791953958571,1.1093855071812868
424,0991b083bb0ee8bbd767deadbe237994397e79c5,0.0014542120043188334,0.011095276102423668,0.10819925577379763,1.0981665521394461
425,da1621637b7c59c155ec29466fb5f810ebd902ac,0.0014626612620694296,0.011171892751008272,0.1089900613296777,1.1053016989026219
426,1fb7047b0ceba98d43b50ebb398be899ff8f6a1c,0.0015056244363742216,0.011344637488946319,0.1092012352310121,1.1093057999387383
427,95a6774007d1d7898c7da40d9989e9f1dd1b0f40,0.0014387295814231038,0.011083966121077538,0.10844796849414706,1.0968079615850002
428,02883d85b5d3f68c12cb1df75f96e0fed741d4a4,0.001466347004419991,0.011293853865936399,0.11036241496913135,1.1213763649575412
429,8245b392a344a1ae0db6e569ab68b368ad8883c1,0.0014626806535358939,0.011333727976307273,0.11076405877247453,1.1258750739507377
430,cdf83879fd0d050cade0fe7852550fcbcc177648,0.001477211414437209,0.011422308627516031,0.111744579160586,1.134075772948563
431,b3f7132e0bf378eaf21af9194f447036b66c70b9,0.0014793077550296274,0.011430402286350727,0.11177751491777599,1.1249795062467456
432,240f7c9d95e60d14cf3f09decc3e61a451d78bf8,0.0014675347067947897,0.011235198006033897,0.10997517011128366,1.1191949397325516
433,eb22fe8f82b8c7b0561b25614cb0863b71b4427a,0.0014638273777174099,0.013868632493540645,0.10987218422815204,1.11552003165707
434,a69ce0652b27b55d680a9d6def2a05c4376653c9,0.0014692727210266249,0.011244812980294228,0.10966979805380106,1.124300212599337
435,e8c78e09ab38b80b586108dfb4151cbe70c7a694,0.0014758771285414696,0.011309434194117785,0.1113243312574923,1.123071807436645
436,f253a7e39204142e3cf82d6beeef1ce22f5500cd,0.0014797548896500043,0.011390643659979105,0.11107800854369998,1.1230012914165854
437,2f156d8e3eb4f57067209fa4499eaeed8551c4ae,0.0014447761350311339,0.011235314887017012,0.10976918134838343,1.108229556120932
438,69555f52b2e2c5032cf70d40d9f9b8ec9a048500,0.0014524773162390503,0.011198174674063921,0.10960274050012231,1.1170670660212636
439,209499058705258d60194f7d06890a6825778d6a,0.0014764226174780299,0.011329963337630033,0.11070398613810539,1.1244486616924405
440,5390a021ca3842e237d75e328bd47fb334e647f6,0.0014617384544440678,0.011273753829300404,0.11006480967625976,1.1211095973849297
441,be8ab91f789c3b688d707940016b4c2d262913e9,0.0014716980845800468,0.011301834136247635,0.1113610859028995,1.1367611847817898
442,6d4895cc9fe614cf3164891b1f502453312f64ca,0.0014805886229234083,0.01142557431012392,0.11201937356963754,1.1317343614064157
443,0b9dcb2edef710bb35f1d5f8848fb5ba97990f7a,0.0014844181548271862,0.01157969469204545,0.11111848102882504,1.1328419293276966
444,dba16cd9f155c858bdddb530cab9971bf9af75fc,0.0014742612838745117,0.011283550411462784,0.11086365859955549,1.1298939818516374
445,ab37e1b29214bbfbe1fed28db68661160ca4acb6,0.0014728410169482231,0.01138311019167304,0.11250985320657492,1.1375247780233622
446,a41d513df0bc100e36973d634b95ba86f710a508,0.0014720785298517774,0.011283071245998144,0.11064861016348004,1.1213771435432136
447,a87ee593c3f5da5dcb42a8033ecbab0f0c9b7903,0.0014827834841396126,0.011350618675351143,0.11087211361154914,1.130991409998387
448,942add94ed3bbe479c2e6f5ca8e2a8a6d4ca4831,0.0014547457519386497,0.011211720295250416,0.10988719249144197,1.113285849802196
449,3cf4c289067b6df2ddf019eed3c9f73946d960a2,0.0014626961201429367,0.011238256935030222,0.11021549021825194,1.1180114969611168
450,6e3be61d6113e63a1d1be54e6c8341760ded5842,0.0014635022463543074,0.011245965026319027,0.1101459595374763,1.1150290905497968
451,9298eeb4f6c73ca1259f627860abe98b63f89da4,0.0014831296700452056,0.011461632326245308,0.11194773018360138,1.1340622529387474
452,4771e3f30f53c33dd9e27eb9dcbe2b938a38e9ae,0.0014520339401704924,0.01122461212798953,0.109758161008358,1.1545007415115833
453,4317dadcf0758a287d3a0a2902d6064913b49b0f,0.0014740624465048313,0.011377726681530476,0.11126465536653996,1.127467768266797
454,e641d8b35484d786f399e8cd9349b2a6c09269d1,0.0014734795716192042,0.01134967990219593,0.11076607694849372,1.1268649669364095
455,2ccfd794011ece560ba4bbeca6f9171176428a77,0.001470525615981647,0.01135704293847084,0.11095635546371341,1.1350243454799056
456,245525514ed55258521ed0cfb2a1b00bad85aadb,0.0014688970654138497,0.011296480428427458,0.1105160959996283,1.1255085244774818
457,d0be29809a4c526d30afdb998bd6d0110b657dad,0.001472097755010639,0.011473638471215963,0.10983576951548457,1.1186814773827791
458,c3cd5414426b0e61c331671a69a58103dabacf5b,0.0014639880641230515,0.011289089918136597,0.11102128168568015,1.144804511219263
459,f7268a392b55430e968f67c51ed71799d4b02c2c,0.0014583226293325424,0.011243341956287622,0.11014675628393888,1.1158127482049167
460,777894c478153272a8a5ff37f3199c6e2800e5d4,0.0014596530236303806,0.011245548725128174,0.11079545924440026,1.1168061061762273
461,190dab07e0b88abafab2b6687d53a0c55b7a5b59,0.0014583832318229334,0.011238436680287123,0.11017537023872137,1.115942350588739
462,5925773e51fc427ba5d5dca9e72f5e28a6e7ade5,0.0014795639685222081,0.011626610532402992,0.11185105564072728,1.1645620772615075
463,ded4fa6a0246e963a9fe2066c882d81981be906b,0.0014862938384924617,0.011553311254829168,0.11259901244193316,1.158012880012393
464,7abe543492fe1741cecf574885dcf0bba36f7057,0.001476770466459649,0.011400421615689993,0.11091982992365956,1.1296561076305807
465,3e8a54175b5b39700ddff4729f9764a5f789a445,0.0014514607111258166,0.011243445798754692,0.11065800581127405,1.1098750084638596
466,084c1dc7524016a59248b811270e8e4d210b7c1d,0.0014615212567150593,0.011210150085389614,0.10965305753052235,1.116786474827677
467,d1add332f833a52baa69bba7f8d378e9dec37343,0.0014825455977448396,0.011319251731038094,0.11108045466244221,1.1204341724514961
468,8bcf6bc30f33a6a36aea0eee2c72f06516b4b6bb,0.0014975285822791712,0.011497000698000193,0.11246831575408578,1.1486322404816747
469,1c8efa16b296258e059a334e27e68428cf3cb48b,0.0014802470936306886,0.011275638360530138,0.11033095559105277,1.1344429813325405
470,2c2291136aca50b58cd7c09b29a25490c89c9b8a,0.0014759809710085392,0.01138354791328311,0.11109640169888735,1.1372736268676817
471,996e6419e44668a6daa28f58efcc0d2c07b3a9da,0.0014593634488327162,0.01127395685762167,0.10936174308881164,1.1107948254793882
472,86fcce61c9cddbc354ba67b2f818670f5822c688,0.0014801892851080212,0.01147087151184678,0.11206703400239348,1.1383551438339055
473,90177d698c61b9550e1e3033dd041e91f8e3c6c4,0.0014505299207355294,0.01117532979696989,0.10941726714372635,1.117773094214499
474,18a6e3e505ee416ddfc617f3e9afdff5a031c2c2,0.001524288606430803,0.011939333286136389,0.11646771430969238,1.1885201707482338
475,c43b2bfb15281e170cc5006829ebc559bd1915e3,0.0015096424280532767,0.011776123195886612,0.11561282631009817,1.1742540909908712
476,58da484abf6f466a9e8bf55c188cb5b501d31ceb,0.0015283928119710513,0.011836903169751167,0.11565434141084552,1.1779512036591768
