,hash,"stride-1,dtype-f","stride-1,dtype-d","stride-2,dtype-f","stride-2,dtype-d","stride-4,dtype-f","stride-4,dtype-d"
0,03164d2d819f9b38e1c684d6d9e128f11867dc3c,9.431274269114841e-05,0.0003479469412316879,9.642797522246838e-05,0.000350656205167373,0.0001007096074959811,0.00035427358622352285
1,60df9b1eb6375e3decf12ba7506404c46af0469a,9.447169405492868e-05,0.00034845204403003056,9.675046259706671e-05,0.0003496380367626746,0.00010099493536270327,0.00035277165782948336
2,772c80b1ce1db7e30497fcf555ac9af56b0d7fce,9.349354288794778e-05,0.00034973438208301864,9.414360604502938e-05,0.00035020421879986924,9.497949345545335e-05,0.0003527547853688399
3,66d357ae3aedcd324a1c607e037adc65d3ae1c02,9.360468353737485e-05,0.0003497808240354061,9.453007104721937e-05,0.0003518571301052968,9.484422308477488e-05,0.00035341577604413037
4,cec39effb1739ae0a7690e56d58d3e9432569d5f,9.353179907934232e-05,0.0003477818487832944,9.40190204842524e-05,0.000350382582594951,9.519254619424992e-05,0.00035192687064409254
5,8ae543cb13769a0afa6e176898824db7fd992d27,9.329382922839034e-05,0.0003541212063282728,9.402271190827543e-05,0.0003500201428929965,9.478178637271578e-05,0.00035305130295455457
6,c890b10a8ade5df19f97b02a2b10a75f9f6075e9,9.404042397033085e-05,0.00034873646994431815,9.419866414232686e-05,0.00035232255856196086,9.560317055068234e-05,0.00035264461847214865
7,c9a83043c0669fd17306843eb21abd236b675537,9.396563876758922e-05,0.00034878947772085664,9.436404163187202e-05,0.00035003695326546827,9.549539959566159e-05,0.00035459814785883344
8,4d87d909bab7a7dd4bb570444cf35d98d551668f,9.341011331839995e-05,0.00034866415274639924,9.42932568829168e-05,0.00034996128330628076,9.475542147728531e-05,0.00035439487546682356
9,a280f5e5d725de732a906b67172114b263ac3bfa,9.356900964948264e-05,0.0003480696585029364,9.432148019021208e-05,0.00035143949401875336,9.502615271644159e-05,0.0003518375878532727
10,c303c9b77afbc7fe6f4049683c3ccaabdebe7be3,9.356736713512378e-05,0.0003473358228802681,9.40272118896246e-05,0.00035029291175305846,9.501607749949802e-05,0.0003526044699052969
11,fdfc4807cbe2de71f74053c45ae0de383332c4e1,9.379527446898547e-05,0.0003482145257294178,9.414213286204772e-05,0.0003507788758724928,9.527088312262838e-05,0.00035217443170646823
12,537d35c2cf49cae0a496c37564fa282ec80e3695,9.336657398803668e-05,0.0003486181416645132,9.384994733739983e-05,0.00035045420130093896,9.490826844491741e-05,0.00035312743857502933
13,1b6831be8dc33308e77f3d3253f5ee777e3bb178,9.350925260646777e-05,0.00034827929921448235,9.385376152667132e-05,0.0003519787297894557,9.474896571852944e-05,0.00035272384993731973
14,7ef145115fede2c20df2cfc51ed28fcc9742b696,9.352828121998093e-05,0.0003490553858379523,9.423620490865275e-05,0.0003502031322568655,9.514426981860941e-05,0.00035301830309132735
15,175476fec763984573e60485a447978cbcb381c0,9.331715462560004e-05,0.00034854085794810594,9.40896486016837e-05,0.00035121158386270204,9.5120927488262e-05,0.0003530907134215037
16,c3c2b689cd4e1ccc24b18e764f105ed0e400ae92,9.405795400115577e-05,0.00034905152084926765,9.418615902012045e-05,0.0003505319046477477,9.458860890431837e-05,0.0003535738525291284
17,93240e0d8ea23644a5b7874037e658c54966ff54,0.00010076742964210334,0.00034898892045021057,0.00010179777446890546,0.000352124326551954,0.00010323288130029193,0.0003542229998856783
18,e1f191c46f2eebd6cb892a4bfe14d9dd43a06c4e,9.332412261177193e-05,0.0003495258589585622,9.399512359364466e-05,0.00035042952125271165,9.491891515525904e-05,0.0003532632254064083
19,8eedd3e911b7e3f5f35961871ddb8ee1559d4225,9.323086758906191e-05,0.00035644254447626215,9.640639817172831e-05,0.00035890315434542196,9.729984978383238e-05,0.0003673134307409155
20,ade91ea2f28284668fbf78971538ac4827d653b8,9.323264980180697e-05,0.00035070885593692467,9.408162652768872e-05,0.00035053820659716923,9.507834488017993e-05,0.0003532668704102779
21,b0a6e5583f2952a040c45d0d50f5e93372dc175b,0.00010008128093821661,0.00036454650348630445,0.00010030194082193905,0.0003634227572807244,0.00010564971338719764,0.0003717146048854504
22,94b36b557ce7d88bbfe4091c59aa376764b7047d,9.69202977351167e-05,0.00036054880668719613,9.876400316980752e-05,0.00036335114079217115,0.00010330404511818263,0.0003653255548199703
23,ce6d3ffc991c63c1a91fd806b4eb3d0008caace2,9.341800839386203e-05,0.0003481801909705003,9.369281628592447e-05,0.00034931201177338755,9.479605254124511e-05,0.0003517184561739365
24,aab7993af0f6f3b9ac0d76952933b19163d65496,9.311950680884447e-05,0.00034725901981194813,9.38058365136385e-05,0.00035028369165956974,9.46171497079459e-05,0.0003520228123913209
25,b94c2b01ff7ef5b8dc44726512cfa232e9054882,9.360034865411846e-05,0.0003477470794071754,9.389689022844489e-05,0.00035042720846831796,9.578804654831235e-05,0.0003522548278601005
26,f737b354e6ab2aef8b4c05bca0011de46a4b53b0,9.583611972630024e-05,0.00036355615260877784,9.627625854177909e-05,0.00035864866242326537,9.511726993051441e-05,0.0003517964699616035
27,bbd5a7750fbed42a4aaf12f196282a9504a1e865,9.345388547940688e-05,0.00034799391093353433,9.441999718546867e-05,0.00035037677735090257,9.492407129569488e-05,0.00035179879826804006
28,66f1b8a5411e8265ed87ff7bf97c67960af2624d,9.355906989764083e-05,0.0003480780714501937,9.398607283153318e-05,0.0003511905980606874,9.513502432541414e-05,0.00035869744606316085
29,d9347181d825d9426e783cfeafee304735bd25aa,9.868631050700234e-05,0.0003650577925145626,9.996455737224248e-05,0.00036633075696641,0.00010638399264560296,0.00036828855759110944
30,fc159a547f091d1d6f75db470a0b8e9b2e7acea6,0.00010158310813659971,0.0003734255775011011,0.00010323176752323303,0.00037709059792437723,0.00010467478289053991,0.0003785319859161973
31,857125603f3cf72e2078ed2effd0f6ce40f0ca28,9.377618658949028e-05,0.00034892402278880277,9.427728893404656e-05,0.00035617391889293987,9.53834376890551e-05,0.0003538203736146291
32,847119387dedec1ce7a85c1c0f29bcf86bc0348d,9.370485998012803e-05,0.0003485669537136952,9.826584719121456e-05,0.00035868959244469116,9.992747906256805e-05,0.00036805730113493543
33,deb4be85025088553d80d6637dbc17d7f8101f41,9.374202821742404e-05,0.00034985397942364214,9.426110085438598e-05,0.0003505186953892311,9.529379789124836e-05,0.00035306870316465693
34,0c06b0b8593d947c5d63b72b6d84ecf83ae5da5b,9.377662261778657e-05,0.0003498112317174673,9.42657066678459e-05,0.0003500919323414564,9.561211548068306e-05,0.0003524570570637782
35,c003e6ef6e421d23b5bf98f01df20f1350f61ea1,9.379723871296103e-05,0.0003484424358854691,9.409082122147083e-05,0.0003520214930176735,9.557383812286637e-05,0.00035379755621155103
36,a0c5f64f4f1a7f6ee80dc9b95aa813df28a87d72,9.347147900949824e-05,0.00035269920093317824,9.44201707501303e-05,0.000350525975227356,9.52732664617625e-05,0.00035567608950980774
37,c53c89f0d8572086dd13cbe1c3c98a4e73b41d09,9.359333410181782e-05,0.00034823383515079817,9.421108459884469e-05,0.0003507077404908065,9.53306062993678e-05,0.0003525237708042065
38,767744c86e1e4a27bf77f90a85f17e564c9b94ea,9.382997470145876e-05,0.00034863118018055783,9.432564997537569e-05,0.00035013393498957153,9.57316295667128e-05,0.0003531050450842956
39,e657629bbc2bfb880a1b2fa24a39c5921c1f965e,9.360731240700592e-05,0.00035091531462967397,9.405285712670196e-05,0.0003502689430425907,9.512959302149036e-05,0.00035312880451480544
40,3d0c041ca162d69cc5bbb4d9d051eca7933f12bd,0.00010206911466875167,0.00035376534797251227,0.00010243165489359229,0.00035740781960816217,0.00010309811628792645,0.00035882440941600966
41,ce140e8d5c28f1f057db1102cf78263e48f86d61,9.369514882564544e-05,0.000360175389154204,9.431179866872051e-05,0.00036079070434488097,9.551149454306473e-05,0.00036526699389876987
42,c18ab2c3975c8fa8b59724fe6855c528d72fef8c,9.386833249167963e-05,0.00034799212589859964,9.402499482449557e-05,0.000351311747605602,9.529682790377626e-05,0.00035248640924692156
43,3d2205dfd1d28fb8106e60223cf7207a3c05dbab,9.401206096464938e-05,0.0003488913644105196,9.945436719466339e-05,0.0003525271235654752,9.558372284201058e-05,0.0003539332477697011
44,c3fd79150bc183e8852f1330ea6e8cb4ca7ce7bc,9.371526962654157e-05,0.0003494860138744116,9.4466106119481e-05,0.0003528404515236616,9.581049110878398e-05,0.00035469232383987
45,71555c48be7f07833bd540dacb50deb8069b551f,9.369886141609062e-05,0.0003483028151094914,9.428512474352663e-05,0.00034989286214113233,9.517653591253542e-05,0.000351769741003712
46,5324067c702a41e901354a01a5f0d05ff49b6cb4,9.357951666143807e-05,0.00034856782294809816,9.405574422668327e-05,0.0003507473040372133,9.551485153761777e-05,0.00035605735370311244
47,20cb312563b2e7c0b180db8dffbcd71d7dfd0bee,9.430056776512753e-05,0.0003509076467404763,9.506514126604254e-05,0.000352998970654504,9.566203437068245e-05,0.00035521045016745725
48,45ee22fa2fdd2bace756ed62685a346da91c4cb2,9.466901590878313e-05,0.000348521148165067,9.54929485239766e-05,0.00035074444798131784,0.00010025953977472252,0.000352601520717144
49,798aee26bdb9dcc0e806ca9271f0f98297188dec,9.432234378023581e-05,0.00035564182326197624,9.500250982289965e-05,0.00035960407092653474,9.609952315010808e-05,0.0003590887123397712
50,1c50f244d4d1eba4f3f63e93a05a2b2f938685a4,9.40181611275131e-05,0.00034775384701788423,9.598512710495428e-05,0.00035110247674687153,9.591555730863051e-05,0.0003520962471763293
51,fca7a15f30776ebce9e6814eb927e837f567a518,9.391228668391703e-05,0.0003484415200849374,9.697958911684426e-05,0.00035157268866896634,9.561657312918794e-05,0.0003572010279943546
52,26311ed7bf80e02c827189e80084602d72e4f284,9.399145333604378e-05,0.00034990172897433414,9.440143846652725e-05,0.000350601024304827,9.538428857922555e-05,0.00035250956813494364
53,b5e01bcb668da0413170a886c258e00d2540e752,9.388616308569908e-05,0.0003493642434477806,9.442624974657189e-05,0.0003503273862103621,9.562186473472553e-05,0.0003520192733655373
54,ab30683fe1277a7fd471be63975a02ed8d766f94,9.42001034590331e-05,0.000348735631754001,9.45277681404894e-05,0.0003508515345553557,9.603433480316942e-05,0.00035283979959785936
55,3c89e2f913406f55b6e998017c1149e3ba383bcc,9.404872120781378e-05,0.0003493990128238996,9.431687861003658e-05,0.0003518793887148301,9.57143408331004e-05,0.00035544255234558006
56,590f07121dc55e6d9d9ce514887c9bbc253fb266,9.380902841009877e-05,0.0003543963966270288,9.43284400779268e-05,0.0003568642462293307,9.520826861262322e-05,0.00035740539495801105
57,872372bd56ccb5fe98faae8be7d14e4a8c69e037,9.349262849851089e-05,0.0003535062074661255,9.424876506355676e-05,0.0003573075097439618,9.55296369890372e-05,0.0003571265923051998
58,70a84c3192b4f231925e8e36f50d6a26bff3b46d,9.405230679972605e-05,0.00035472487195812425,9.46120951663364e-05,0.00035685270318183405,9.56618015400388e-05,0.00035982444111643165
59,9d416356baf4a653b2c647a921ae24ba7d39e8df,9.363556534729221e-05,0.00034954906441271306,9.458634409714828e-05,0.0003501194497120791,9.544751675868476e-05,0.00035265920062859855
60,09dd75e9e2139bc9742e6009b7babe41d4c002df,9.403454393825747e-05,0.00034899149710933367,9.48496586219831e-05,0.00035058016535537,9.584765542637218e-05,0.000352974950025479
61,85d64e375f53f6028519d3aaad0b421934dcbe24,9.395613081075929e-05,0.000349065816650788,9.467178024351597e-05,0.00035148655685285726,9.541164406321265e-05,0.0003539779999603828
62,09e04dcbe3d0c836437b2d4745b353b256ec6265,9.474123997444456e-05,0.00035030065725247066,9.660752718600461e-05,0.00035116327926516534,0.00010087490778103053,0.0003523156357308229
63,cdd7ab252988ff4254705e0a89874edeb5cea8eb,9.514393115585501e-05,0.00035378132015466694,9.552269581366669e-05,0.0003551155794411898,9.644589048217643e-05,0.0003567415707070252
64,06da877ceae914a875bd1a55cd8e271332358803,9.383840317075903e-05,0.0003485383310665687,9.46248500523242e-05,0.00035178161536653834,9.577994984863079e-05,0.0003545453836177958
65,8529dfaaec65248420faffe095bac03c23881735,9.416336701674894e-05,0.0003564854409417202,9.494654580273411e-05,0.00035706995825829173,9.624406864697284e-05,0.0003596989534281451
66,171a3e5811e43643788c20075be9ba52efb83b81,8.925167675756041e-05,0.00034862499063213667,8.984960707997487e-05,0.0003518317360430956,9.097845470609744e-05,0.0003538413519232437
67,5bf9ab98edd254dee1162d6f1863053e040cf828,8.954483343929541e-05,0.0003503097997357448,9.039638579384355e-05,0.0003518896332631509,9.17160375551744e-05,0.0003547439972559611
68,9776a73cee9eaaff6af40e971fa2bb7f8f1086c5,8.998854757576692e-05,0.0003498008009046316,9.100099117302697e-05,0.00035173198657816854,9.218034842474893e-05,0.0003543358451376359
69,37a1ad069a800f5ef98286f25fb3fb632375168d,9.056540929581508e-05,0.00035002650693058965,9.119226597249508e-05,0.0003514253844817479,9.297120638869025e-05,0.0003539112706979116
70,1cb2230bb1bfb9b2544dab798dffeedce64ad39f,8.971085156167834e-05,0.0003488105721771717,9.005301639683976e-05,0.0003518717518697182,9.183505634692581e-05,0.0003531888903429111
71,044f5131450f38cdfbab63d6999b60e7e3bbabe5,8.970723090479608e-05,0.0003487923027326663,9.115163452369122e-05,0.0003508465675016244,9.208446453240786e-05,0.00035404606411854425
72,dc089026b4ad0d2d9ea992c7f1b9b5e716dd82cd,9.013476111918442e-05,0.0003582658085586696,9.074682862428594e-05,0.00036148556732925875,9.18554946441542e-05,0.00036265118176053313
73,53adf81bc503d749b13160a27e49160c5bbe48d7,8.990897674907426e-05,0.0003494735341519117,9.042618426779084e-05,0.00035280121179918445,9.180737913332202e-05,0.0003545071351630934
74,49e00940a82f9590d774539cd188b634c29fc39f,8.988025460819729e-05,0.0003497631909946601,9.067599807889009e-05,0.0003519010109206041,9.180153296752409e-05,0.000355041971237495
75,7b9b41a4c7dbd7b719d62f343f57f841f5809693,9.23565535454965e-05,0.0003548350088812154,9.054321918852073e-05,0.00035617065391150014,9.190006266263399e-05,0.0003596187794002993
76,ae88e02a48c4744afd22c63be388870037f3c84c,9.288491819762002e-05,0.00035420097410678866,9.02809595211971e-05,0.00035716341166146866,9.220157411288132e-05,0.0003587152519873504
77,0aeab48b9e914d1dc7041b7e3f3b7e575ffcbbed,8.977930153124646e-05,0.0003535151326407989,9.076261492676972e-05,0.0003556571419126001,9.217049757188016e-05,0.00035839397781367956
78,c18b3f59b5f5752ab038224fd3bdf2dadba55ecf,8.996294306243881e-05,0.0003575173206627369,9.071557320842222e-05,0.0003576094188309949,9.187199985203536e-05,0.00035836894450516534
79,a5e5e51187d4476841503ce816924ea99936dba0,8.959034610478604e-05,0.0003668415873985866,9.196519174359061e-05,0.0003521412225632832,9.206768802621148e-05,0.00035400524114569023
80,b69cf68a24cffea0a884a102da1797755de8f022,8.974600706464988e-05,0.00034910069468120734,9.059030485670429e-05,0.0003516179664681355,9.200027297166261e-05,0.00035698514742155867
81,ee3e17a7c3e3efdeafe907b394de56aed01a70e0,8.976466815210571e-05,0.0003622125127706034,9.064918599468617e-05,0.000364578264797556,9.199335578490388e-05,0.0003661114947292311
82,c71ce0e6dbd9ec67b3ac7fb5ac3eb609f8a56829,8.962746923331356e-05,0.00036261840884027814,9.057933295314962e-05,0.00036504474500643797,9.212835099209438e-05,0.0003673678488823874
83,0ce156413feb21a4f2a8eae3b1cd954d04240edd,8.977818387475881e-05,0.0003490151061366002,9.110143931567177e-05,0.000351602490991354,9.174424392933196e-05,0.00035287438217422053
84,7e3fd81c039b0e22715c4e6eb63439bdf5a620bf,8.994683407801242e-05,0.00034927328427632653,9.032472013688285e-05,0.00035306767870982487,9.208747439763763e-05,0.0003543905271538373
85,a6b4b2bdd6baf2afde27284097426e93912452e9,8.94704459570959e-05,0.0003616187785720003,9.050487717690547e-05,0.00036390893289755134,9.207307699729096e-05,0.00036764798486339193
86,c8a5ff07e5bda47eab870671634b107da5ab7934,9.388083851606142e-05,0.0003843802260234952,9.301709673128838e-05,0.0003871244012511202,9.40851994197477e-05,0.0003813265523474131
87,fafd123410f1ad5c47341c66d8ea4cf541165e77,8.961489454896982e-05,0.0003548402339220047,9.029572213853686e-05,0.00035588995863993964,9.161825715140864e-05,0.00035734256279879603
88,9765987c2ade250c82bfeaba49d1f9301211d63a,9.0140987895737e-05,0.0003475908345232407,9.075663829884253e-05,0.0003507893532514572,9.223516945811835e-05,0.00035147359594702723
89,dbf37449935bced333a3999afa860aaf304ab1a1,8.986979984670631e-05,0.0003474632743746042,9.029163124640125e-05,0.00035091908648610115,9.226736358620904e-05,0.00035257223062217234
90,e1863f3582e3e8870205f8a9d1ed1cef1bf536b4,8.972686119988318e-05,0.0003475861623883247,9.020920919854778e-05,0.00035025722657640773,9.191118350083178e-05,0.0003524621482938528
91,70f4309a155808d3a60a9a71db2d9482c1ec3ad7,8.995124054226008e-05,0.00035564286698555126,9.035972555067914e-05,0.0003572954025504918,9.172027930617332e-05,0.00035981087270995667
92,bb6b86e2afe88b371badfcefe298945002e47006,9.203150191090323e-05,0.0003480755413571994,9.25988805564967e-05,0.0003510516447325548,9.398470124737782e-05,0.00035314278987546763
93,5c3762157a0cd7a6a036a2144a5fbfc5278a919d,9.048902545093505e-05,0.00034995867560307184,9.06051405944115e-05,0.0003485896935065587,9.184442037208515e-05,0.00035104830749332905
94,e0ffe3572b37190d9da5b1d07057e4e038bd3197,9.538317522542043e-05,0.0003481831712027391,9.574883296030811e-05,0.00035154274664819243,9.716427058120754e-05,0.0003525483111540477
95,cfb6a4d88d88307d507a86d1d70cd7d84c611406,8.985612633799718e-05,0.0003479788235078255,9.073669568073651e-05,0.00035016137796143687,9.183750741861084e-05,0.000351196543003122
96,1c9bd177c44fa9c4914b3e8d6be7aee62a0f601f,8.947591175187806e-05,0.0003468726606418689,8.977195400683606e-05,0.0003488370527823766,9.155727168622096e-05,0.00035070125013589857
97,ce82028409c1147a6df62d8f7437e0a9262ee2b7,8.950407662596858e-05,0.00034641977399587633,8.993319520526681e-05,0.00034820088185369966,9.213493331887966e-05,0.0003512797877192497
98,caa27a907ed9dc65ace7c1a14954ae6b75b086d8,8.91830108021615e-05,0.00034812868883212406,8.975180461392051e-05,0.00034800635961194833,9.11762452999915e-05,0.0003506628330796957
99,f5f845b7bd0b737740e419826698ab4a9e61564d,8.987591861457121e-05,0.00034773939599593484,9.09516580156551e-05,0.00034917594554523626,9.262586774473841e-05,0.00035148737952113147
100,9c28deb7d838b6e0c171d54bb6a2a8e5498c9a5c,9.138485078107227e-05,0.0003547436429251885,9.232469919052992e-05,0.000356974754610966,9.361182085492395e-05,0.0003594004806002666
101,7d0430be0712f0a02102c8637da7741eb3b948bb,8.936108807559872e-05,0.0003465579356998205,9.016457899305664e-05,0.00034815473482012753,9.136605499820275e-05,0.00035179018353422486
102,a31071b0b4c8a6f5cb5999b6e04f5ba6057fd546,8.925925329571864e-05,0.00034633413888514043,8.99654858913578e-05,0.00034870497571925325,9.118755201786017e-05,0.0003501379396766424
103,7f6895cd7eaf814d99ca7438857b17d95a21a2a0,8.940306629558078e-05,0.0003461418052514394,8.995776749716317e-05,0.0003491780875871579,9.125021116977388e-05,0.00035009958470861116
104,43c73d4871e78a857470b799e9f481b78e9b1d1d,8.932561766295159e-05,0.0003466346301138401,8.986460060373811e-05,0.00034836508954564727,9.155622683465481e-05,0.00035054410497347517
105,504fd7b2eedb90dd3aa0b326ac8c3120118b5f2d,8.929164347345712e-05,0.0003462684340775013,9.014588311191432e-05,0.000348157590876023,9.139894761822442e-05,0.0003509725444018841
106,eb66994093be5b57324580cf389b0ec1b41e9e1f,8.954562735362132e-05,0.0003468057451148828,8.982215230622568e-05,0.0003478578602274259,9.129683233120224e-05,0.00035054824935893216
107,8bb6d8245e813d6ee026ac90310d19f3d10edf5d,8.934595790065702e-05,0.00034632943570613863,8.981255814433098e-05,0.0003479802204916874,9.159895760769193e-05,0.0003507715339461962
108,a481a044c8cbd679ca736341056314ffd71d54a4,8.933638512599663e-05,0.00034622759558260445,8.979291185613506e-05,0.0003481839317828417,9.145775486615079e-05,0.00035002906806766985
109,717df4e93234a1a290aa1b472b5c1c4e600009cd,8.945202180108086e-05,0.0003465566008041302,9.010729864855442e-05,0.00034835835297902427,9.140901013531468e-05,0.0003505267513295015
110,610433b03ef720c8bec7dbf7573a6abe4f913031,8.926661227081643e-05,0.0003469181086482673,9.04065495249161e-05,0.0003487310527513425,9.174195372245529e-05,0.0003510904964059591
111,1b8b46b3f2f68f5be8e52e798eb91c2ac5952745,8.94036769989084e-05,0.0003464418308188518,9.000602309122558e-05,0.0003481427518030008,9.138456715101546e-05,0.00035124138618508973
112,31647f1b3e56c2f2a471cd2c3a583311534173f8,8.95709492081453e-05,0.00034760877800484497,9.03487036173994e-05,0.0003493655007332563,9.143840182911266e-05,0.00035106521099805834
113,d4f7d9e215773e979eb43a1e5a3cbb51f96bd09d,8.94047724480023e-05,0.0003468180851389964,9.00452386988096e-05,0.0003483008903761705,9.153051386502655e-05,0.00035006978238622346
114,555b3d8e10745bed72e25e70465ac447009fa8d2,9.304228559380672e-05,0.0003468016007294257,9.004857914506897e-05,0.00034854717863102755,9.160922755571929e-05,0.0003503043514986833
115,72a8368962fd1365d480a88a1c84a1aae243dd6a,8.940387929438567e-05,0.00034638831081489725,8.986921873220728e-05,0.00034798619647820794,9.122089144181122e-05,0.00035030706785619257
116,0f63c5ef0e9789fd18a676a750c43d3d69211324,8.910084830322226e-05,0.0003463368991325641,9.008295341464114e-05,0.00034911632537841796,9.134753553335332e-05,0.0003501474236448606
117,c4ae3ce646c4dd9a12669b379a40287e3c5955bd,8.921395819328848e-05,0.00034731000972290833,9.016287397624047e-05,0.00034828300898273785,9.135559878566048e-05,0.00035120857258637744
118,444f696f69c98208aab00ecbcec7dfd1689da9fb,8.915890328830383e-05,0.0003457972779870033,8.999784130695437e-05,0.0003492478902141253,9.107579330890631e-05,0.0003508127551397373
119,da887a666ad975ece7fb7465005aa99c0ddef8d2,8.933191554101765e-05,0.00034695402719080447,9.010708698433293e-05,0.0003478606386731068,9.12229149517688e-05,0.0003500034101307392
120,10eeabee267e17c042bd1ff991823b16c85ed563,8.924256964418731e-05,0.0003468836502482494,8.991300243853538e-05,0.00034880532572666807,9.129612960598686e-05,0.00035131541080772876
121,5363cfa7d07641e84fbb5f21a217018c9b55b2fa,8.938201772403126e-05,0.0003469798713922501,9.028247195827074e-05,0.0003487955778837204,9.173425761136141e-05,0.000350846645111839
122,73fe877ff967f279d470b81ad447b9f3056c1335,8.93675157281219e-05,0.00034640170633792877,9.018373637159993e-05,0.0003488212823867798,9.133045615489818e-05,0.0003501426583776871
123,3dbf5ce5fdbc996e8abb6929a219689cf8c18e69,8.931069360038296e-05,0.0003475225841005643,9.02971960912066e-05,0.0003484968251238267,9.160815230147405e-05,0.0003512204314271609
124,2facd1966c379d20a9b15a62a054ee77f74613bb,8.924969960553725e-05,0.00034850030206143854,8.985067366576586e-05,0.00034812384595473604,9.12702896378257e-05,0.0003503811390449603
125,fde2e536a1c1a1ba90727958f0b6da34fa53db1f,8.952267437188093e-05,0.0003463399906953176,9.033343300592802e-05,0.0003476832993328571,9.122886271639304e-05,0.0003500937173763911
126,49e026df832a691638786774708c8ccece6e41c1,8.934005048156769e-05,0.0003464909270405769,8.989919038597218e-05,0.00034838017697135605,9.114036590538241e-05,0.0003503121531985957
127,e4c78e3c0c06576be6cb12354730018b765c627a,8.922882118552435e-05,0.00034663967477778593,8.99414308677035e-05,0.00034842297124365964,9.092256380629934e-05,0.0003502878670891126
128,09d5b2f8ad8a04eed93b6bc4789c4595bd33c2f2,8.908759985790877e-05,0.000346656438584129,8.992804599202369e-05,0.00034830616787076,9.1006484051997e-05,0.00035021716418365636
129,a190258d4e90f2a17a9469e5dd9fb5f4b045aa90,8.919107590298184e-05,0.00034631970338523384,8.97721379749046e-05,0.00034857952656845254,9.101472240834196e-05,0.00035020355135202404
130,d0f19a2d633b12119909b7c9205a8c8932ebbd51,9.340442801741036e-05,0.00035585308897084203,9.234929457306862e-05,0.0003651358540458926,9.374806911430576e-05,0.0003611239572537356
131,e745a19cb0ea9af0fd252a4625ec793130f87414,8.936672944758759e-05,0.00034810453653335573,9.00485214184631e-05,0.0003498520702123642,9.129215647612721e-05,0.00035224780440330506
132,662f973ba58563b268d009e67806aa1150ca1cb2,8.937791528657449e-05,0.000348190451040864,9.010540565750638e-05,0.00035046401123205824,9.187360886823047e-05,0.0003524402001251777
133,9054ae60ee6989743f3cebfd7faf4f38c0e24756,9.023963061512494e-05,0.00034802284402151904,9.009959022245132e-05,0.00034994753077626227,9.148463237384134e-05,0.0003527515723059575
134,5c7002926ec8ad12785b36024f9da80b7017ad1c,8.930476798006326e-05,0.00034791394136846066,9.028127509330915e-05,0.00034997692952553434,9.133976630189202e-05,0.0003533240022330448
135,bf4ac1f81defc727165da4ae5bfea198c75e82f7,9.014472473135664e-05,0.00034773773513734345,9.089129522812268e-05,0.00034974900384744005,9.232906370677731e-05,0.00035332969079415006
136,59a2c17a7851b4cd88d2631654d5fe5d50f0ba11,8.987109292267768e-05,0.0003484242130070925,9.072388422267496e-05,0.00035016144004960855,9.158077141778036e-05,0.0003536309581249952
137,2908338b19c26c043eab61c2af7bdff96b02b1bc,8.959997613288339e-05,0.00034775055634478727,9.015825199933092e-05,0.00035029915161430834,9.112510068172758e-05,0.00035241528724630673
138,af8e67c4fd368bae710b01f32611b10dfab02b61,8.945857541116535e-05,0.00034759282134473325,9.01212107605678e-05,0.0003496999697138866,9.160279296338558e-05,0.00035244692116975784
139,da54e54cb7dac1c745bc2378769d192eb0dded5b,9.011023885701312e-05,0.00035015155250827474,8.998098898648231e-05,0.0003503244525442521,9.150355630977588e-05,0.0003523583679149548
140,9c63473c30b773dcab7adf699e1bd5dfcbb46e9b,9.177585101884897e-05,0.0003570229280740023,9.2875970573711e-05,0.0003580199088901281,9.506542489609934e-05,0.0003603283626337846
141,cafda248a5856a6424324929c1708ea8048d89d6,9.16192431218368e-05,0.0003570839607467254,9.208451956510544e-05,0.0003615802930047115,9.357746813661796e-05,0.0003597577873232036
142,a56fe3b1b3fd358329736dee1edb0ad24eadfce6,8.965114543794608e-05,0.0003479245429237684,9.053972865308612e-05,0.0003500916219005982,9.162483144212853e-05,0.00035275960469554214
143,09416c2934a5f592970e1d97c0298924eed009f6,8.94597677652501e-05,0.0003469572092096011,9.019175652137472e-05,0.0003508402189860741,9.16199704770707e-05,0.0003525706784178813
144,efaf210f7128f32e6d3d193f79ccc6b43ff8c006,9.161227794944263e-05,0.00035553184958795703,9.080068369911722e-05,0.0003501247148960829,9.141202423382889e-05,0.0003520940585682789
145,54232c06e1bc9c2ffdea8a3c2f74dd1f6b064878,8.916790352859458e-05,0.00034705647267401223,9.019264551110505e-05,0.000349587993696332,9.142361496659843e-05,0.0003540749816844861
146,f10da39336097fca740dd1c407939eb9c6c4ca3e,8.946699548329486e-05,0.00034945535783966386,8.972963608312802e-05,0.00035079242661595345,9.16732213467606e-05,0.00035462995680669943
147,72be9ca10b5391fc036c4cd61830e168712b51ea,8.980910994174067e-05,0.00034802284402151904,9.014217706381782e-05,0.00035058315843343734,9.150398810478774e-05,0.0003524104754130046
148,b91f3c00ee113596acd3e508a593187258291f61,8.949675200293299e-05,0.00034792089524368446,9.071615270592949e-05,0.00034954591343800225,9.180326861414043e-05,0.00035179004383583865
149,33273e4ae770cac1ee0cb304ad5a0056bb59ad56,8.973656299193043e-05,0.00034782281145453455,9.021177225984817e-05,0.000350052226955692,9.191265668381344e-05,0.00035226140171289443
150,bec2b07db5c999721d2d2c10334f3afe78aaadd9,8.932140380999104e-05,0.000346950829649965,8.974329293629185e-05,0.00034904289059340955,9.112320840358734e-05,0.0003530401426057021
151,bb54de4905b2ff127fc8b907a5c284e0cf9f8d65,8.93374027545787e-05,0.0003481351149578889,9.031387908030147e-05,0.0003545130913456281,9.181381795894016e-05,0.0003522490954090809
152,2fc0786c175d9dba4526caa425224792d556d116,9.001857509500668e-05,0.00034829767731328805,9.011139723757082e-05,0.0003508274598668019,9.17169265449047e-05,0.00035270953807851364
153,38ca158ad2c8d07bec2d844686eb993e1ba03f38,9.004849447938036e-05,0.00034724919435878595,9.057079711236244e-05,0.0003497021738439798,9.219850074838509e-05,0.0003524633745352427
154,d3653bc6be7a655c2322b2d95f6209626e438171,8.904125892603007e-05,0.00034708233239750066,9.006364881748059e-05,0.00034952289424836633,9.124808182770556e-05,0.00035170821162561574
155,3f04a32ffab73d218ac48f061b7b0d3112b3451c,8.925236376725938e-05,0.0003505403486390909,9.001921169644544e-05,0.0003529350273311138,9.110133502293716e-05,0.00035549582292636236
156,e5875457faf3202c3530f33387341529a2715a7d,8.926495573804027e-05,0.00034717707894742493,9.004979348573529e-05,0.00034918417222797873,9.125942933904237e-05,0.0003515821726371844
157,04b58d3ffbd2c8d30c36ae6ed6366f1069136c43,9.02783541270524e-05,0.0003532999039938052,9.027213504738059e-05,0.00035075006696085135,9.189794602041895e-05,0.00035216415611406164
158,223ccea5ca2323ea011138a0aeecfe1bf2ce63b4,8.919552999956549e-05,0.00034695041055480636,9.028366882323234e-05,0.0003499218883613746,9.104843859460729e-05,0.00035173858826359115
159,bfc7e4347f9b999712768ef7ca8bb3cd0e17dc63,8.935070230213344e-05,0.00034722150303423405,9.001654857569489e-05,0.00034957113675773146,9.126655588095839e-05,0.0003522403227786223
160,e2f946aca446d3690e154e191fd22d7002341e57,8.96961158834213e-05,0.0003479143604636192,9.001103376061464e-05,0.00034943530336022376,9.14570198140361e-05,0.0003515698326130708
161,6a9db2e5941bd0b7552103409141d7b5ee9f0d58,8.919432158928272e-05,0.0003478349807361762,9.003762648371625e-05,0.0003496430814266205,9.114407426254316e-05,0.0003520668018609285
162,d9dee6a6b95c3fea8747e591ef1f44f36445f70c,8.910919585433163e-05,0.0003478753225256999,8.971264493490053e-05,0.0003493749070912599,9.138819507577202e-05,0.0003517030117412408
163,8e1ca2754ca5bb4fc9613b2c2f8b7ee1db0019e9,8.925933726742619e-05,0.00034723642828135657,9.069809582361505e-05,0.00034981880647440755,9.142090989784761e-05,0.0003523139903942744
164,c90cb814567b4f798e884b773fe96e42d8aa63de,8.914888690202688e-05,0.0003474804727981488,9.019423245650824e-05,0.0003496170664827029,9.137994017113339e-05,0.00035225690032045047
165,af51d6615c37f43b6d842b72a4b02dc14e024f3e,8.934182076414755e-05,0.0003473308092604081,8.991919457912445e-05,0.0003499134133259455,9.13482667370276e-05,0.00035241365743180115
166,11141c45c21c85eea0ff1bd4054e314163b448d6,8.947890419818338e-05,0.0003478217869997025,9.014950064588184e-05,0.00035025659017264845,9.1305442831733e-05,0.0003527804470524706
167,8ef114b9c98ca5a04b67fb072ff4a0f5a06de894,8.936215977161383e-05,0.00034817778505384926,9.038943551049745e-05,0.00035042638580004375,9.127776138484478e-05,0.00035313147537667175
168,6d47dd75103b1cf90403877c091c1b6b1800c3ff,8.965115455433356e-05,0.00034772710253794985,9.053220880056215e-05,0.0003501400196303924,9.135821072215384e-05,0.00035356342171629274
169,fd996225c5f712e7fc4e301c6e698a8a10854dd9,8.914073868120303e-05,0.00034760952306290465,8.995518297085474e-05,0.000350375489021341,9.128202006898143e-05,0.00035154111683368685
170,11a8f8d7dba0eb7b0bc31f74bec659e2e497abfd,8.972361299001481e-05,0.00034799523030718167,9.096525070711602e-05,0.0003499334212392569,9.165227159180425e-05,0.0003519389623155197
171,2863c52c9d8e28cd33973e97be492e30c6e1e1eb,8.92243432727727e-05,0.000347617594525218,9.031355965974903e-05,0.0003501368376115958,9.167039004916494e-05,0.00035219579003751276
172,872373b030eb6c181ab7f29c0928ccd8b0f74528,9.319248170522619e-05,0.0003479279267291228,9.071276222994505e-05,0.0003508860555787881,9.157696992836216e-05,0.00035230040860672793
173,7a4e602a1f9e39ec3662e21a12c35c6df0cf9295,9.029418932365589e-05,0.0003490300431590656,9.014414714985206e-05,0.00034964445914173947,9.135711430148645e-05,0.00035318311614294847
174,b74ee9ff8f0c3be41dfbd1bd5a10f54e67c40f39,9.364420548081399e-05,0.0003563059847159632,9.227323938499798e-05,0.0003580019609736545,9.333292888314055e-05,0.0003536473183582226
175,f42b5a01c8e82dee90d08fd470a16b2fe957fa14,8.962661424865488e-05,0.0003473343017200629,8.991033174708243e-05,0.00034983560132483644,9.167776443064213e-05,0.0003519435413181782
176,b969f8c9a2178bec235d6c47db3e7cd68c5d39c1,8.959016062257705e-05,0.0003477545144657294,9.00626716921564e-05,0.0003498053488632043,9.111532602797855e-05,0.00035202261060476305
177,9772bea95f3d079c2b59107ddd9731602b5edde0,8.941659596094415e-05,0.00034784736732641856,9.021132199232243e-05,0.00035030064012469913,9.137019515037537e-05,0.0003519143598775069
178,c922e983b4048a8710871c9394cc5ad6c4a8be2c,9.107640868083376e-05,0.0003512831212117754,9.153845918471696e-05,0.00035413838922977443,9.142109616236253e-05,0.0003653113730251789
179,5de64de6dbdf89b1bd8828c59393c4239364755a,8.937554849573404e-05,0.0003475796120862166,8.992218096886785e-05,0.00035042524466226844,9.168057109821927e-05,0.0003516437175373236
180,11c2c1e4fcd131154d7aaf8bf25bd779bf67ce35,8.930496443979076e-05,0.0003479750206073125,8.997185663743453e-05,0.0003494597660998503,9.109984067353335e-05,0.00035219006882659324
181,48808e1a6a775283b2d482d65f93390ddeb534af,9.161986579949206e-05,0.0003475062238673369,9.209181774746288e-05,0.00034989652534325917,9.437233040278609e-05,0.0003521489600340525
182,4ed05c3143eacd88a88d73e8e31d64578b7a9bfd,8.986928484967498e-05,0.0003479608024160067,9.006159457047123e-05,0.0003504732934137186,9.194209494374015e-05,0.00035787033366745916
183,aca2d10c79c4d86d60eba1111272679471540f57,8.924527582330783e-05,0.0003473916401465734,9.009913995492556e-05,0.000350107749303182,9.148988703435118e-05,0.00035218124588330587
184,de8bb00dbf007b65095e858ff2490b8df39b9047,9.022339839826931e-05,0.00034783175215125084,9.027639495544747e-05,0.00035096855898355617,9.175519543615254e-05,0.0003521957745154699
185,f55f5d45518c2f83271330041b982e55dcd6bbf9,8.9067492450847e-05,0.0003475095766286055,8.995913457675059e-05,0.00034923097118735316,9.130029977599452e-05,0.0003520011280973752
186,d5b6b41bcff0bd85e34f1f4afb6130fdec72ec7b,8.925023015405311e-05,0.00034825680777430537,8.969976420491194e-05,0.00035000899806618695,9.075289761478251e-05,0.00035186426649833546
187,f103c9e9d5f4af6b7ed5ee93dfe76bcfc36da0d8,8.942761019734312e-05,0.00034741749987006183,9.008587053245748e-05,0.0003498492141564687,9.139273931418569e-05,0.0003519440380235513
188,2d6c55528956e2f9233364657bc865eb57603514,8.952282830949657e-05,0.00034901595984896023,9.012093752130004e-05,0.00035016220062971114,9.147159077904441e-05,0.00035218851019938786
189,ada2724f71a1ed479fa080f51623f2cc6ba07a46,9.332444010810419e-05,0.0003589226960622031,9.227140213955532e-05,0.00035955923898466703,9.326151656833562e-05,0.00036141742020845413
190,ed222954f9595510257e207e6d289f15f100ace0,8.956567684480967e-05,0.00034811353931824365,9.00408052954792e-05,0.00034965525070826213,9.152951904318549e-05,0.0003522864853342374
191,c03d892ece761aa17f7452d78a21c76afd5c6c8a,8.924190168742273e-05,0.0003479435419042905,8.988074865961862e-05,0.0003503112122416496,9.111851792443883e-05,0.00035484656691551206
192,ac7676930a8ea25502c2856fa364c0cef0913ae3,8.973327642383656e-05,0.00034825522452592845,9.013706248653822e-05,0.0003493837080895901,9.150981733744795e-05,0.00035179555416107176
193,5cf29978851d7ca7f81fc5d8f5b5089d22b535c5,8.933713336375135e-05,0.00034715681625851265,8.996391333028918e-05,0.00034953984592495297,9.102253474233564e-05,0.00035176770761609073
194,fd07632dda668ffcc38985576a6595d33edbf03a,8.962556841920634e-05,0.00034826550761173514,9.006264134625759e-05,0.00034965487817923227,9.136381443620713e-05,0.00035271371404329936
195,b4491833d636344ef295f1609bcf4742c1d94d10,8.944908449472474e-05,0.0003479436971247196,8.996557749685693e-05,0.00034983421986301737,9.121944404338017e-05,0.0003524564517041047
196,80ffa42124541d5a82f5af67375f14efcf548110,8.91911446071062e-05,0.0003478086863954862,8.972308247304354e-05,0.00035008369013667107,9.139933708039197e-05,0.0003535471856594086
197,78cf92c19a7cfe9a07b970a2156d177a9ba627b0,8.924638272308913e-05,0.0003476996595660845,8.996084454606791e-05,0.0003501850801209609,9.117233143611387e-05,0.0003520737498484809
198,6c141d0663e2d0da30cf601c5726cbc44830d15f,8.962575099931276e-05,0.00034800975893934565,8.999829542292052e-05,0.00035094876463214554,9.157638996839523e-05,0.0003514525480568409
199,3efd3af3305698e8e0b0efed2ad653eaf1c35b4e,8.92285730872975e-05,0.00034811668868722583,8.993306517845293e-05,0.00035461656128366785,9.156462143767964e-05,0.0003515356841186682
200,fa2b3b83c106d28ef280f271086d47482f21315d,8.93134885459892e-05,0.00034916345030069353,9.031556854563312e-05,0.0003509659630556901,9.139110757545991e-05,0.0003536326500276724
201,9f12028b9453c17b72b26355fd503e512af96a5d,8.960817864195245e-05,0.0003478278095523517,8.999650204969832e-05,0.0003509681671857834,9.145497937094081e-05,0.00035260521389287095
202,d3763198673ffc1092539041b8bd23134ae22bee,8.935245425730455e-05,0.00034717411423722906,8.994283939688658e-05,0.0003498490899801254,9.11927897452323e-05,0.0003520798558990161
203,0a1bd4ead41b1fdfb53142097b5e08555f280545,8.947340405133903e-05,0.0003470336087048054,8.960099783071802e-05,0.000349109744032224,9.126163680445065e-05,0.0003522283397614956
204,2f466b31820b6af40c3bc1ca3957682b6f20365a,8.927109330648283e-05,0.0003481329729159673,8.954474183379626e-05,0.0003495971361796061,9.090204777057506e-05,0.00035221607734759646
205,2b7be2005f3d74141f9f8e83be603be0ddbe7046,8.968712592666799e-05,0.0003479495334128539,9.025601777902319e-05,0.00034994337086876237,9.143548932942478e-05,0.00035318549101551373
206,6373ded2ed1403cc3ec40dc5d919b316a1b58e44,8.916018194839603e-05,0.00034744196260968845,8.991348450301123e-05,0.0003504789434373379,9.10172662274404e-05,0.0003520028665661812
207,43598128a0f452f2d016bcdb9f52d2ca8b148b0c,8.964691250050654e-05,0.0003476835476855437,8.968301579233043e-05,0.00034980314473311106,9.120746769688347e-05,0.00035185540715853376
208,61723384df3678b12a19439d1218f50554e1498d,8.93488663752548e-05,0.0003489457381268342,9.096340191635219e-05,0.000356198288500309,9.37763178213076e-05,0.0003584197176427677
209,32b564ade7ef22439b5f2b9c11aa4c63f0ecd6fd,8.93683020086562e-05,0.0003474552184343338,9.01134484562992e-05,0.00035056093086798987,9.147777137431232e-05,0.00035416496296723684
210,cba30dbc4012f0968e25d4da3b48f3d9d745aa00,8.921929039671773e-05,0.0003479747101664543,9.010903044673037e-05,0.00035027806358090767,9.150385687297041e-05,0.0003521137324900463
211,40dec6d12d70de265e605046675f2e62f6676344,8.945725094832357e-05,0.00034799004594484966,9.057803218029747e-05,0.0003504676433900992,9.148246687600169e-05,0.00035288001721103985
212,b666225ca3e7a7e2d0121554424b0b39d9412c4f,9.12004489112984e-05,0.00034718150272965436,9.20416617935354e-05,0.00034998465950290364,9.335298091173172e-05,0.0003519354077676932
213,8742209a1fbe9f35cdeead79f12e0029d3776992,8.989007727912634e-05,0.0003478793737788995,9.082380897742657e-05,0.0003499212053914865,9.381395171989094e-05,0.0003560348253311782
214,3e2406a51845dbefd696d596fd2e0961b92ed09a,9.14930027316917e-05,0.00034744214887420333,9.197108447551727e-05,0.0003494938835501671,9.365078400481831e-05,0.00035202034438649814
215,95d73525a7e0a42c49cb2bb46e6b701168948e29,8.928328447166037e-05,0.0003474651835858822,9.012642539729757e-05,0.0003494042903184891,9.116915262435094e-05,0.00035213616987069446
216,ce78e8c55b7729e79f87e4e67b85e9d6f03f001a,8.94157841923784e-05,0.0003487576109667619,9.032323463889193e-05,0.00035064111774166424,9.165845642035658e-05,0.0003541876872380574
217,abe26c2e3e3bce8227af75fbaf7ab7e36a9cd1cb,8.949261035554665e-05,0.0003489894481996695,9.003047608146982e-05,0.0003496196120977402,9.163339537653056e-05,0.00035308397685488064
218,8eff1f6a2fed8d9df52750271f4e07dc4ea5e1bf,8.912163609561841e-05,0.000347383754948775,8.998899759093592e-05,0.0003494529984891415,9.13014296780933e-05,0.00035176553453008337
219,d7d9d7ba33d6486dff1a8cc1c55ed542e0bfb47e,8.960100287785296e-05,0.00034745745360851286,9.008588592621905e-05,0.0003495867674549421,9.12284647876566e-05,0.00035202642902731895
220,7b085eac10d08c49453541a896297f42f09ddfe7,8.917778547181457e-05,0.0003478501302500566,8.9892178590669e-05,0.0003499208328624566,9.116056290539828e-05,0.00035206153988838197
221,5c15cc3d76d171f07f9809a14a0dffd5ab37e599,8.923017750840542e-05,0.0003482284024357796,8.988725252387937e-05,0.00034942304094632464,9.13432545282624e-05,0.0003524761336545149
222,2bdecde364f133ce94b7f9271a6d34a8fb5cae86,8.95967737573092e-05,0.00034801419824361803,9.006324939983936e-05,0.00034987088292837143,9.110202504829926e-05,0.00035286874820788703
223,3f3e6045d594e28cd1953de9353b9f7cc103386f,8.951176019493214e-05,0.00034844912588596346,9.000882475583021e-05,0.00034927126641074813,9.16559249162674e-05,0.00035221402843793235
224,3823775ca779f5470b46c24d141fd483fee931d5,8.930997220707722e-05,0.00034806734571854274,9.053325172790811e-05,0.00035019187877575553,9.176168929446827e-05,0.0003520366735756397
225,f6a71feac4ac1623c8cd69dea5a560fe1e9af00d,8.925888687372208e-05,0.0003491994924843311,9.042502588723316e-05,0.0003502993534008662,9.139969729441257e-05,0.00035237340877453485
226,0316d19de1f5ba05e8409fda83ffeddf59ffc76d,8.960852538012276e-05,0.00034784162417054174,9.018588380133811e-05,0.0003503747594853242,9.158335795456712e-05,0.0003520712877313296
227,1900913b4c226e4cb49ab466671ed56bccb3f700,8.946861917814934e-05,0.00035011647269129754,8.999897274842932e-05,0.0003520022767285506,9.140757120345249e-05,0.0003538000397384167
228,00f6ddb9881a9587c915b3db00fa6e99bd025bf3,8.908046226276726e-05,0.00034864678358038264,8.996499101977703e-05,0.00034911766027410825,9.105409580198202e-05,0.0003520621918141842
229,7b0653cdd0d0a5ddcda061ee2eaf247f6303bc1e,8.907301168217035e-05,0.000347617146526945,9.014323872865224e-05,0.0003494218612710635,9.116812893920693e-05,0.00035145319998264313
230,26e0003573463d0c5ca6c07289cd5151b4dba3b2,8.921126728175116e-05,0.0003475878077248732,8.981076861954917e-05,0.0003496025977977391,9.124268015677279e-05,0.0003523174983759721
231,6d8956e46026b68a4c2a50f1aab0c4f36a46053d,8.938463068887836e-05,0.0003488256906469663,9.042397141456604e-05,0.0003507872112095356,9.263888509436087e-05,0.0003536370893319448
232,871009f6415a2f588230e2e36bc9dbe751698ee1,8.918276270393465e-05,0.00034754937514662747,8.988714476754843e-05,0.0003501691855490208,9.158614345572211e-05,0.00035192839929769777
233,01c9bfe4f48d23ec2d2db50ffc58d6e5e42cbe93,8.924390874372041e-05,0.00034758259124796967,8.979013328217278e-05,0.00034955188888927986,9.1191635213115e-05,0.0003534143480161826
234,5ca0ef6272ef3eabe2feb4049b7cb05a52516495,8.945454095230727e-05,0.0003475153508285682,9.024904440503475e-05,0.0003498309291899204,9.14442776279016e-05,0.0003519963473081589
235,fc2fe480f42e78c23a1cb1c8088bc1148784e16c,8.940254719775232e-05,0.00034746058906118076,8.975378558283945e-05,0.00034976241489251454,9.121203964406794e-05,0.0003521117381751537
236,e1ec9e868bf03ec4284b9a5fb291418983b3a4fb,8.957620068896012e-05,0.00034727811192472775,8.991865579746972e-05,0.000349555816501379,9.152162820100785e-05,0.0003521921423574289
237,a5dc2b5b917fc50575e10bbe139a0c78e43a1c1c,8.947157194135618e-05,0.0003484283263484637,9.015245624810211e-05,0.00034976207340757054,9.173279289494861e-05,0.000352166496731084
238,7dcd29aaafe1ab8be4be04d3c793e5bcaf17459f,8.914366242338399e-05,0.00034716706722974776,8.991044322567538e-05,0.00035005655760566396,9.104410909916745e-05,0.00035181458418567975
239,7a18e4ac4f0b9f0933a190ac25cd75729bcdd146,8.951190126235368e-05,0.00034769345074892044,9.02792007839384e-05,0.0003498871500293414,9.170884097164327e-05,0.00035240336631735166
240,17e3ef963a039b8312af119e300a9e68a37e568c,8.927952864619553e-05,0.0003479461806515853,9.035737030515986e-05,0.0003497806998590628,9.127837136264675e-05,0.0003520278260111809
241,67ddfd05d65cb1f106504bb92978cc94bcec8612,8.926238315027269e-05,0.0003480696740249793,8.995382284576243e-05,0.00035114055499434475,9.162337095900016e-05,0.00035198274999856947
242,ba4eab8681a12863269e5159910cbaeb06517ef9,8.932600316942716e-05,0.0003474631036321322,8.962563554610103e-05,0.0003497865051031113,9.147179397669706e-05,0.00035266342262427013
243,9fd5ca55cc8c76759927831f44a98e2c65ea73d1,8.925176454616375e-05,0.0003474169721206029,8.98814028944851e-05,0.0003494623117148876,9.100625122135336e-05,0.0003515169955790043
244,46e984e9f93774570b9d15288f3c24f5e0cae63e,8.951363823384294e-05,0.00034753950312733646,8.964393532178441e-05,0.000350446750720342,9.136416695334695e-05,0.0003522449793914954
245,002611249a38b45e691219567f7ecee4d1250b4b,9.172334420410069e-05,0.00034763046229879064,9.227181700142947e-05,0.0003498240374028683,9.333872320977125e-05,0.0003520497281489701
246,e9070852051515395e0ae9bbe66f929111d59c41,9.157568647349176e-05,0.0003524842051168283,9.141661503837129e-05,0.00035287123173475263,9.28043472495946e-05,0.0003548376583333673
247,06b995cae91b98778b78e5249129912b5372a959,8.936522559064333e-05,0.00034807339931527774,8.981129970432312e-05,0.0003507791707913081,9.144008667631583e-05,0.00035231600825985274
248,6f65e1fc25f265ff36bdbfb3aa482f65fd84a684,9.200169112194668e-05,0.00034788067763050397,9.216888045722788e-05,0.0003499472513794899,9.373825212771243e-05,0.00035242702191074686
249,dc35f0155a80e8ae1e3f146da9a717888a55f1c0,8.955193791261389e-05,0.00034847126031915343,9.02798473219241e-05,0.00035015540197491646,9.127197525471695e-05,0.00035308972001075746
250,0eb9f54e5e466c8d7a76ae116712b368d045c7e0,8.937269143882346e-05,0.00034725836788614595,8.996614555189432e-05,0.0003497778127590815,9.12399369884621e-05,0.00035191144173343976
251,740a8cf8c103e4e329021802af007295261b0da2,9.16407782245766e-05,0.00035614982761185746,9.347324005582116e-05,0.00035818133117823767,9.358725933866066e-05,0.000352583986161084
252,02d6e9a4b4bae1eca7896fdba043575ef3aaf038,9.019370383221256e-05,0.0003473358228802681,9.054591309679442e-05,0.00034994976595044137,9.228503331542015e-05,0.00035179580251375837
253,572d5a1dadb398d0b7d27468230f186f72987b3b,8.972082287073135e-05,0.0003476285065213839,9.023263465520765e-05,0.0003505053309102853,9.135533632202582e-05,0.00035249413922429086
254,b126821abbf14c88f85646b3fa074d3466bf2dbf,8.951048901090856e-05,0.00034781629219651224,9.027881593989932e-05,0.00034972957024971644,9.127910706703946e-05,0.0003521468179921309
255,60d46ea7bb53da9792ee03dc32341d51e4638960,8.957462062027829e-05,0.00034747219954927764,9.079864787415039e-05,0.0003536741249263286,9.175891225988215e-05,0.00035335455710689225
256,a8f38c5f49f92be3897888d2b02cb734a2f32187,9.268801659345627e-05,0.00035673828928598335,9.277446872808716e-05,0.0003581520426889946,9.440229358998213e-05,0.0003655053482487284
257,30678f57d5f4c68e4a0590fda104b32895a216b8,8.940960845497787e-05,0.0003474411865075429,9.033667339273721e-05,0.00035041334728399913,9.143478660420939e-05,0.0003518222210307916
258,68e4d56eb9b539cccd582de7e7fb09c373d37609,8.930670759402031e-05,0.00034730297823747,9.006635124279448e-05,0.00034971792871753374,9.118830785155297e-05,0.0003518917597830296
259,6562324781f287cf07a4dc694fddb297e32d7ca8,8.935672918059786e-05,0.00034736764306823414,9.001223447401661e-05,0.00034994402279456456,9.121115065433762e-05,0.00035169123318688625
260,d23d968fef1464407bcb1b28147dcfff133bced4,8.96141559007715e-05,0.0003474649662772814,9.017506198695868e-05,0.0003511464533706506,9.177041832696307e-05,0.0003519049556604747
261,02d508c90a214e0aeaf78b4ad41a578e267dce12,8.944571628922323e-05,0.00035098232328891756,8.991948706059416e-05,0.0003496078463892142,9.121540933847428e-05,0.0003523689073820909
262,eb4317d0a4c94b3f1454dca58c76caed8bbdc7e6,8.972889689867162e-05,0.0003513055050681377,9.038681087415081e-05,0.00035339463502168653,9.144938296892427e-05,0.00035530832949383503
263,10e43ca5882a22de3ef9082ffce82c65c3261b8f,8.948635096188452e-05,0.00034728705262144404,9.004714752524351e-05,0.00035096437980731325,9.124539792537689e-05,0.00035215406839189857
264,028bdf88e6c71a705d0c6bfd55d1117c7f44f6aa,8.932821267892507e-05,0.0003476972070833047,9.005286630766452e-05,0.00034977675726016364,9.131541644985026e-05,0.0003521357042094072
265,9437402f1d60778cd723e6119044ef0510ef17c0,9.201750667257743e-05,0.0003564279719159521,9.37366011467847e-05,0.00035078118865688643,9.211229866948621e-05,0.0003618917294910976
266,579ee2a137b5b4f8dcf70a7a548d6c4194e31257,9.006749807803098e-05,0.0003476721234619617,9.030431570592991e-05,0.0003513697224358718,9.189548648216509e-05,0.0003523354729016622
267,b51b540285d4cf2af69976c1e3b285f7c21b46f7,8.938814986680376e-05,0.0003485303061703841,9.013095886007814e-05,0.00034949453547596934,9.129786525260319e-05,0.00035246641685565314
268,98cb6bc8522b89ef308da40a26fa910fd1a17097,8.941905126591358e-05,0.0003482352942228317,9.024370276977209e-05,0.0003499329400559266,9.146739136088978e-05,0.0003523968160152435
269,2eb2e93ef43618f01258c43f4e7024cb5e3fc173,8.967149330944312e-05,0.00034748946006099384,8.995078257785356e-05,0.0003528996681173642,9.179181334647265e-05,0.0003521964885294437
270,a3881774f72499728ef05d2234ef62cfa3774076,9.297109632329507e-05,0.00035611418043744974,9.216380898248066e-05,0.00035805406113123073,9.353441101583568e-05,0.0003609395553839618
271,c5f7feea27931f62ef31b071e7e10ce28d7baa16,8.961871605027807e-05,0.0003484361805021763,9.032354251412321e-05,0.0003494509185353915,9.153038263320923e-05,0.0003523027834792932
272,a14c41264855e44ebd6187d7541b5b8d59bb32cb,8.977600180905712e-05,0.00035173036158084867,9.055946191603487e-05,0.00035141361877322197,9.208329191262072e-05,0.00035741664469242097
273,d2b969d57ba162f0d19660e895ce94bc59638b72,8.990710431879218e-05,0.0003482411615550518,9.019131010228938e-05,0.00034964568912982936,9.125017768834248e-05,0.0003520671899120013
274,7d3b555ca383a20dcf4618ce3e3d0392ad556b04,8.984241819332454e-05,0.00034962551047404606,9.048530785751736e-05,0.0003522393968084763,9.157424792647362e-05,0.00035252133384346964
275,9a2a786ea3606d06e2372f88badc5802fd7e95b4,8.916989213130514e-05,0.00034723713373144467,8.984096348285675e-05,0.0003493716008961201,9.11419210601444e-05,0.00035184005211139546
276,f9dd21e64584f6e821805daa450b8bc9f8ef3526,8.955763360439254e-05,0.0003478067306180795,9.015343375196142e-05,0.00034986886506279313,9.166353636167267e-05,0.00035223406578960086
277,cefab37bfba72ae062a58be3c7bdbd59c2c4d309,8.98125465990098e-05,0.00034762468809882796,9.016825794434745e-05,0.00034942189231514933,9.169154377146201e-05,0.00035230352853735287
278,1932e4bdc460975d8b35ae8351e037d26e5ee6f8,8.933965794064781e-05,0.00034742510567108793,9.00156134046799e-05,0.00034958875427643457,9.136057712815025e-05,0.0003522258562346299
279,592b71c8cd10ef3cf9bccebb6c3ed0198f105484,8.9545757317346e-05,0.00034796620408693947,9.03399137795464e-05,0.0003500285868843397,9.172538464719599e-05,0.0003528452788790067
280,e5f6012b9d59848d1b76e1b09982cbc67989572b,8.950433617488283e-05,0.00034748874604701997,9.03459712247218e-05,0.0003505890257656574,9.165375747463919e-05,0.0003520526612798373
281,6c79e97d7bac51adb292ce6f7d4d77376f818d52,8.968781094905758e-05,0.0003476145366827647,9.013035850337714e-05,0.0003497087707122167,9.153781628066843e-05,0.00035234161963065467
282,8c671cb7a2e99dbd4146a77c0e88f4d24efc911f,8.962855266391739e-05,0.00034874469662706057,9.018572216684169e-05,0.00034978585317730905,9.152050753516599e-05,0.0003539029198388259
283,0721406ede8b983b8689d8b70556499fc2aea28a,8.937369909931402e-05,0.00034726904705166816,9.014401276988431e-05,0.00035017677422227527,9.147144684737378e-05,0.0003519949813683828
284,6e2e9e678a44650d45f036d4a6c72609a3b8ab20,9.026267558089957e-05,0.0003477618226717258,9.049532149941468e-05,0.00035024213915069895,9.234937923875721e-05,0.00035270539422829945
285,168978df69efecb07943fd8ce3a7c95aab7122cb,8.927613924272724e-05,0.0003477031985918681,9.006667451178733e-05,0.000352927390486002,9.143117753681072e-05,0.00035191706071297326
286,cb557b79fa0ce467c881830f8e8e042c484ccfaa,8.937425541976265e-05,0.0003482338972389698,9.018692288024365e-05,0.0003501531512786945,9.162244386970997e-05,0.00035385858888427416
287,badbf70324274bdb4299d8c64d3d83a26be2d4c0,8.999852632934397e-05,0.0003477625704059998,9.09033485434272e-05,0.00034961293761928876,9.204320270906794e-05,0.0003544561875363191
288,4c780c2d4b35a54cf45ca7d931efcaca73d0bf24,8.985053070566872e-05,0.00034789880737662315,9.043909578530256e-05,0.0003495599453647931,9.176663800396703e-05,0.0003515801809985062
289,3c91a3e1704c8aa7f1258aa30892040df9d952f4,9.742326695810665e-05,0.0003476197055230538,9.784567677839236e-05,0.00034955856390297415,9.86926257610321e-05,0.0003513129893690348
290,fe3d717080e812383900507168a6bd7093c4e434,8.916952570930856e-05,0.00034727840684354303,9.019988827592084e-05,0.0003490124363452196,9.114409119568088e-05,0.00035279796769221625
291,0cb9f7f7aa8f4255fafb5431dcc595ce183bc376,8.939059974610313e-05,0.0003474900809427102,9.022342533735204e-05,0.00035005466391642887,9.160502390428022e-05,0.00035130023024976254
292,75f852edf94a7293e7982ad516bee314d7187c2d,8.976566376256162e-05,0.0003489155632754167,9.036233479326421e-05,0.0003491847931096951,9.178545071997424e-05,0.0003517821431159973
293,5265343e268264101ec317594b1b97814d8d5875,8.938685975602416e-05,0.000349631222585837,9.008503157245226e-05,0.0003493698158611854,9.150225245817141e-05,0.00035075011352698007
294,542e35e121988a9a942435da91d407d11a6ff96b,8.958073897806347e-05,0.00034773067260781925,9.050569689470874e-05,0.00034929698643585045,9.206508455628699e-05,0.0003515492348621289
295,8bcfd67720dadab6cc8562183b3d5b3458a8a91b,8.964207223501088e-05,0.00034742940527697405,8.998340195860744e-05,0.00034942436192570065,9.165153500031341e-05,0.00035105446974436445
296,a914cb7cf691a1e676b55459aed58f793883a1a7,8.948406845819755e-05,0.0003476446804900964,9.026556960807359e-05,0.0003493454772979021,9.139754640107805e-05,0.0003533830400556326
297,e0ceabc087303ce18d38183de9058df23f63df6e,9.009402537764596e-05,0.00034833944713075953,9.082900052351399e-05,0.0003495966705183188,9.172724729234522e-05,0.00035237825165192286
298,1e2aa70c87031d2b4e0a53c0a2153ac4a89d8fe9,8.974752335016393e-05,0.00034723891876637937,9.076255335172346e-05,0.0003496322315186262,9.161806665360927e-05,0.00035162641045947865
299,0fe94ce8a6c4fbe94305e4a4be45fe06e774be29,9.03534295021995e-05,0.0003491145713875691,9.087567056013533e-05,0.0003499961613367001,9.231495416977189e-05,0.0003510385286062956
300,7fe64b4a15daa340ed086b6bab85c1a274e5ea6f,9.197438303686556e-05,0.0003560318301121394,9.321982487420406e-05,0.0003581328472743432,9.501696648922834e-05,0.00036031887866556646
301,53d74a1fc054a5f997007fd851476776599cb6f6,8.955897122132973e-05,0.0003482463459173838,9.050080937541221e-05,0.0003495531001438697,9.174768135628917e-05,0.0003521576679001252
302,4d820990180a54ca7ce22ba698646deee17292f8,8.934984861080312e-05,0.0003469088114798069,9.034219205625787e-05,0.0003496100815633933,9.146274234621952e-05,0.0003505269686381022
303,f079a56b18714bd622f7ca457d14ebe873b67c55,9.17920461077182e-05,0.0003549426794052124,9.078773754564199e-05,0.00035119438865061466,9.176041507585482e-05,0.0003523444275146928
304,7d8fadac32f102f25642b47e82437f4243ca2658,8.963615267125309e-05,0.00034780620286862054,9.040459451719749e-05,0.00035098763182759283,9.173905392262068e-05,0.0003521902331461509
305,80b387c66e4f10faafdb1a21c011c173f77b0942,9.189350456091977e-05,0.0003619965862463718,9.453216817663898e-05,0.00036625043102158717,9.566176820292391e-05,0.0003674165516964296
306,4647bfbb57768efda59160c3beb98cf02badd6c5,9.217141392642201e-05,0.00035655311670173737,9.224721901217371e-05,0.0003571038166531556,9.561664547535738e-05,0.00036094908330899973
307,764662504a233ce218543aae3257dafdaa39e4f0,9.370112271757204e-05,0.0003639437240806352,9.459445908842926e-05,0.0003654154827707881,9.575879091492176e-05,0.00036739553570441785
308,31e153c4b80b03d0ef0670bd9aa9e52745c7e3fc,8.944957786953921e-05,0.00034775803330073054,9.042761569218768e-05,0.0003496652166480392,9.150016362995799e-05,0.0003505058333151586
309,f8a30474faaa135ea1b23ad0184f74a19d8b480e,9.157232643927212e-05,0.0003556125333489035,9.274883471462541e-05,0.0003582269999848601,9.61195318185756e-05,0.00035955583328662515
310,164682330d70ffe84e706a67955435b76e1cf19d,9.302325454634477e-05,0.00035461622416011683,9.243772273376553e-05,0.0003639719827709808,9.389814091594994e-05,0.00035872098271346625
311,07685e4386b4dbfbe52a1ecd95bc7fcc397b2411,9.007049185561672e-05,0.0003468287167682623,9.045337602469208e-05,0.0003500940663798246,9.185937729357234e-05,0.00035102008631179946
312,07272c441ee1a12e260a55b252835ff1e1ca0c50,8.970913517796511e-05,0.0003475578834089295,9.051921899134123e-05,0.00034897701674102186,9.161831820330752e-05,0.0003508004826064029
313,2f0ed6acea1308c89e6c814b1317d96362370703,9.020527272508287e-05,0.00034879361677061144,9.090530168705751e-05,0.00035154821647059484,9.253927280290306e-05,0.0003538627832313068
314,6ff787b93d46cca6d31c370cfd9543ed573a98fc,8.973459011567833e-05,0.0003484862832313714,9.061395454514878e-05,0.0003515682333575872,9.227595457394439e-05,0.0003546593667124398
315,35a793c31faa1d7aeb1fd44cf79407132efcab08,8.99934049571618e-05,0.0003497247167009239,9.077950001911699e-05,0.0003504682499624323,9.196174095532942e-05,0.0003530323832819704
316,755d7c3ec0371c25ff25c3142034f3555ab4fd27,8.976629363711584e-05,0.0003496346160924683,9.033992989489054e-05,0.0003504239672717328,9.168456811246207e-05,0.00035324436612427235
317,45c57078fd599194b49148fb66808f03490ee423,8.957235659777995e-05,0.00035026244974384704,9.026929345520691e-05,0.0003515612498934691,9.195337267804213e-05,0.0003531613328959793
318,6d9e294c47e790067e0b5724afecb4e38a542bd0,9.045635555940103e-05,0.0003481138786622163,9.141152735206891e-05,0.00035062383297675603,9.27068774630739e-05,0.00035313371724138656
319,e69faef03428b82f5651a5fb521610ddea2bd22a,8.953984427937597e-05,0.0003479906008578837,9.014830570514045e-05,0.0003506475496881952,9.175872758284888e-05,0.00035317031724844126
320,4fcea6deac29276605e58b0a011f7ef6d089f66b,8.952162718995794e-05,0.00034796560066752136,9.081352065309636e-05,0.0003511866166566809,9.198143168098549e-05,0.0003529261817069103
321,d5da698181fe6e920b03cef8a6a20e39c7d40cdf,9.031847556129344e-05,0.0003476170493134608,9.082152492805453e-05,0.00035079218776382765,9.237066366371105e-05,0.0003525698829131822
322,3300c03992d963f9c571975c17ed93f17b090672,8.96567252624902e-05,0.00034843359996254247,9.055450858840765e-05,0.0003504735010210425,9.172982747920536e-05,0.00035301463406843444
323,bdb5cc7b54d19f1f79eba1680a59f6852c6e3614,9.058642514773514e-05,0.00034837821537318325,9.17379278689623e-05,0.0003520066481238852,9.303061788986352e-05,0.00035410990046026806
324,b63e25648f2d7d0c2d56851352740620848da3ae,8.972223750773634e-05,0.00034879208154355484,9.077485970198368e-05,0.00035140741577682397,9.184716830284081e-05,0.00035391289515998857
325,3d83143c2c2f877ee921c4c7c6746d836c459839,8.994057074127612e-05,0.0003484433497457454,9.077586414492573e-05,0.00035018808557651937,9.200906391594219e-05,0.0003531932597979903
326,d785aa39f99720950cd7f9acfe1133494cb5ff58,8.982731017845966e-05,0.00034916923420193294,9.053701646472058e-05,0.00035052109936562674,9.238336827944625e-05,0.0003534897832044711
327,6568c6b022e12ab6d71e7548314009ced6ccabe9,8.980152033623462e-05,0.00034859291821097335,9.083594513041052e-05,0.0003503338841255754,9.190279101444916e-05,0.0003526072483509779
328,068074f4acab87b0fabf194517b7dfb0f038af5a,9.037240948104724e-05,0.00035177237868052106,9.135972253385592e-05,0.00035321344782052367,9.274226825006984e-05,0.00035670149975038806
329,d78893c1116b3ada9eb1ebbddc17aee69693eb5c,8.961092969325702e-05,0.00035191574910034735,9.022308715565268e-05,0.00035407017225977676,9.199722289023073e-05,0.0003564738616315198
330,f128be6c671d320c84771e923ddaf6467645216f,8.990404952302083e-05,0.0003488538321107626,9.076141709969804e-05,0.00035097573418170215,9.19739726338197e-05,0.0003529096643129985
331,edb880dd9b3c7241b96ccef34c43bd9f90e4a6e4,8.98399348294393e-05,0.0003490810981020331,9.064923506230116e-05,0.0003505747823510319,9.192703609270129e-05,0.0003528127504978329
332,882f00bd47ceacbbcf34cad5d491be43fee0c99e,8.966451650103708e-05,0.0003486119016694526,9.030270657679144e-05,0.00035104801839527984,9.164512739516795e-05,0.00035292379907332356
333,1d7939e1d26adbedaeec98c8153ea2e37297f520,8.950115956335527e-05,0.0003487571491859853,9.032217776094956e-05,0.00035073308390565217,9.1698350363665e-05,0.00035272445141648254
334,1f95d7914ff23ffeb95767de79c55b4f702e6f2f,8.967030583688419e-05,0.00034813745102534694,9.009196694309184e-05,0.0003518372172644983,9.190238620662553e-05,0.0003534473828040064
335,8dde6f8f4a6180e5a26332733367e3fcdc5aac66,8.964842119954588e-05,0.00034888391577017803,9.0475834921495e-05,0.00035038666683249173,9.193509944121947e-05,0.0003529998493225624
336,b32b72e3d98d784b98d9c38d4f9905574a60707d,8.958336764423191e-05,0.0003489379654638469,9.036936348858328e-05,0.0003511559664426992,9.169349531558426e-05,0.0003537716169375926
337,df9c973f28fb9c0e713db29285b07b57c622652a,8.983899163821142e-05,0.0003496399517947187,9.053051644890024e-05,0.00035171679919585583,9.2124636285007e-05,0.0003535657985291133
338,8eaceff8aa2ed313d78b4f84e35b90a24505662d,8.968931087869998e-05,0.0003478782329087456,9.016868608334095e-05,0.00035053689886505404,9.163352237506346e-05,0.0003528863851291438
339,c750d24ef3a9a897fb19d3f0b4910f07f078e302,8.976937575681397e-05,0.00034962758266677456,9.028857462262073e-05,0.0003505390486679971,9.154426357285543e-05,0.00035337615214909115
340,bb71b5fb7b65b662c1fffa3f8120cbfd02e2c164,8.967538818347553e-05,0.0003482288874996205,9.075232612138444e-05,0.0003509321017190814,9.175231362777677e-05,0.0003528812628549834
341,89babbd98fc75399709543f55013ff856280c668,8.947956165848453e-05,0.00034756224680071077,8.983576905043904e-05,0.0003506909202163418,9.168123995715921e-05,0.00035330522323733773
342,202467c653efa89e94cc20feea0ea277cd0a8458,8.940885097465733e-05,0.0003476854840603967,8.997367791184955e-05,0.00035071728440622487,9.163308634676717e-05,0.0003522412502206862
343,b47c3c1c70644c84dac18de878cd53d1b103595a,8.991033931778482e-05,0.00034915655075261993,9.053691736738052e-05,0.0003518018987961113,9.197099982776632e-05,0.0003534485003910959
344,e14d47ce9fe29884a524322b295b723cf8ee1e08,8.979083141922706e-05,0.0003491670164900521,9.093830970015901e-05,0.00035162875040744743,9.223549647934058e-05,0.0003536824292192857
345,89c80ba606f4346f8df2a31cfcc0e967045a68ed,8.972548425472418e-05,0.0003483456856539023,9.045495905659416e-05,0.00035070298472419383,9.185903155329553e-05,0.0003526751650497317
346,64e62ef69babccb36cb2ee014225c6845b163c0e,8.952525371807766e-05,0.00034745063555116455,9.036019506040684e-05,0.0003501112999704977,9.186013644053177e-05,0.0003526235969426731
347,e02af0b2991171c39bb3013fa83bdbe727cd3cda,8.990161971396898e-05,0.0003482469163524608,9.060084284860487e-05,0.00035043754614889623,9.159275055439634e-05,0.0003532778510513405
348,f3533711c854d05e2d767e3e8373c882d4d9f3ae,8.918847087159997e-05,0.000348226031443725,8.997219818651922e-05,0.00035011915024369956,9.107669201594862e-05,0.0003532748067237694
349,a4e931f15e87cada0b9bb9ad80378115e72ba7ba,9.005620014533156e-05,0.0003484907986906668,9.022935963243494e-05,0.0003530341161725422,9.136609203944152e-05,0.0003527322046769162
350,93a9ed22b6fb6ecd6c4a10382306b1e5c6d06abc,8.969753598947017e-05,0.00034800913417711856,9.07390865243294e-05,0.00035161059737826386,9.141138500787994e-05,0.00035266421424845853
351,3fc4b7178d6edfb01dfddad57344330fd930440d,8.946809867658645e-05,0.00034791508223861454,9.021881779209395e-05,0.000349896300273637,9.159820177399915e-05,0.00035319708210105694
352,785d1eb24ae8690b6b7389f6badbc91f949552a4,8.95134410012729e-05,0.0003475597011856735,9.01351074788196e-05,0.00035071708261966703,9.118414124135267e-05,0.0003525133322303494
353,676a619f2ede19db5f8c8d42f7221a6b10362015,8.932299545553863e-05,0.0003504057531245053,9.023937712277261e-05,0.00035275487582488304,9.131226842561043e-05,0.00035506259882822633
354,f726490c4c83e48fe05e0a80073e9716800a508a,8.946563475994301e-05,0.00034810017871980865,9.033678499750855e-05,0.00035060369797671836,9.156956273893063e-05,0.0003522982510427634
355,e9fb9335399580aaef1e5fa01e6f7afc79b82792,8.965390137866263e-05,0.00034840235020965337,9.020209535648508e-05,0.00035003984812647103,9.154481389983134e-05,0.00035292233030001323
356,94de9f7007b9264328dfa16dcf60a8c34a2c8ec0,9.019769628944456e-05,0.00034882913439952096,9.010658283864171e-05,0.000350533282229056,9.106601249765266e-05,0.00035188723122701047
357,8eed39d6562045c650f4c8aeec5319f4bf34402b,8.945911160616342e-05,0.0003520254511386156,9.048552914283985e-05,0.0003515213339899977,9.165965020656585e-05,0.00035254729834074776
358,131b6bf29e20e801368907f71e5d8594a484f742,8.961819939715557e-05,0.0003491173692358037,9.012673134830865e-05,0.0003514985980776449,9.13335618462937e-05,0.0003540695800135533
359,63884710e540d1218ed3713b8998d515abd3c71e,8.970585777653289e-05,0.0003492475332071384,9.004390425210404e-05,0.00035054660014187297,9.162734697519008e-05,0.00035366474961241083
360,d3382a5e7e3c45a2fc9840509de0c8eadc25fa07,8.952204130343662e-05,0.0003482239010433356,9.019529804864452e-05,0.00035043697959433,9.185384895483201e-05,0.00035304520279169085
361,639f94d164407a311295fa67d3a5363cb718f965,9.009599674123624e-05,0.0003483096642109255,9.028626748260635e-05,0.0003509701695293188,9.151816325770183e-05,0.0003538108469607929
362,b575bd6928402e9738f439610ec13058f3402f3a,8.937939390784403e-05,0.0003478478795538346,9.040086056790816e-05,0.0003508014177593092,9.165425623251387e-05,0.00035391346706698337
363,4c37b8df70952d9192c528f1988e7285b44fd7ae,8.970773528707175e-05,0.00034814538278927403,9.021254098581628e-05,0.000351439470735689,9.145881790159779e-05,0.000353100267238915
364,4bd449439ccce1be0bc43abed15423b46dbdcacb,9.139801417900757e-05,0.0003553345510414962,9.378463199192827e-05,0.000359992982402187,9.562217799777334e-05,0.00036046736279566737
365,3cec3ae80e626952a6b61a72516713217d99fefe,8.924861083601097e-05,0.0003483440959826112,8.99047225190342e-05,0.00034994693317761023,9.145881366831335e-05,0.00035258911860485873
366,f4353323d0be0c3b3c7d0c752d6c135bc6d36465,9.360354901714759e-05,0.0003570027998648584,9.401602870669248e-05,0.0003604116345134874,9.546701436523686e-05,0.00036809661682566687
367,2a6a8f5a03ca78392aabc9a2d938760285fcee30,8.96946727182747e-05,0.0003486851540704568,9.018767428823e-05,0.00035047654916221896,9.192140053280374e-05,0.0003528706341361006
368,b797a0cb97a8a9e7e36962dc8c37c075967aa88b,8.968342587993038e-05,0.0003479698866916199,9.033183494105567e-05,0.000349919218569994,9.169760477644476e-05,0.00035323015181347727
369,f69c2fae9cc592fe42355b1533bd1a7e32216ace,8.990343747904799e-05,0.0003488926799036562,9.079905003617125e-05,0.0003507340132879714,9.186339924450624e-05,0.00035337786639815774
370,2e5e6f6949af92b3f7abd99e558f1f6ae5be2185,8.973621855651544e-05,0.00034909875054533286,9.039324258015422e-05,0.00035068529735629757,9.222527733072638e-05,0.000358489378162756
371,28a05b3a60014f755d72eb86e8a352f6d4476d07,8.986171427344489e-05,0.0003481511298256616,9.013140816549378e-05,0.000350938915895919,9.206704139201479e-05,0.0003529177202532689
372,8365e3ac35fe9c0b4cba8bc707dc1910e0c1f387,8.961716361466002e-05,0.0003485305312400063,9.011687260613708e-05,0.00035008024812365575,9.179551852867007e-05,0.0003530416210802893
373,86bae1ae269969a48759257900320c0f0664d37d,8.969522104216893e-05,0.00034920206526294355,9.026630562229836e-05,0.0003522747312672436,9.187217272648758e-05,0.0003530586953274906
374,d61fdc7d4c33d7f2104afde7e32d56af59f9d4f9,8.94937437212418e-05,0.0003480951495779057,9.008658730448031e-05,0.0003519934485666454,9.163190949369561e-05,0.0003530120671105881
375,1078723d2741d3379b65a70ee7aa23d9e7f08457,9.019711355039896e-05,0.0003479864060257872,9.046965625044727e-05,0.00035022878243277467,9.205340704118663e-05,0.000353301417392989
376,3409bd3f38adc03cdf0096c53e897818517bc286,8.952601866658069e-05,0.0003486706099162499,9.026083602639269e-05,0.0003504188343261679,9.182130452245474e-05,0.0003525015742828449
377,c3d1107b8931313c85947439c406dab98ebfc8ea,8.960330881917279e-05,0.0003477789461612702,9.036503254997828e-05,0.0003503590977440278,9.175445461137729e-05,0.00035256062789509695
378,092905febd53742d2a700322f88b652d6a5fd4fb,8.950222543150675e-05,0.0003496751266842087,9.039182154353984e-05,0.00035067963569114605,9.151985657147386e-05,0.00035296819793681304
379,e58c1a7f0decf7e43afbdeaa755492e665dd5533,8.972002431935022e-05,0.0003481318786119421,9.045668508210951e-05,0.00035065199869374435,9.194437245076353e-05,0.00035314807513107856
380,978bbe7fdb519edf1f28df4982ce13523ef59a4d,8.944855918261138e-05,0.0003478348798428972,9.008256857060204e-05,0.0003505828867976864,9.160477202385664e-05,0.00035287041682749984
381,6e5cdc9d0923558dc66ad878f2e5392d29185754,8.939869404144462e-05,0.0003481699929883083,9.020752358165655e-05,0.0003500298752139012,9.178051894361323e-05,0.00035254984783629576
382,83377c70a3dc49a7f3200c85d9736b346c42760f,8.955016955425424e-05,0.0003485159482806921,9.025538471057887e-05,0.0003503656790902217,9.155130352486264e-05,0.0003525265026837587
383,b908da64dd4fa8dc70932f51202f9701db4cc868,8.951664771422868e-05,0.0003481275479619702,9.032643846551742e-05,0.00035082653630524874,9.154094467786226e-05,0.00035331087807814277
384,2f782a2f1afa1b25ffacb3ca1ffdbbab0abc1504,8.940430106137131e-05,0.0003478340028474728,9.034547862435174e-05,0.00035008360476543505,9.162566328251904e-05,0.0003524902975186705
385,6df71138184f26cd87bb086acb1e6b3dc1be4bbf,8.935414895903869e-05,0.0003478195440645019,9.00093827796869e-05,0.00035039633512496944,9.15088944814422e-05,0.00035217018642773226
386,2a862700bd376800ff4495e572ca4c85c919a218,8.926673441148195e-05,0.00034774011777093013,8.99427066256931e-05,0.00035051430265108747,9.137680119072848e-05,0.0003519254270941019
387,77bc3225e6f4badf83190ec300a0e10e56949644,8.962311289342474e-05,0.0003487276534239451,9.06773969869722e-05,0.0003506803031389912,9.173451795835386e-05,0.00035438955140610533
388,402802d8a16da735017bbefa8621a91f5707beba,9.018399614132633e-05,0.0003488581239556273,9.09428739504627e-05,0.0003506461391225457,9.247397114946084e-05,0.0003529312477136652
389,e12112e7caf72f93e07128f6e7a8a3399f1c6bc9,8.946104159901949e-05,0.0003486821971212824,9.009792192354182e-05,0.0003516406364118059,9.181903124871578e-05,0.0003526488784700632
390,2c1a34daa024398cdf9c6e1fbeff52b4eb280551,8.952049691168988e-05,0.00034721201906601586,9.002078186012496e-05,0.0003477660858810976,9.148521348834038e-05,0.0003503015885750453
391,4516ee94feef318c72bdd96282d0cac98a10e433,8.939003210114545e-05,0.00034631642047315835,9.00593143695396e-05,0.00034792692555735507,9.138924493031068e-05,0.00035100566068043315
392,6822c098a73f168dfe4400867b0d82f29a7f5e89,8.918538681979551e-05,0.00034600975923240187,8.979598868422764e-05,0.0003491074855749806,9.126786512037939e-05,0.0003500665149961909
393,f25905b5d25a2fca1e23adad11d4597a1e658276,8.895989415831252e-05,0.00034651228537162145,8.992183460923266e-05,0.0003478462575003505,9.128739595536358e-05,0.0003501797172551354
394,41977b24ae011a51f64faa75cb524c7350fdedd9,8.92226721663944e-05,0.0003469101075703899,8.992158638482744e-05,0.0003482716080422203,9.122383992441675e-05,0.00035098758526146416
395,a1ee7968df16a4f57c8e22164d19aa2d14a6cdad,8.910404113655695e-05,0.00034588428679853677,8.986632085659286e-05,0.00034784902042398847,9.128027595579624e-05,0.00035021486692130563
396,2a9a95d250c91f842b9fdc32cbeaeaced8b5896b,8.94006521089888e-05,0.00034636564863224824,9.012467435691968e-05,0.000348264747299254,9.109199428084222e-05,0.0003504331534107526
397,b5cdbf0434019e802b5e1a44bee06e67e0beef75,8.938589789828316e-05,0.000346184941008687,9.003962767271956e-05,0.0003480148501694202,9.130892605513088e-05,0.00035144567955285315
398,672a2ec822bb2d3619096a66b76afc79eea118e6,8.94086431588762e-05,0.00034642039701856414,9.017855829505388e-05,0.00034828543042143183,9.137755894864148e-05,0.00035017961636185646
399,c136cb7f2982554a9ae305aafd81b9f68ac03ec5,8.997780247783858e-05,0.0003480273609360059,9.069692974617659e-05,0.00034852613074084127,9.203487160530958e-05,0.00035168939890960855
400,481e731368dd47705248b1832ebd70913e99772e,8.931484638301075e-05,0.0003488071961328387,8.984729031885951e-05,0.00034828394030531247,9.204779582267457e-05,0.0003510610122854511
401,f9408ee13adbe81c7740daa03a52fc73d71e71ba,8.944936142470992e-05,0.0003466004660973946,8.981771890289527e-05,0.00034944141904513044,9.128252594647082e-05,0.00035057019752760725
402,07cbfffec5156f8491c885d4e893fb7b920428b2,9.222165046429092e-05,0.0003513206650192539,9.471142234710546e-05,0.00035090221402545767,9.425934192470529e-05,0.0003576992933327953
403,b3e3567544dc2b41e1bcc89157b977cf12ef2efb,8.949637797868942e-05,0.0003466242691501975,8.982358515629025e-05,0.0003478761839990815,9.124912513989555e-05,0.0003505934107427796
404,d97e31e891e868457d710d53b8ddadb0d473ec8a,8.933197279445461e-05,0.00034706554530809325,8.96117646155543e-05,0.0003482986163968841,9.105102474655002e-05,0.00035040973064800107
405,cc7f1504aaf7b02de09ba87ee91dfe4446d90031,8.916429465361794e-05,0.0003460461506620049,8.975609767535501e-05,0.00034702093495676914,9.101644497026097e-05,0.0003494540384660164
406,de4a75535fa48ab93ae226c70182e411b27daade,8.932900706641988e-05,0.00034658149816095833,8.956242932892236e-05,0.00034795067428300777,9.102497850198391e-05,0.0003500485016653935
407,3aad1490f24f4d39980a72bea0617083aaf508ea,8.906794265528355e-05,0.0003466136132677396,8.989271153657396e-05,0.00034869395506878693,9.089079050516541e-05,0.000351276279737552
408,99eac42354f9c900bf8897abec6e7c1bd6c9ff6c,8.914600408895582e-05,0.00034653736899296444,8.974538746574694e-05,0.0003485648271938165,9.115071416917172e-05,0.0003503616123149792
409,969ada67c1b9b32b863a9ce77f56689ca7ba3b43,8.906881882213668e-05,0.00034618563173959655,8.981805065738372e-05,0.00034764633358766635,9.106956422328949e-05,0.0003500186838209629
410,2f52098908b00397e425904b89ac89d84e344627,8.89857383597581e-05,0.00034573778199652834,8.942309354783082e-05,0.000347998032035927,9.113307926834614e-05,0.00034995090682059525
411,261a769dd135c1e4007a6d0bdbed68a8c929497a,8.932686774287281e-05,0.0003464689323057731,8.970657209596358e-05,0.00034785834141075615,9.116152501549603e-05,0.0003507580840960145
412,455f1f3168ab0105d05add646ff63a17b80fdcdc,8.931753347765227e-05,0.0003471819528688987,8.972242978386215e-05,0.00034917768401404223,9.094211907888e-05,0.00035059149377048016
413,c4e20ec45f0aef437df9bbdc18849d15e9d7e850,8.91509832295238e-05,0.00034694746912767487,8.971207728994288e-05,0.0003486805828288198,9.1303582303226e-05,0.00035255894375344117
414,eeef9d4646103c3b1afd3085f1393f2b3f9575b2,8.92676180228591e-05,0.0003470479510724545,8.96781995953595e-05,0.00034837588512649136,9.116901889104736e-05,0.00035081279153625173
415,38d843e6b526fc5e8a936b77dc8d33750f5735d8,8.924598958282197e-05,0.00034694620408117773,8.990209018580677e-05,0.000348744277531902,9.126671039584008e-05,0.00035054443093637626
