,hash,size-550,size-1000,size-10000
0,03164d2d819f9b38e1c684d6d9e128f11867dc3c,0.0032696318739908747,0.005882971498067491,0.05929387499054428
1,60df9b1eb6375e3decf12ba7506404c46af0469a,0.0032724592529120855,0.005989548750221729,0.05888740198861342
2,772c80b1ce1db7e30497fcf555ac9af56b0d7fce,0.0031731416274851654,0.0057050647446885705,0.05702119150373619
3,66d357ae3aedcd324a1c607e037adc65d3ae1c02,0.0032360655022785068,0.005839259254571516,0.058311796994530596
4,cec39effb1739ae0a7690e56d58d3e9432569d5f,0.0032180558737309184,0.005784178749308921,0.057825671014143154
5,8ae543cb13769a0afa6e176898824db7fd992d27,0.003338037997309584,0.006068956005037762,0.06049748350051232
6,c890b10a8ade5df19f97b02a2b10a75f9f6075e9,0.003190879499015864,0.005797344500024337,0.05784510000376031
7,c9a83043c0669fd17306843eb21abd236b675537,0.0032733426232880447,0.005873557754966896,0.05683424850576557
8,4d87d909bab7a7dd4bb570444cf35d98d551668f,0.003153282876155572,0.005737839499488473,0.0573333544889465
9,a280f5e5d725de732a906b67172114b263ac3bfa,0.003197525627911091,0.005765591748058796,0.05741715099429712
10,c303c9b77afbc7fe6f4049683c3ccaabdebe7be3,0.0031869454978732392,0.005781514493719442,0.05768505499872845
11,fdfc4807cbe2de71f74053c45ae0de383332c4e1,0.0032589738748356467,0.006013430753228022,0.060334533503919374
12,537d35c2cf49cae0a496c37564fa282ec80e3695,0.0031658546249673236,0.005755980499088764,0.057811423008388374
13,1b6831be8dc33308e77f3d3253f5ee777e3bb178,0.003165164123856812,0.005736846003856044,0.05730850449617719
14,7ef145115fede2c20df2cfc51ed28fcc9742b696,0.0032117779992404394,0.005828995748743182,0.05795351150300121
15,175476fec763984573e60485a447978cbcb381c0,0.003463662251306232,0.006212115000380436,0.06099894100771053
16,c3c2b689cd4e1ccc24b18e764f105ed0e400ae92,0.003174333251081407,0.0057688730012159795,0.057122058497043326
17,93240e0d8ea23644a5b7874037e658c54966ff54,0.003180645999236731,0.005702725502487738,0.05707475350936875
18,e1f191c46f2eebd6cb892a4bfe14d9dd43a06c4e,0.0031657088748033857,0.005738855998060899,0.05753833900234895
19,8eedd3e911b7e3f5f35961871ddb8ee1559d4225,0.0031868981241132133,0.00580088924834854,0.05781054699764354
20,ade91ea2f28284668fbf78971538ac4827d653b8,0.0032572456257184967,0.005924236502323765,0.05875758600450354
21,b0a6e5583f2952a040c45d0d50f5e93372dc175b,0.0032281430012517376,0.005809211746964138,0.05862231249921024
22,94b36b557ce7d88bbfe4091c59aa376764b7047d,0.003295990125479875,0.00598769399948651,0.05941487500240328
23,ce6d3ffc991c63c1a91fd806b4eb3d0008caace2,0.0032598886245978065,0.005873973750567529,0.058925917495798785
24,aab7993af0f6f3b9ac0d76952933b19163d65496,0.0031982226246327627,0.005809342499560444,0.05780277399753686
25,b94c2b01ff7ef5b8dc44726512cfa232e9054882,0.003175943877067766,0.005762013002822641,0.05753168000956066
26,f737b354e6ab2aef8b4c05bca0011de46a4b53b0,0.0032247782492049737,0.005841360503836768,0.05783165599859785
27,bbd5a7750fbed42a4aaf12f196282a9504a1e865,0.003204436250598519,0.005835374249727465,0.057641872503154445
28,66f1b8a5411e8265ed87ff7bf97c67960af2624d,0.003310763873741962,0.0059955037504551,0.05961190100060776
29,d9347181d825d9426e783cfeafee304735bd25aa,0.002959909876153688,0.005418544747954002,0.05266755050251959
30,fc159a547f091d1d6f75db470a0b8e9b2e7acea6,0.0029513418758142507,0.005307898500177544,0.053272874996764585
31,857125603f3cf72e2078ed2effd0f6ce40f0ca28,0.002860260750821908,0.005137485248269513,0.051263706998724956
32,847119387dedec1ce7a85c1c0f29bcf86bc0348d,0.002912165125962929,0.0052177107536408585,0.05245866699988255
33,deb4be85025088553d80d6637dbc17d7f8101f41,0.002973172749989317,0.0054187485002330504,0.05367407049925532
34,0c06b0b8593d947c5d63b72b6d84ecf83ae5da5b,0.0028603412520169513,0.005194123750698054,0.05126244900020538
35,c003e6ef6e421d23b5bf98f01df20f1350f61ea1,0.00290327725087991,0.005256447002466302,0.05234308000217425
36,a0c5f64f4f1a7f6ee80dc9b95aa813df28a87d72,0.0028821956238971325,0.005258734254312003,0.052315943998110015
37,c53c89f0d8572086dd13cbe1c3c98a4e73b41d09,0.0030237193750508595,0.005363120999390958,0.05377353749645408
38,767744c86e1e4a27bf77f90a85f17e564c9b94ea,0.0028811480005970225,0.005219534748903243,0.052465933506027795
39,e657629bbc2bfb880a1b2fa24a39c5921c1f965e,0.0029132987510820385,0.005288665997795761,0.052579533999960404
40,3d0c041ca162d69cc5bbb4d9d051eca7933f12bd,0.0028883851246064296,0.005202254502364667,0.053562069493636955
41,ce140e8d5c28f1f057db1102cf78263e48f86d61,0.002097191599023063,0.0037993575024302118,0.038283667498035356
42,c18ab2c3975c8fa8b59724fe6855c528d72fef8c,0.0021147627994650975,0.003873521998078407,0.03770843700476689
43,3d2205dfd1d28fb8106e60223cf7207a3c05dbab,0.0020618655005819166,0.0037063514998105047,0.03690925550472457
44,c3fd79150bc183e8852f1330ea6e8cb4ca7ce7bc,0.002166945100179873,0.003883323331441109,0.0382983654999407
45,71555c48be7f07833bd540dacb50deb8069b551f,0.0021021638007368893,0.0037880086674704216,0.038221153503400274
46,5324067c702a41e901354a01a5f0d05ff49b6cb4,0.0021105663996422667,0.003816193001208982,0.03861985599360196
47,20cb312563b2e7c0b180db8dffbcd71d7dfd0bee,0.0021446810002089477,0.003860720166509661,0.038736351001716685
48,45ee22fa2fdd2bace756ed62685a346da91c4cb2,0.0021080389007693155,0.003811817332461942,0.03782346200023312
49,798aee26bdb9dcc0e806ca9271f0f98297188dec,0.002087308901536744,0.003757500332236911,0.037819183999090455
50,1c50f244d4d1eba4f3f63e93a05a2b2f938685a4,0.002057732199318707,0.003682076169449526,0.03717980299552437
51,fca7a15f30776ebce9e6814eb927e837f567a518,0.0021444423997309062,0.003816444501959874,0.039033836001181044
52,26311ed7bf80e02c827189e80084602d72e4f284,0.0020900475996313618,0.0037615326630960526,0.0379603604960721
53,b5e01bcb668da0413170a886c258e00d2540e752,0.002169571501144674,0.003901022168671868,0.038996722010779195
54,ab30683fe1277a7fd471be63975a02ed8d766f94,0.002169079799205065,0.003922217833557322,0.03922650400636485
55,3c89e2f913406f55b6e998017c1149e3ba383bcc,0.0020810394002182876,0.0037424791674614726,0.037675501003832323
56,590f07121dc55e6d9d9ce514887c9bbc253fb266,0.0026005698755398043,0.004666287333141857,0.04664560600213008
57,872372bd56ccb5fe98faae8be7d14e4a8c69e037,0.0025621935001254315,0.004635861499991734,0.04601009199905093
58,70a84c3192b4f231925e8e36f50d6a26bff3b46d,0.0025319112501165364,0.004541375499684364,0.04535698700055946
59,9d416356baf4a653b2c647a921ae24ba7d39e8df,0.0025910849999490893,0.004609938332578167,0.04636487549942103
60,09dd75e9e2139bc9742e6009b7babe41d4c002df,0.002574185875346302,0.0046903586662665475,0.0461589014994388
61,85d64e375f53f6028519d3aaad0b421934dcbe24,0.0025276938740717014,0.004545277832221473,0.045537394002167275
62,09e04dcbe3d0c836437b2d4745b353b256ec6265,0.002617472624478978,0.004714946166738324,0.047662008000770584
63,cdd7ab252988ff4254705e0a89874edeb5cea8eb,0.0025218351256626192,0.004556965666173103,0.04553584750101436
64,06da877ceae914a875bd1a55cd8e271332358803,0.0026604796239553252,0.0048371558320165296,0.04824955049843993
65,8529dfaaec65248420faffe095bac03c23881735,0.0026012786256615072,0.004710294999919521,0.04658554600246134
66,171a3e5811e43643788c20075be9ba52efb83b81,0.0025995121241066954,0.00466803033365674,0.04641793850532849
67,5bf9ab98edd254dee1162d6f1863053e040cf828,0.0025570626248736517,0.004642008168351216,0.04585360399869387
68,9776a73cee9eaaff6af40e971fa2bb7f8f1086c5,0.00270299662497564,0.004861734834169814,0.04797667399907368
69,37a1ad069a800f5ef98286f25fb3fb632375168d,0.002585041124802956,0.004660081999948792,0.046362744000362
70,1cb2230bb1bfb9b2544dab798dffeedce64ad39f,0.0028865071253676433,0.0054351048335471806,0.051713872999243904
71,044f5131450f38cdfbab63d6999b60e7e3bbabe5,0.0026015608746092767,0.004678246167410786,0.0468406075015082
72,dc089026b4ad0d2d9ea992c7f1b9b5e716dd82cd,0.0026178593743679812,0.004715929000667529,0.047781350498553365
73,53adf81bc503d749b13160a27e49160c5bbe48d7,0.00255593175006652,0.004666701333917445,0.04697761300121783
74,49e00940a82f9590d774539cd188b634c29fc39f,0.0026161912492170813,0.00460398999954729,0.04609313949913485
75,7b9b41a4c7dbd7b719d62f343f57f841f5809693,0.0026010144993051654,0.00458033399991109,0.04592867100291187
76,ae88e02a48c4744afd22c63be388870037f3c84c,0.0026035338751171366,0.00465103466679769,0.047148609497526195
77,0aeab48b9e914d1dc7041b7e3f3b7e575ffcbbed,0.002561366000009002,0.004637501332884616,0.046160773001247435
78,c18b3f59b5f5752ab038224fd3bdf2dadba55ecf,0.002554377499563998,0.004685393165952215,0.04668652399959683
79,a5e5e51187d4476841503ce816924ea99936dba0,0.0025713859999996203,0.004620093333263261,0.04604448799909733
80,b69cf68a24cffea0a884a102da1797755de8f022,0.002537377750286396,0.0046212183333409484,0.04610499799855461
81,ee3e17a7c3e3efdeafe907b394de56aed01a70e0,0.002596472374989389,0.004725478499191619,0.04716985200138879
82,c71ce0e6dbd9ec67b3ac7fb5ac3eb609f8a56829,0.0026917953750853485,0.004859606999768099,0.04853245699996478
83,0ce156413feb21a4f2a8eae3b1cd954d04240edd,0.0026174311255999783,0.004709015332991839,0.046870689000570565
84,7e3fd81c039b0e22715c4e6eb63439bdf5a620bf,0.00252485750024789,0.004563471332706589,0.045050259001072845
85,a6b4b2bdd6baf2afde27284097426e93912452e9,0.0026040092498078593,0.004664534999998675,0.04655724599979294
86,c8a5ff07e5bda47eab870671634b107da5ab7934,0.0025183186253343592,0.004514841833345903,0.04528597399985301
87,fafd123410f1ad5c47341c66d8ea4cf541165e77,0.0025824437500432396,0.004702355500133612,0.046931605999816384
88,9765987c2ade250c82bfeaba49d1f9301211d63a,0.002630302000170559,0.004736411499531338,0.04718697449970932
89,dbf37449935bced333a3999afa860aaf304ab1a1,0.0025858115004666615,0.004699940327554941,0.0465977450076025
90,5e84ac2bf2085d438da2d0dae5d370c4389bbdca,0.0027381539985071868,0.004904807991503427,0.04907171946251765
91,c70bff83e452c9b76b7f5de2e6811b800d4f72cf,0.002585321621154435,0.0046469948526161415,0.046845814445987344
92,b4fd7a79bc55f17f301d219492528e6f5f40c6f0,0.002533223872887902,0.004580793164980909,0.04566061747027561
93,0311c93c8c43cd913303c529673d69575901475e,0.0025725018786033615,0.004619671672116965,0.046124931948725134
94,adf50b93d76fa55d03ccbc4910602cda23b32c7d,0.002565794886322692,0.004605901175333807,0.04618293803650886
95,64619c55896dad1927afe78c0702a58abf0d038f,0.0025791781081352383,0.00465681233132879,0.04661157645750791
96,eaa59b4f04a0c75091e332afa95a304eddcd93ab,0.002582024724688381,0.004659565126833817,0.04639841488096863
97,2810becf98e20bfe2bf99311c5f4f3e150d12d09,0.0026668835198506713,0.004650714457966387,0.04621355247218162
98,d34b9ead10e28e3a0a62d642a16efdae2030ed76,0.0025743238511495292,0.004630341349790493,0.04646594950463623
99,0bd548e287b9e2fd0126f64d8be01a812e3c6a48,0.0025659003586042672,0.004587258445098996,0.0459611585829407
100,4cba2d91e1546872d29af6b25ad35947f27e03ac,0.0026310951507184654,0.004766902653500438,0.04685798136051744
101,97f9fcb599fec377f35be647afdc2d5c2c6ba1f9,0.002570926386397332,0.004659797026154895,0.04650093987584114
102,67c68b88e4120a84ec516725e322265446fc50e6,0.0025877885054796934,0.004659653796503941,0.0466089581605047
103,551773f27ccc955ce24d15eae84eed924250c573,0.00255570761510171,0.004586231506740054,0.045704658958129585
104,196d633cb19274ddffb4ba42928126fd15e3282d,0.002594930090708658,0.004702789320920905,0.046433345531113446
105,1af65ee2225a011b39a9cceac306328be3737aa2,0.002578208514023572,0.004640123147207001,0.04616880544926971
106,b4d2295bb5ba3c866553c1d7c10938f7f00c3286,0.0025911844859365374,0.004685848679703971,0.04659561987500638
107,69898992b339e4614780f626ed07c4244a08648b,0.002593110519228503,0.004666456991496186,0.04644909454509616
108,2d43a901ea6b16ff5bf1766177f16cec4eedfe0c,0.002577782637672499,0.004660104789460699,0.046447326079942286
109,fa45695b787070275696e979eb9f476ef3afc5e6,0.002591818629298359,0.0046655850019305944,0.046841506962664425
110,6511a143a0bfd2be89799a7db2e9363eba5e7450,0.0025776266120374203,0.004677641360710064,0.047089301981031895
111,529c61bdf69356b4a428d48bb5bc72c2417ed0cf,0.002525079238694161,0.004525187037264308,0.0450581629993394
112,97d2db483fc0ffd46f38d0e1c39d5fc001e33197,0.0026404041273053735,0.004748301192497213,0.04747163993306458
113,5bf6d68e7241498556ee1b28fc146c1c21fbb5e4,0.0026078867376782,0.004827262018807232,0.0477870024042204
114,e4e0ab8e5ba9cdf17f9bd2c3c9e06e3d12030022,0.002595596219180152,0.004659119023320576,0.046405347529798746
115,a7401aee4d6d465977760e9e4b16f793d60f4ee4,0.002582175744464621,0.004661375152257582,0.04592763807158917
116,32b3f82e4862d85c5aebba2b2b82a931038cd103,0.002643281623022631,0.004788707670134802,0.04709271155297756
117,4cd6e4b336fbc68d88c0e9bc45a435ce7b721f1f,0.0026002631057053804,0.004680203506723046,0.046975973062217236
118,53ea3a9dd802c13dc6930504d4a896bba8287cb0,0.0025665723660495132,0.004608712003876766,0.04605245648417622
119,e1863f3582e3e8870205f8a9d1ed1cef1bf536b4,0.002552578371251002,0.004686003512082,0.046227354439906776
120,bbe2cca1925873dea538674b96b53b5cef0a148a,0.002516381733585149,0.004521189723163843,0.045057379989884794
121,f4703789ee8181fb6a71f4250dc8316e81de7f78,0.0025644583511166275,0.004611786998187503,0.0457742833532393
122,54811204a63c2606e89c4f053c4b9a7215207079,0.002591655997093767,0.004698044154793024,0.04694357153493911
123,60f9c616aa12800e27baef1db0f964cd9da6623f,0.0025888378731906414,0.004648052854463458,0.046397702069953084
124,651fb50e07a8e11d31bed9c202823da2ce558c58,0.0025304051232524216,0.004569886019453406,0.04563196352683008
125,72e8904d1074c2eb02558c017880b9a8b3e017db,0.0026074891211465,0.004677677449459831,0.046658134553581476
126,459991afcddfce6fbbae3fa83467fe607f2de7d0,0.0026953332708217204,0.004874857996279994,0.04865953582338989
127,263b293d9caf8f54183509275a853de9b8d8839f,0.0026085954159498215,0.004661489278078079,0.04613372799940407
128,3fbc84a5662ffd985a071b0bbdcd59e655041ad3,0.0025340766296721995,0.004566864032919208,0.045613368740305305
129,db866874ccb8c8c814df57eb1edca4fd05eb1753,0.002623211359605193,0.004738884201894203,0.047342543955892324
130,f7cb42d52f121656b0a96ad5a9bc5c44506d2cce,0.0026107560261152685,0.00468061639306446,0.04671741742640734
131,f1d0378d3735aa97a86af3b87b8a9d9ee4575af7,0.0025300182751379907,0.004564111586660147,0.04556081281043589
132,6eaf8906c4dccc60592dedd0ec9a7aae0e7db851,0.002598134276922792,0.004689952824264765,0.046707617584615946
133,e3c84a44b68966ab887a3623a0ff57169e508deb,0.002581075706984848,0.004627744667232037,0.047118626069277525
134,1f8ce6341159ebb0731c2c262f4576609210d2c8,0.002574666461441666,0.004631302241856853,0.045866223284974694
135,f842c487da5096bd3e76a716ca033681981821c7,0.002582211745902896,0.00461034926896294,0.046087696915492415
136,04d8d96285e38f1683960611177b360fb1b9718f,0.0025494628935121,0.004597832293560107,0.04618619941174984
137,925f8381009bf63e54984fb4245466f0bef31ab0,0.0025605441187508404,0.0046070050448179245,0.045925717102363706
138,99bcf99750d7da499bf3887e6acf89f025e0b9f2,0.0025864274939522147,0.004668039657796423,0.04661107761785388
139,912790315033d8a2b8d525eb36db410a851ca1f4,0.002676269505172968,0.004863707348704338,0.048206107690930367
140,b95ba5d22c8e567afb5085f6dcc8aa0e499fe525,0.002637414901982993,0.004765171945715943,0.04748703073710203
141,a8c8b63b70ce3303e56e2e89aefa7c9995cc2443,0.0025708453031256795,0.004657688938702146,0.046711030416190624
142,02746c9f20b8f491fd2cd40d8807b24ddc6ce26b,0.0025627180002629757,0.0046232473105192184,0.046384300803765655
143,c970c04cbeb38c80901a02bc573a9333458d4c4a,0.00256944983266294,0.00463950214907527,0.04661256866529584
144,34ab10da8641ec9c98d8241ef94ae1ee0af946e9,0.0025872758706100285,0.0046657007963707055,0.047192655969411135
145,d73991e45e097d2d23732f5a2fcb1c9cf61f69fc,0.002637757337652147,0.004747903983419141,0.04714985052123666
146,9c9df9c649361fb651f4b2174e779b3036464ab4,0.0026171381468884647,0.004705667418117324,0.0470386384986341
147,803386487f14484cfa24af915c24ad75211469e8,0.002600165898911655,0.004739842299992839,0.04754594131372869
148,274d5d64a989e44e99a9defeaf8fa1b11bda46b4,0.002574308484327048,0.004632093167553345,0.04641345632262528
149,459ffe5c008863b58805c9177a85668a3e5fb4f6,0.002566204231698066,0.004612232170378169,0.04647346679121256
150,e31f1fac208882f1255edf346ef10c769b775853,0.002540810441132635,0.004592791432514787,0.04689665790647268
151,f34c7c6b0edb8bb3044867d5984dfd607fe9f5b9,0.0026092608459293842,0.004752002423629165,0.0474218709859997
152,e4630a2f5273307983b6ddca9b72aa0cf5a65784,0.0026162289432249963,0.004725902030865351,0.04799474566243589
153,3a9588ae8041d611cb1df4be849db88fefc5ea46,0.0025911361444741488,0.004662672523409128,0.04736927105113864
154,74712a53df240f1661fbced15ae984888fd9afa6,0.002590056916233152,0.004662513500079513,0.04666648665443063
155,be92e0099d4926be76ab4ec9ca6db6f2471397d1,0.002567838004324585,0.004628416150808334,0.046286677243188024
156,7e9d603664edc756f555fecf8649bf888a46d47c,0.0025868708617053926,0.004641682064781586,0.04647092567756772
157,02798e4ce39ae7882b19a3fde209472b7411d48a,0.0025588402641005814,0.0045910646828512345,0.04621147224679589
158,3329d26c5d1d53f7fca1dfe253fdc43e93f0f6aa,0.002546135277952999,0.0045681886064509545,0.046233913162723184
159,bc6000da993399284d2afd4fcfa1e4c4fe0d408e,0.0025871008747344604,0.004663456333219074,0.04688615250051953
160,c7d83e7412169399586272176d5ad839b568ba57,0.0025905783750204137,0.004656919668680834,0.046616876003099605
161,8adeca227a39640b0ad4db38ca34a77a0bb50c8f,0.002562936873800936,0.004622990835438637,0.046629421500256285
162,9dd6c60bfccea7f78371e1b88f223b93ae69d037,0.002574028625531355,0.004616926501815518,0.045938215997011866
163,48efb02a936da85e395ff29a477765ea3916770d,0.002534731749619823,0.004584523669715661,0.04611362349896808
164,3ad444b07ed53cf43d11e755701224a96840de62,0.0026078037508341367,0.004714857333359154,0.04711570349900285
165,3f5097baec71b4c6b287534cc938a16b1f9fc474,0.0025144138708128594,0.004558017506496981,0.046023210015846416
166,4cdd3606160de923fb4054cf93f4ea02a356def0,0.002547295625845436,0.004593430009360114,0.04621829598909244
167,245b73ef38844395c36ce4c1032092c81253d112,0.002632735879160464,0.004758273668509597,0.04708698802278377
168,7b7e7fe4936a0cd8b1278ebc3169463e392a486e,0.0025831094972090796,0.004631576002187407,0.046752542490139604
169,d2b0d56350ab4ec48a19349a4c05cea0e2603b21,0.0026449973811395466,0.00477346849705403,0.04737518401816487
170,bd263912e11f7f79310c5516fab6bd0a7b7c8eb9,0.0025442573823966086,0.004586274677421898,0.04602304199943319
171,08690a9e394406562f636f90bcc899430bf3cdee,0.002546204748796299,0.004595928505295888,0.04630908902618103
172,e731e8676118c48770368eb470fed2d77fe82847,0.0025654126293375157,0.00463960117000776,0.04676268299226649
173,f1f1436b853f3855d75667ab4055cce06960fda9,0.0026579078767099418,0.0047968288223880036,0.04664941050577909
174,bde2119e80d14a21950285f2d872b29506c7b851,0.002553663005528506,0.00460747632314451,0.04644950001966208
175,60a1e10c4593736b188b38e7d7c51aefb213af6a,0.0026147334938286804,0.004726762340093652,0.047037425014423206
176,233c63a56974de22b846ac989cef1fabe45e7296,0.0025387360001332127,0.004576509178150445,0.04600076100905426
177,bbc0a6b7efd4930053976e55b7937ed4606b5a14,0.002589327617897652,0.004722605333275473,0.047576514014508575
178,c6853c7c27bb8352ab498848439d4fee9eb79a33,0.002584667134215124,0.0046725673309993,0.0465938429988455
179,385575faba79b5c857112199206119bf9ac2277f,0.0026180831337114796,0.0045927854953333735,0.04667789599625394
180,3b294521a7394c2195e6b2980555c6b27258bac9,0.0026057598734041676,0.0046965319973727064,0.04690732201561332
181,70f4309a155808d3a60a9a71db2d9482c1ec3ad7,0.0026229568611597642,0.004762298505132398,0.0481802694266662
182,e552726e3a5ff964a004d46558f534e7a47cab70,0.002585028254543431,0.004694220493547618,0.0476524475379847
183,64fb290a8cb8fa9201f18015f3de1186e950a137,0.002541063993703574,0.004616608319338411,0.04620356747182086
184,f981a7ff4b02204f215eb089ce77f9a3f3906b1e,0.002555098632001318,0.004621353989932686,0.04665170842781663
185,0d2536650ff1b750a9008cfd2893dcc1db58f94f,0.0025546926335664466,0.004641258157789707,0.04636165651027113
186,bf37644ca5987f5fabfe72be6da1fcf7a0b6b6a8,0.002546853633248247,0.004598792836380502,0.046040694462135434
187,57f2a6fb79a7aba317f3fb57a0f1e2439ea99481,0.0025350479991175234,0.004559206970346471,0.04592720099026337
188,a1454867ab910a356588c511700c99ec6bef93b5,0.0026277686411049217,0.00457034248393029,0.047426455887034535
189,ffb6f185b5775c612524496e98c8e6240f9bfccd,0.00253427101415582,0.004558419498304525,0.046156120602972806
190,02e6b062027666b22c68d91e280b28f57ee9c2b5,0.0025095000164583325,0.0045229138340801,0.04595587449148297
191,a2a6d0d24d99703ded59c31b98b259900469762f,0.0025754668458830565,0.004652561813903351,0.04630551894661039
192,ce40769276729d7bde07eb556398a5f47b8ecacf,0.0025160841178148985,0.004543416861755153,0.046075319522060454
193,82226d816c67a80ff634fd202c1df32865175232,0.0025413238909095526,0.0045866729924455285,0.04587384394835681
194,66685909f174c38ebfbf7f733f40bcf7d9e86d48,0.0025649893505033106,0.004615032152893642,0.04653905495069921
195,015eb5f76e1dd5b38b08bbe8b648fdb34b25e938,0.002573976234998554,0.004626599295685689,0.0463937585009262
196,33e1dbee8d9e11a3e96efaae822ff6f3c44e3cef,0.002526595984818414,0.004588548986551663,0.04609847452957183
197,821c53daa1261a6285cb85c106eab25c4d88ea2a,0.002578831888968125,0.004662371550997099,0.04644726437982172
198,34d7d395d79f880dc9e156ff83af0cf5844867bf,0.002612153737572953,0.004721717326901853,0.04745016049128026
199,6525ed58f1757092d73f33ee8717be2b5988c3e8,0.002594407618744299,0.00467713134518514,0.046749904518947005
200,e6d04db287a4421edb3a060fc84d9f8c66718cb5,0.002608206501463428,0.004674917475009957,0.04687027004547417
201,cb107d1ca6ac633702650a21152de7d05d31862a,0.0026141023845411837,0.004705577506683767,0.047275387099944055
202,0630be4c479f36113e9c3bac50a11d163d2208e4,0.0025431285321246833,0.004592121462337673,0.04609704902395606
203,d92693b9c7f36679a7703a72397a2993ab158f88,0.0025741368590388447,0.004657545359805226,0.0468154699774459
204,058af7581d22d15bc45f24283cbf5374a6a02541,0.00254546562791802,0.004566552505518,0.04652604996226728
205,60945085cfd1abf4e04db461040bc675f1d325c7,0.0026458381325937808,0.0047917698199550305,0.04812760709319264
206,ed7d967ff37b649a3b5ce8adc51cdf4ec9dd39a3,0.0025742348516359925,0.004648463490108648,0.04682150192093104
207,26cff95893d7609b7bcba4b6d374835ad975137c,0.002533665596274659,0.004579474683851004,0.046076900558546185
208,d49ecd53dbbaa9abdbeae6b5ac0486a2df376566,0.002548356482293457,0.004603425467697282,0.046813555527478456
209,33963bac8b276f2f2a6aa25e80caddbf23d9ff57,0.0025774567329790443,0.004652165497342746,0.04656093043740839
210,88ed1552809f81e2ec8b04c8874443abf14e6f8e,0.0025277697714045644,0.004576711333356798,0.04592399101238698
211,e695dd02a5c3c9cb0ebea8eebc72915af9deebdf,0.0026463471294846386,0.00477101750827084,0.04712100652977824
212,57adb4bb6a8eb46fed597d4a781e47bcb86ebe11,0.002525374118704349,0.004546312304834525,0.045763623085804284
213,5165c654dbb2b08e8a38ac437ab35611726bf26b,0.0026331315166316926,0.004744509855906168,0.047458290471695364
214,d19c664c70a3bcdd728a2a78bfe424491bdf2fc0,0.0025431893882341683,0.004590608373594781,0.046060528489761055
215,b93b67ca5c208dbb8d0d0cfd640dd6125dba96a1,0.0025508577527944,0.004633707149575154,0.046166903455741704
216,47a918f644da4ed3947ee2f797c790027041f29b,0.002578586630988866,0.004665504985799392,0.04628744802903384
217,565fe77f9ed8ed5720b42ddc3dc30947a1f3e9ae,0.002524677984183654,0.004562873820153376,0.045740064000710845
218,24d368a809827cd2cd787a470a65b4a7cd721d10,0.0025809001235757023,0.004659935366362333,0.046755089540965855
219,48896f5ef84e1b1f89c37ab85ed256c4c68796b6,0.002542391885071993,0.004591595497913659,0.04605763137806207
220,e6b8b19ee832ae89289721301a4f5afcd454ec4f,0.0026105858851224184,0.004732642516804238,0.047254659002646804
221,d5a3e2747f08da24ffb8b889daacc47890b72c5c,0.002596347127109766,0.004717473988421261,0.04696010740008205
222,86fe6658e8ae9dc70825df110d444e3780ad1ad8,0.0025674287462607026,0.004630855362241467,0.046580007881857455
223,88eda2f2f430e2f3b7e580fe38ac31e4c5fac942,0.0026314353744965047,0.004703246367474398,0.047193804173730314
224,7f1cef6b4700c4df135abbeb446458ee468d3d98,0.0026119618851225823,0.004714834659049909,0.04704916093032807
225,73157efcd17da95ce984d1595ac4907233b9dbf5,0.002565803995821625,0.004613932493763666,0.046304638497531414
226,81829432b3a00ae8ebe46e53d181810b462f0024,0.0025522754003759474,0.004605289354609947,0.04672761051915586
227,2dbfb458fa3e96203f93118a9d142a6bedca9271,0.0025947213580366224,0.004758917532550791,0.04771595844067633
228,3f6bb2073418e0ea0d88398e1848e2aa3f1b53eb,0.0025839640002232045,0.00465019167556117,0.04688378795981407
229,cf1306a842d7b1064270bd06951a485121e60816,0.0025460671458858997,0.004583481970864037,0.04599933058489114
230,9ebd2bfa64eab788d529af7404f85dc3a58ff411,0.002604205656098202,0.004727414537531635,0.04787180351559073
231,9b10c12e9d173d8b67c50e97e6998dbc57a549d4,0.0025549494894221425,0.0046036154963076115,0.04612626403104514
232,225c3360721ba515de88a1e191ede58e8b95593d,0.002542223344789818,0.004612879012711346,0.04626495484262705
233,923e77abdbc22c0ee5816086a334617bf7935f1c,0.0025551258586347103,0.004631303483620286,0.04643768456298858
234,07a97601175f44ecda357514c0b91ea5139fb04e,0.0025619886291678995,0.004623947315849364,0.04631271096877754
235,23e42e91052df51b55719b7c6759d3480b295cc9,0.002594399469671771,0.004703452539009352,0.046952357981354
236,c20f08accae9d2b2bafde2265d7d30b73b059035,0.0025872013648040593,0.004693687194958329,0.0464607160538435
237,789b21719fe89a3b38cae5a8800a4c0c3886a0f0,0.00254020222928375,0.004595919356991848,0.04635225376114249
238,2eed8784d5946e420500bf87f9af305d87aaa055,0.0025291892234236,0.004544306158398588,0.046205619582906365
239,590201aa6ef313f9d34fa4136d6f0b3b3c36e951,0.0026044147671200335,0.004650670647000273,0.046490817330777645
240,291ac7f21e59440d249d0afaed3213a79cf70535,0.0026389843551442027,0.004777597341065606,0.048296942142769694
241,9e37e585cc86ff6dc821d0566baacc137cb16343,0.0025786172482185066,0.004655231023207307,0.0466406459454447
242,2378c3c987c479cca27470d3d66b5d50e91ad673,0.002657271281350404,0.004780284129083157,0.04798357514664531
243,2a267e6a49ed68da01761c92deb7c90be207660d,0.002607575326692313,0.004661960682521264,0.0465004111174494
244,18af0e10878fe49a893fd576317dabd424c7ca16,0.002481734938919544,0.004492194469397267,0.04548771400004625
245,86472322736260e7c2fb2ef72e7d01925adc9de0,0.002550439618062228,0.004613824188709259,0.046116493409499526
246,c954144b7682014428d547e7cbbcc154a8cc5fa0,0.002505675482098013,0.00452836750385662,0.04559963452629745
247,20d5999e2f01c32876368b97797047c3adc536bd,0.0025495264562778175,0.004607008149226507,0.046830311650410295
248,d3d594039815cbdae8e9afd281d629d0ee266b84,0.0025730333873070776,0.00464643188752234,0.0466069953981787
249,0cefa592833151266d3e0fc2f258685280b0713b,0.0026293668779544532,0.004748974616328875,0.04730547103099525
250,328135c3a355baed063a1ccbb224c9dc1b71a464,0.0025298838736489415,0.0045673414909591275,0.04588081454858184
251,156cd054e007b05d4ac4829e10a369d19dd2b0b1,0.0025473518762737513,0.004611576441675425,0.04612871794961393
252,822e00b9b87f8ce41ccf8112bf4105ebd1657f83,0.0025731404894031584,0.004619038198143244,0.0461043028626591
253,aeb23741b1186e6ae525c4dd7f46ce9e1378e670,0.0024804064538329843,0.004520984133705497,0.04541977075859904
254,4afd82d8dd2c1ef48c62bdf875a194e407f2d2d3,0.0025757793919183314,0.004628768811623255,0.046250737039372325
255,2866c83df6f080393f9fe2110039d1ca272232fc,0.00260003813309595,0.004727236771335205,0.04712722799740732
256,f0171ba7643060cf7cf05a27e24ce66f09d5a9e9,0.0025905956281349063,0.0046767036740978565,0.046868107514455914
257,bb6b86e2afe88b371badfcefe298945002e47006,0.0025382675230503082,0.0045702977416416015,0.046383630484342575
258,07a54df60c6012da3b02a248c65cba9688681109,0.002563586109317839,0.0045792186477531995,0.0456660077907145
259,588a517b68d9f273b607622dc854b1b3d014ac58,0.002568850584793836,0.004628304004048308,0.046421260572969913
260,a34cfc9cff3886ae770cb0a2d527498d60ab24fa,0.002565792528912425,0.004604541774218282,0.04588445578701794
261,d4c08f977ff7ec0bb7e043d9657b8c0747efc169,0.002572264987975359,0.0046483448240906,0.0463516830932349
262,4c6f0f88df24180bde7475030e3f40680a150e57,0.0026522031985223293,0.004780466513087352,0.04793939343653619
263,a72b89c7c2e30f5df5cf27f68b6afd45361934fd,0.0025575676700100303,0.0046290685422718525,0.0463626473210752
264,18da0ef0480920c6256627ed91469a40997ba4f5,0.002526367432437837,0.004585611633956432,0.04625502787530422
265,9af9a963b9b154dbc958f05480dfdee6a2965292,0.002592418750282377,0.0046780058958878126,0.04646871378645301
266,dbc4f5d3fff330a842576427674ee4fc5de0164d,0.002669265493750572,0.004796921353166303,0.04707078286446631
267,8eb6424128b4be16bab4115f9d172b32c397972d,0.0025734809460118413,0.0046278336861481275,0.04614469315856695
268,eb2c75189c9814dd463e0019419360b860d59ec1,0.0025624075205996633,0.004629291128367186,0.04680009349249303
269,820a439494aa8c5a199edadd6bf38af400f67caa,0.002553981263190508,0.004591579626624783,0.046848452650010586
270,4ccfbe69b7a8c511d262a9759e576bb87ec119cc,0.002668339235242456,0.004753734838838379,0.04787761904299259
271,a5aae4f4cd852b64f5f36e8c225895b3a2113c48,0.002563101123087108,0.004625584464520216,0.04595349449664354
272,99cf84aed1751d4707f6f0c2cb9fcfb460f56ea7,0.002566893759649247,0.004641161145021519,0.046478918520733714
273,dc11e03f11b9354a84db0848e7ddc277ab779b68,0.00254712876630947,0.0046071200631558895,0.0459750120062381
274,b4718373f5412ea0d52ecbe2a3f9bbed824953a0,0.002565513306763023,0.00459798394391934,0.04618364293128252
275,b9dd2be0108cb312b4c34239a1dc8d24ef3a05a9,0.002604816749226302,0.004721812282999356,0.04728022264316678
276,aebaa8d2dbff7af620a2fca3b5ca9fbb08d4c60c,0.0025936910533346236,0.004665009677410126,0.046312114456668496
277,2ce4ab4063457f558e5aab1051aedc68ea17eb25,0.002628402493428439,0.004712415703882773,0.04697007802315056
278,7b0a764fee6e1614f3249e9082d8c4acf1dc62d5,0.0026039431686513126,0.004716070679326853,0.046866420889273286
279,bb76bff17f86e468ca9fbc5071d95782dc932c10,0.0025895347353070974,0.004640826489776373,0.046033605467528105
280,8fadcf13ddbbce596d008e206bf3127cfc379377,0.002596072619780898,0.004712733828152219,0.04727226123213768
281,fb27bd593222f42b4dad5286dcb9be4b74f34273,0.0026075757341459394,0.004691689042374492,0.04690651525743306
282,bd178b3836e62064bd894a8a2b4c9f0ea71452ac,0.002569895179476589,0.004672678497930368,0.04666267381981015
283,136185cee387e0e3638abf38b4faf9b0f0cfadd7,0.0026195800164714456,0.0047289549838751554,0.04764235555194318
284,76e80b35bcf279f7837b999cc8c7d6dd2d0a3402,0.0025871647521853447,0.004625250973428289,0.04625111888162792
285,32f1359fc2d11014b240dee2270acea1784a34bb,0.002598220424260944,0.0046687755578507985,0.0468823176342994
286,854f95a25d702bcc3b1373defa9ba70de9ce32b8,0.002546100353356451,0.004577283669884006,0.04567623161710799
287,9bbb13b81d842dafe8ea4e03dff9b9b6c021fd71,0.0025654707569628954,0.004639296870057782,0.04632799536921084
288,ac26202be0fee25871845e2fb479bf0b09be2b3e,0.002631742157973349,0.004723381483927369,0.04769732104614377
289,04934769d5d667404dd311256632618a13625e91,0.00254973053233698,0.004617235856130719,0.04639998124912381
290,6c44128939d0bcf60bc1b89a5c761b2ecabfdd3c,0.002563254500273615,0.004633805947378278,0.046047574607655406
291,84626f2cdf1e14fcd5acfad5169afbe6830a0bed,0.002573994977865368,0.004657474812120199,0.04608774627558887
292,395b754902c6a31ee34d4a985bf612d712c25b08,0.002575703547336161,0.0046225216550131645,0.04620711668394506
293,0645461254a2110438b6df63ef193c1138c306ec,0.002552228805143386,0.004613572498783469,0.04639681801199913
294,c0043831c46ec07fdc34999d664af654ada0825f,0.002580473432317376,0.004628851466501752,0.04624830465763807
295,444bbc9a787ab1d8a487085e75772db210a77699,0.002596727876152727,0.004676745001537105,0.04679645799478749
296,ba1fdc94b0d7358c993361bdd73feca09d38171c,0.0026047886240121443,0.004706960833573248,0.04721483599860221
297,d483de0f32baec73b0856230dd35f08373ecbb85,0.0026908201252808794,0.004832297835188607,0.048003749499912374
298,043a0421504396fa7ab0f27d66f8bb5ea539606a,0.0025879228742269333,0.004625093666012011,0.0465281459983089
299,56388f8f582b7800bc3af84958e2d1b0eae1bc05,0.0025938737499018316,0.004672624165929543,0.04661921399747371
300,119a0330c9cbeb13fbf8801b4f5d956659ff92cc,0.002593065125438443,0.004652270334190689,0.04657882700121263
301,788976979452a2d0758040c3c79b9bcf9c78b7c7,0.0025939633778762072,0.004679603667076056,0.046518490999005735
302,1245f9da021d65789a3332f0e046ca30d518e9c8,0.002533990624215221,0.00457582899737948,0.04574333749769721
303,ca39060bd4f98657139f782ff9c02a1f095ed3dc,0.002556475872552255,0.004599910826073028,0.046390065996092744
304,7b2b9f53503eba60da8eb6e3646cf3b9ab342b61,0.002603100747364806,0.004713967495869534,0.046827951999148354
305,d8e0863c76c23964974c454e043d6f9e0c9d29be,0.0026458923748577945,0.004758617501162613,0.04745147249195725
306,fcba5a6c901717110b9767b418df410d7c8c6e73,0.0026077036272909027,0.004669724328171772,0.046601423498941585
307,bb100bcc3b4975819c9140003463f39b7d8e255e,0.002673824124940438,0.0048103921678072465,0.04790594399673864
308,ab5dc576c1ab55e2a2ebd7efd5e125fac3e84879,0.002532145124860108,0.004579171999163615,0.04599631800374482
309,2dcbc560320cb70c2664ed442b9083f80b23840b,0.0025975288735935465,0.004704168168245815,0.046994497504783794
310,bffc8b422d7741ae47d0c5604bda475d3c92aad6,0.0026596448733471334,0.004726042165809,0.0470437045005383
311,723a92e463112b1163e5adb071644506a24027f4,0.002615858753415523,0.004733110501547344,0.0471585985069396
312,a8a3fdeec2c19a1ec776c3a33062502962e09cce,0.002577151492005214,0.0046862516610417515,0.04658055800246075
313,9563a3a63fd3dfb3b687fbabad134b5ded72bd46,0.0026297708755009808,0.00473698716571865,0.04707815349684097
314,3cd6c57ffc80fa88a3c4c268f53d8d08d37e3fe5,0.0026385970049886964,0.00472452833976907,0.04713536650524475
315,ab22e0076608f4825bf9a3ca1b6a0a6a7a670d14,0.0026044644982903264,0.004696859667698542,0.04649273949326016
316,c5b2676a5cc32b316a76d4ad636b6b3109f09c2e,0.002665587373485323,0.004851037005816276,0.04809914098586887
317,b10ee24730097204b72c12bcbb74555083e9b54b,0.002600247498776298,0.0046629118248044206,0.04638043048908003
318,08f9eeb4a39761131af059b944225874835e94b0,0.002577714250946883,0.004642839504716298,0.04664616702939384
319,9c43c1f8d06b69715f03646cc26546f3bf4bc71f,0.0025859198649413884,0.004657437491308277,0.04667013400467113
320,43683b3256a86659f230dcadbcde1f8020398bfa,0.002581310756795574,0.004654873492351423,0.04666981750051491
321,8829b807a841911ce18e79b308fee9fb92fb91b6,0.0026114663705811836,0.004665486504867053,0.047005784494103864
322,5c3762157a0cd7a6a036a2144a5fbfc5278a919d,0.0025401683669770136,0.0045608994939054055,0.04583893599919975
323,8fa7f5949fb2452715a03d26bf83f85d418dd55b,0.0026117001252714545,0.004703260511936,0.04739174654241651
324,3052bbcf1ec4de331154f920dd9bba0bbc200b95,0.002552437625126913,0.004554702318273485,0.04586445650784299
325,5b5c15e3096f0f040a70040dc006fa23fec371d0,0.0026303248741896823,0.004735011141747236,0.047663876495789737
326,0fe3a700a559d6bdf05d7aed95528290d3aaa698,0.0025967691326513886,0.004634520349403222,0.0464745425269939
327,9bc70e740253b4314ccce42bcd29c8f24875d704,0.0026892379974015057,0.004794200145018598,0.04819253197638318
328,d3cbba2ee0ad9909a3fa2f33b23aeb94785fd37d,0.0026018547505373135,0.0047055806693000095,0.04715717496583238
329,9b7a4c97491c53e9f0602699facadad26605752f,0.0026509474992053583,0.004793092026375234,0.047923756996169686
330,3eefc256a7d87fdab7aac059b61f7deb2834d517,0.002641003258759156,0.004735811846330762,0.04778523393906653
331,c96717f9fa0e9efe506ad4eeebf36f5a8b27bd80,0.0026585418672766536,0.004713062817851702,0.0475277800578624
332,1a12887866d06bd8b24d07f7109cb08e7e82e12d,0.002528422002797015,0.0045787578371043,0.04617798898834735
333,9dca4085c724b3e62d54dee33e42ebdba3bb975c,0.0026470211159903556,0.004757012492821863,0.04765892354771495
334,4c83c0444c68b89b051f7ef8d8eb1a2276439d78,0.002559995264164172,0.0046109756610045825,0.046475033508613706
335,d62b0ee88b20e5946fe49f0ba533b3e547e4d4f1,0.0025318895059172064,0.004581830173265189,0.04612991795875132
336,8b15e57718042c75af22a25a7d604fa0f938f16e,0.00257414324732963,0.004649939170728127,0.04618899244815111
337,f8c608cc7a8abcfaea1cd655ddaab47065c5b1e5,0.002572434503235854,0.004656240829111388,0.04690943646710366
338,7f7d14a2b6e1078af25233bbdbc5d8533529fad8,0.0025846650096355006,0.00464975816430524,0.04651886643841863
339,b219f69db011a89e6c514ee487dc437f607c4d94,0.0026478551153559238,0.004761379833022753,0.04758191795554012
340,93d3e7c247b66ec54d1095df30e99a95b4af9c72,0.0026149937766604125,0.00470258470159024,0.04747257451526821
341,49d62f84df0a82b10b3623024ca66b1f09958072,0.0026444533723406494,0.004733357190464934,0.047603044542483985
342,43f80863ba2994a186293d86d516204ef38b0043,0.0026239541184622794,0.004731786320917308,0.04730981541797519
343,2351cf4976b940eda199f9a17a12bd170d9b326e,0.0025299814878962934,0.004588500518972674,0.04599259595852345
344,ae7f9a2cb71cccc9d49cd343e238464107397814,0.002527975506382063,0.0046111578509832425,0.045766388066112995
345,4403503b501a46e4eeb9f23e010e913ac5bd7a95,0.0025337919942103326,0.004590708180330694,0.04562983545474708
346,5f071c67660dd3eedd6eddb39681cd2943166e68,0.0026145882438868284,0.0047179245157167315,0.04665534745436162
347,cfee2df31bdc127c345894aee594cbcbb8cddd0e,0.0026485862326808274,0.004772243866076073,0.047457307926379144
348,e77b53a880edf16808488084c67ef090c69b3258,0.0025735033850651234,0.004653843313766023,0.046357262413948774
349,a20eca25e9b492efedafea4b7c5d84692d869f7e,0.0025931857526302338,0.004657023857968549,0.046484446502290666
350,cb5507025e470ddf485bdaa115ffff07ffd0076b,0.002622831874759868,0.004718927317298949,0.047374018118716776
351,0ffaaf8cff4855f4127ae6025ec271bfe9c8666f,0.0025627855211496353,0.004619790667978426,0.046277520479634404
352,509b5ae4a7bb3c99324fd302ead1bbf4b130c741,0.0026519616367295384,0.004776504860880474,0.04733428847976029
353,3dca0c71d1446f4730c2b72d67719467a5ce528e,0.0025491997075732797,0.004598708008415997,0.04646367800887674
354,4e61c8958beaac5a276cabe30f98721ec50734b8,0.0025873668782878667,0.0046812063083052635,0.04671830404549837
355,08edcad74d32d89f6b60cab43d61e58773e2e761,0.0025498756440356374,0.0045977161498740315,0.04582702601328492
356,4a4ca3946510a5f6d888d48d185d3b5d3532d03c,0.0025761093420442194,0.004648059334916374,0.04708113300148398
357,0dfbc057a58f4992843b78847115225019e9d573,0.0025286707386840135,0.004532171025251349,0.04573618608992547
358,c2313555d7d202e732872e9a55d717d368004aa1,0.002613416261738166,0.004723153620337447,0.04699172894470394
359,a64510672cfe7a6cc67a04b8f3bf1d47a938c353,0.0026040061202365905,0.004714674355151752,0.04698657745029777
360,5d24993c2def9e3a368e29ee64a0d29f110d1657,0.0026128144818358123,0.004684871799933413,0.047370247077196836
361,360ba0572483457837992d711a0a00580741fc88,0.0025428581284359097,0.004594036339161297,0.04595491394866258
362,5da4a8e1835a11d5a03b715e9c0afe3bb96c883b,0.002517376618925482,0.0045599776397769656,0.045622609090059996
363,2884e617b2d93010707525071c4308c3356fb8cc,0.0025505326921120286,0.004623865165437261,0.04618198797106743
364,8fee756d8c9d2f5fe211fd9feb999c0da8a89821,0.0025426849024370313,0.00458741964151462,0.04608105239458382
365,b88b2c0c19851810d4ee07f03a7734b6e19dbdaa,0.0025428083608858287,0.004598158178851008,0.04606308345682919
366,ab24dc6130d834fda0744c193f002b3a5f671a90,0.0025957319885492325,0.004664107846717039,0.047188815427944064
367,e0ffe3572b37190d9da5b1d07057e4e038bd3197,0.0025464397622272372,0.0046027466499557095,0.04616868495941162
368,950c6340164ef502c032d11f50130e4bd270c875,0.002576318511273712,0.004643660271540284,0.0459564218763262
369,097888c917d75fa85788ce7b4edaa98b2bdc6ad1,0.0025476881419308484,0.004608806067456802,0.04610328678973019
370,1713503b4117550152ca47feee651e67275f3557,0.0025188233703374863,0.0045470641149828826,0.04618207272142172
371,269f2f2d30a2c6ef3c435386aa392b5b1715c662,0.002579038846306503,0.004639285150915384,0.04653815529309213
372,a0f9f503f2dbc9492e7cc20b52623993ced6214a,0.002622563042677939,0.004741124964008728,0.04688455490395427
373,f09166e85cea7c1639fbb1054171699394ecb62d,0.002557668660301715,0.004612725848952929,0.04675300000235438
374,94b347e867759325d8586ad3d1c3e01c590d83c1,0.002555871265940368,0.004624052749325832,0.04678127635270357
375,c0628451db9c87ff0b11f07e68e3d30a954f1ada,0.0025733340298756957,0.004649770601342121,0.0472199278883636
376,98dddf908dcdae90930e09c40bc92135bd4407eb,0.002556673251092434,0.004630821291357279,0.046432458562776446
377,918ed48eeffaf26b6ebc0d9a1296d756a349bc7d,0.0025439540622755885,0.00455793358075122,0.04614553786814213
378,520b7d12256fcfcb6a2b3791f8d1bd3794302af6,0.002564945782069117,0.00463232840411365,0.04701141454279423
379,7571d4ad2ca1be26a76c153431c937dbe24490bc,0.0027206403901800513,0.004824629984796047,0.049402000615373254
380,e38a64fd8d78d838f950db685a16337aa78f9940,0.0025325947208330035,0.004581073221440117,0.045902685495093465
381,44f8f9d6a73920eeb04ca577267b68b90cef6e3f,0.002558258129283786,0.00465555915919443,0.04704564576968551
382,ba77419b101535e8ec14192c35b924b32b6a31bc,0.0025969186099246144,0.004691124660894275,0.04672785592265427
383,24a470494ebf452931ae9b7bf94689dfcca1fff0,0.002554834121838212,0.004627948316435019,0.046925876988098025
384,30cc38701d010d1cc053ddb9856b2d522c33c0f3,0.0026327079976908863,0.004771419645597537,0.047571026952937245
385,d4ba8edb36eb8f272274d835294533eb00b0e57a,0.002610485244076699,0.004724519016842047,0.04726172215305269
386,af4b110273346e5969fba04365bc477747529fe2,0.00258153845788911,0.004690290040646991,0.046720686135813594
387,b66d03dfc4958d159c5dc3ddc9075f8bcc47f9c5,0.0026003168895840645,0.004746219764153162,0.04729072097688913
388,4635c9966f9f9a1bbb775fafc4096fddee8160dd,0.0025787606136873364,0.0046770027838647366,0.047318366123363376
389,220ae326b8cc407f3e4fa3c5d243c71a84749605,0.0026022696401923895,0.004712487726161877,0.04716146853752434
390,8d161acfdcaaa5f09efa7c2f675e74631da6b293,0.0026424643583595753,0.004713614238426089,0.0473581594415009
391,f4aadabcc0e1968f3b309642af52ef11ae77ca01,0.0026142714195884764,0.004724117927253246,0.04723535478115082
392,c2b9d20cd6a8d28785972bd883f11d1a7fc3a8fa,0.0025583489914424717,0.004646042361855507,0.04695668653585017
393,8988d371ba3652daf991169750e48b01aa16240c,0.002595953759737313,0.004683668337141474,0.04722567251883447
394,f1f8455865786829edb1191dcaa8b9a46c036106,0.002614096156321466,0.004728161807482442,0.04695563786663115
395,68b06ce36f7d9201481b73c150e2ccb3b5aa9540,0.0026672460953705013,0.0048312165308743715,0.04819040698930621
396,d0a457f2d16b64373e689c78d53f835844d5b432,0.002732403459958732,0.004898636524255077,0.04911552299745381
397,1e4c12dcacca05adc999c8f74608c002f1c2896e,0.002650492067914456,0.00475027117257317,0.047532146563753486
398,76930e7d0c22e227c9ff9249a90a6254c5a6b547,0.002594290825072676,0.004681427186975876,0.04621366807259619
399,c924809ce02135db2349187ca94e5a985840bb96,0.0026308788219466805,0.004739258981620273,0.04748380044475198
400,ada944199d09c0e64dbd9282e31ec7e766d847f4,0.002619598002638668,0.004720562991375725,0.04710490512661636
401,d3cffdc67589a8189e5aa490a21bae4228fb3d96,0.0026357838651165366,0.004773504799231887,0.04755177418701351
402,c1e3b726c0ea767e38b5cec3966c5b434e62f215,0.00261646049330011,0.00474521090897421,0.047861512284725904
403,33dc7bea24f1ab6c47047b49521e732caeb485d5,0.002566151146311313,0.004644600674510002,0.046638119500130415
404,c310f75c59fb5cfa2fcb58922db5cc78a304d447,0.0027029543998651206,0.004780776333063841,0.04782682890072465
405,03692a740083a7ab54cd09a7c564cd1bbbe5c067,0.0026037064963020384,0.004691226485495766,0.04707307508215308
406,e1f168276986395fbd6fe3e6305ae82d88b81a12,0.002588359348010272,0.0047126173352201785,0.04771147877909243
407,e481e39350847af034bbab8e1237ef0085714886,0.0026351590640842915,0.004771429346874356,0.04765329882502556
408,4ec84c5ee225e43ca27930944f74ccc04df39115,0.0026030265144072473,0.004657649667933583,0.04749671695753932
409,8b6717eda19732e93d5d0802f68005b585e7c6b3,0.002577054488938302,0.004639770137146115,0.0466468813829124
410,266a6cfdf47b7065ac2c0ebc660488cdb596cdcb,0.002537805412430316,0.004570235808690389,0.04653180157765746
411,4950fd10e678faea859fc8d8bd5d7ea9df2007b1,0.00260604900540784,0.004702323504413167,0.0470600959379226
412,92bf2f6d81252f97a7acc69fcc016636b29d1277,0.0026398656773380935,0.004750555769229929,0.04763844609260559
413,e538e11d2b0acd93f5ce74fb3c6a0e25a4aa3ef8,0.002574249228928238,0.0046492579858750105,0.04671709262765944
414,b1862a3006a354be01b860a1a23f100e6401dd1e,0.00259909825399518,0.0046169667815168704,0.04672714835032821
415,0b311f4f6c5208946f72d022a97c818c58178b52,0.002692893205676228,0.004694904278342923,0.04749685060232878
416,45840adcf20eabc665d2fc17f28bf93e75bdf20a,0.002552598132751882,0.004648842538396518,0.046751150861382484
417,1de46fe2feee9d3c500a83331ac9b75af5aef947,0.002628641203045845,0.00473376945592463,0.04739147354848683
418,643bc75dc8537de3722de745752a1eaa065cf4bd,0.002564465336035937,0.004641631850972772,0.04649803903885186
419,90bcdead2c29f535f4140782610dde10ddd38592,0.0025933808647096157,0.004703826038166881,0.046799647621810436
420,7a505741392ee24cb85ee096eec3b3e4a624ac15,0.0026629144558683038,0.004778087992841999,0.046964021399617195
421,953757c691b0ffa5c4e0e0f58fd40de6ae983d52,0.0026239604922011495,0.0047362123150378466,0.047616700641810894
422,a3c09377e80a37deedc486ec30a7e852b7a8e564,0.0025928791146725416,0.004703722118089596,0.04683190118521452
423,905075211bb0bae80cb7f837419180f25a253dd5,0.002615007688291371,0.0047133277015139665,0.04658535891212523
424,b01a4732cedf8ffe6def3a877e22dacacc796bd5,0.0025718743563629687,0.004642679821699858,0.046904558315873146
425,4d290795d4e8c60053eb789acf173159dc4c1575,0.0026580363628454506,0.004800294991582632,0.04742830479517579
426,bffb00600e686d7d321d5b7529390201382c41b7,0.0025892372359521687,0.004650248136992256,0.04669543355703354
427,fb5aa9dbadfb216ee75e76ca3c7e3bae204eaa20,0.002574492886196822,0.0046584228208909435,0.046878408174961805
428,695eb87f10af2d012937492d4943b59b57cdbfaf,0.002589220879599452,0.004660093147928516,0.046784214209765196
429,b6f8b211d79327948d2c6972a62e0700975d613b,0.0026339159812778234,0.004724706678340833,0.04729590960778296
430,26f8b11b6e5529789d8e8f6c677ac02432d84f59,0.0026603795122355223,0.004799194944401583,0.04821228072978556
431,91d9bbebc159ada6cccd0e1fcec1926e26b19c6f,0.00264667539158836,0.004789454396814108,0.048316391883417964
432,9e26d1d2be7a961a16f8fa9ff7820c33b25415e2,0.0025929067051038146,0.0046808955570062,0.047218638472259045
433,78a58c3d5b9b5fb5d7def57bc5b026e539744910,0.0026689963415265083,0.00484624287734429,0.04823077842593193
434,ba596df4cc23445a117c3785239a75a3cab6b2f2,0.0025527402758598328,0.004610230990995964,0.04633080679923296
435,cfb6a4d88d88307d507a86d1d70cd7d84c611406,0.0025995944160968065,0.0046847821213305,0.047136304434388876
436,f1e479659566ab798bec511c97d32b0ab8b645c9,0.0025955592282116413,0.004727403788516918,0.04756550630554557
437,779613108f2d7a138bf20c8e6c82d9f98e2cde74,0.002608833834528923,0.004786313666651646,0.04697691462934017
438,fd1b878b62469cc9cdcb80e66bdec9d2949d8133,0.0026269491063430905,0.004686007897059123,0.04726099083200097
439,7a42940e610b77cee2f98eb88aed5e66ef6d8c2a,0.002686844323761761,0.004788724705576897,0.04767549177631736
440,8e956b4f613d1a7332f0a07f53afe0855ca59f83,0.0026659612776711583,0.004811845875034729,0.04835172323510051
441,eff302e5e8678fa17fb3d8156d49eb585b0876d9,0.002584009082056582,0.004704192280769348,0.04698498407378793
442,e3722cea8adb7b66084a7edbc6afb978c5521c16,0.002570089534856379,0.0046171772604187335,0.046834301203489304
443,1d2eb4b33d115b88681a3225172a5bf8629c6211,0.002598535269498825,0.004663713586827119,0.04702810337767005
444,30114c3b34feef351143fd4676839eaab93af931,0.0025709228357300162,0.004656380663315455,0.046265043783932924
445,e4feb7027e397925d220a10dd58b581b87ca1fec,0.0026387071702629328,0.004724798568834861,0.04741077218204737
446,de3fcf1473c7a13da1f8f643f6bf33c0c306f73d,0.002590538584627211,0.0046913499633471165,0.047412298154085875
447,995ea11dc9fcf746f52c0e942cd1cf1b3a5c1a03,0.0025863946648314595,0.004683476872742176,0.04628130607306957
448,23d0c17dec171c2d7c21bb40be773aa809ea2685,0.0026144665898755193,0.004737105530997117,0.04740958055481315
449,1342aaa49d9544029f1ff1e56b404adfa1bef468,0.0025650274474173784,0.004661829831699531,0.04688400588929653
450,74e135b261e4613963cc50ddb97ac2edbd5936ba,0.0025958981132134795,0.0047030312319596606,0.04713069135323167
451,812b696bc47cf1fc71719758aba43e4be4f6a512,0.0026056517381221056,0.004693338957925637,0.046958230435848236
452,c9f9081fd7156e351f7a30d8e3b75968cc5503c4,0.002577870851382613,0.004615960021813711,0.04637019569054246
453,ebe111e30186fe24473b854db789172c11c67d4c,0.0025442271726205945,0.0045766159892082214,0.04616758553311229
454,3fc052fc6e64c6306974d4606551cc9b4711039f,0.0025467419764027,0.004578766568253437,0.04609014466404915
455,8e038f4a930c0c899e599ee58a56391e026a608f,0.002657341305166483,0.004770775636037191,0.04780634865164757
456,b6391657bcbaebf9b917ae2f4472ba9c8e872cba,0.0026371891144663095,0.004796651812891166,0.0476453946903348
457,c4693fe6f291ff142f6729ba1d3d6baa1b968b38,0.0026095552602782845,0.004729050366828838,0.047678520902991295
458,d7a75e8e8fefc433cf6e5305807d5f3180954273,0.002552321180701256,0.004593455232679844,0.04611149709671736
459,d714c8244011a01dfb6f6f453da132a9b10fd935,0.002683438709937036,0.004856588551774621,0.0491534941829741
460,5b63f260933672b7182daf4fb15ffcd15bae68bf,0.002617046586237848,0.00469753813619415,0.04676383873447776
461,bac54ecb0b815eea2e8116d21aa96e1387793468,0.0025921385968104005,0.0046567656099796295,0.04700991930440068
462,80354c5fd729ef3bbcbfc41a661fd0cfb0f4a107,0.002592268050648272,0.004673610286166271,0.04683135123923421
463,b2f29f2751a8c9fcd83bb106d5e020d1901377d6,0.0026665094774216413,0.004754131194204092,0.0475799678824842
464,dc3fe03617103814d56941b74f4ebbf9b33cf3b2,0.0026732723927125335,0.004826345480978489,0.04804055346176028
465,3095b43db1831d876915bb581078e8d11c9febfb,0.002579235704615712,0.004633520108958086,0.046484196092933416
466,811f9eea3b105919846760a6eca4edd22cc11c1d,0.0025842766044661403,0.004655025899410248,0.046510772313922644
467,f7bc512184a1de3992b0d154e6244a7a0d9a574f,0.002539249137043953,0.004587353983273109,0.04580281488597393
468,e0af5e076a1bb8f378b73ed622240170d06a16fd,0.0026083773700520396,0.004676666886856159,0.047187804244458675
469,b34df2990805634bed20d41b8e314cd0a796bffe,0.002617028192616999,0.004684597874681155,0.04717219341546297
470,11cba18268c04d43a56cca3635e49fce1e3a759e,0.002577438368462026,0.004681730332473913,0.046826739795506
471,ab12dc87f4717fc0fdeca314cd32cd5924928595,0.0026405295357108116,0.0047922683879733086,0.048833572305738926
472,e3f288ed51e292af99368eae2d5725772666d923,0.002651458838954568,0.004765380639582872,0.04761563986539841
473,557ed6af978a2816b1c7c0e785c5cae6b7c92504,0.002674978575669229,0.00480142810071508,0.04803997790440917
474,e393b066cbf09d982c44063e051341dd061a1b82,0.0026443813694640994,0.004725359225024779,0.04809151170775294
475,3b39031332a5581ed7b95ea41f66c5f8149cfbbe,0.002571724005974829,0.004607962289204201,0.04627901967614889
476,08d7e1163a70224b448469e072981b7347ed179d,0.0026129117468371987,0.004744099608312051,0.04700258420780301
477,85df388d344f4ebd70921dca0bc723770e05a37b,0.002614147262647748,0.004707686913510164,0.04697756329551339
478,073b9b9435b1bcabc0d7641fd7c9d9f5333a578e,0.0025434738490730524,0.004613601913054784,0.04628797294571996
479,cd50d88237a95eed03536b18eb1faf60885233ee,0.0025398225989192724,0.004601156804710627,0.046474214643239975
480,2e5502ecaab235d9a1b5e4ae341a86714f981355,0.0026278758887201548,0.0046903095208108425,0.048247773200273514
481,098a3b417dbb3c620e423e29f194585b68882d5e,0.0025791743537411094,0.0046656195384760695,0.046664788387715816
482,1c9bd177c44fa9c4914b3e8d6be7aee62a0f601f,0.0025087721878662705,0.00451790230969588,0.0453639323823154
483,ce82028409c1147a6df62d8f7437e0a9262ee2b7,0.002575950464233756,0.004635831341147423,0.0461623496375978
484,caa27a907ed9dc65ace7c1a14954ae6b75b086d8,0.0025920504704117775,0.004646342868606249,0.04635506775230169
485,f5f845b7bd0b737740e419826698ab4a9e61564d,0.0025785162579268217,0.004613081148515144,0.046473730355501175
486,9c28deb7d838b6e0c171d54bb6a2a8e5498c9a5c,0.0025393135147169232,0.004534512292593718,0.045508823823183775
487,7d0430be0712f0a02102c8637da7741eb3b948bb,0.0025755554670467973,0.004684746886293093,0.04661297099664807
488,a31071b0b4c8a6f5cb5999b6e04f5ba6057fd546,0.0025100840255618097,0.004507529704521099,0.04484208859503269
489,7f6895cd7eaf814d99ca7438857b17d95a21a2a0,0.002578408340923488,0.0046351137571036816,0.04650367796421051
490,43c73d4871e78a857470b799e9f481b78e9b1d1d,0.0026115512009710073,0.004705855622887611,0.04663574695587158
491,504fd7b2eedb90dd3aa0b326ac8c3120118b5f2d,0.002617707708850503,0.004740800553311904,0.048979286570101976
492,eb66994093be5b57324580cf389b0ec1b41e9e1f,0.002592151053249836,0.004602330581595501,0.046457220800220966
493,8bb6d8245e813d6ee026ac90310d19f3d10edf5d,0.0025475743459537625,0.004576952662318945,0.04618872283026576
494,a481a044c8cbd679ca736341056314ffd71d54a4,0.0025880809407681227,0.00467527424916625,0.046517175156623125
495,717df4e93234a1a290aa1b472b5c1c4e600009cd,0.0025254074716940522,0.004530419905980429,0.04581131739541888
496,610433b03ef720c8bec7dbf7573a6abe4f913031,0.0025899087777361274,0.004677930536369482,0.04708654433488846
497,1b8b46b3f2f68f5be8e52e798eb91c2ac5952745,0.002603770117275417,0.004706071379284064,0.04700552858412266
498,31647f1b3e56c2f2a471cd2c3a583311534173f8,0.002546407631598413,0.004585313765952984,0.04564751870930195
499,d4f7d9e215773e979eb43a1e5a3cbb51f96bd09d,0.0025832403916865587,0.004631853972872099,0.046751946210861206
500,555b3d8e10745bed72e25e70465ac447009fa8d2,0.0025759106501936913,0.004644276574254036,0.046206924598664045
501,72a8368962fd1365d480a88a1c84a1aae243dd6a,0.00261690781917423,0.004692987073212862,0.047673299908638
502,0f63c5ef0e9789fd18a676a750c43d3d69211324,0.002594099030829966,0.004671086246768633,0.046324568800628185
503,c4ae3ce646c4dd9a12669b379a40287e3c5955bd,0.002531822887249291,0.0045535882624487085,0.045227824710309505
504,444f696f69c98208aab00ecbcec7dfd1689da9fb,0.002662913058884442,0.00477190176025033,0.04824223229661584
505,da887a666ad975ece7fb7465005aa99c0ddef8d2,0.0026349782710894942,0.004760622202108304,0.047710451763123274
506,10eeabee267e17c042bd1ff991823b16c85ed563,0.0027793574845418334,0.004961383373787006,0.049176912754774094
507,5363cfa7d07641e84fbb5f21a217018c9b55b2fa,0.002525385352782905,0.004560991811255613,0.04636539425700903
508,73fe877ff967f279d470b81ad447b9f3056c1335,0.002606369205750525,0.004675198501596848,0.04678826220333576
509,3dbf5ce5fdbc996e8abb6929a219689cf8c18e69,0.0025796459522098303,0.00472875622411569,0.04679288808256388
510,2facd1966c379d20a9b15a62a054ee77f74613bb,0.002516714856028557,0.004561012455572685,0.04573115333914757
511,fde2e536a1c1a1ba90727958f0b6da34fa53db1f,0.0026200255379080772,0.004803236884375414,0.04698619432747364
512,49e026df832a691638786774708c8ccece6e41c1,0.0024785904213786127,0.0044663832522928715,0.045035202987492085
513,e4c78e3c0c06576be6cb12354730018b765c627a,0.0025822812458500266,0.004612923289338747,0.046935065649449825
514,09d5b2f8ad8a04eed93b6bc4789c4595bd33c2f2,0.0025254905922338367,0.00453319897254308,0.045627832878381014
515,a190258d4e90f2a17a9469e5dd9fb5f4b045aa90,0.0025063293986022474,0.004523770728458961,0.04529529670253396
516,d0f19a2d633b12119909b7c9205a8c8932ebbd51,0.002574052312411368,0.004592858720570803,0.04658839059993625
517,e745a19cb0ea9af0fd252a4625ec793130f87414,0.002518121269531548,0.004551807728906473,0.04562669200822711
518,662f973ba58563b268d009e67806aa1150ca1cb2,0.0025477735325694084,0.004616723861545324,0.046358057763427496
519,9054ae60ee6989743f3cebfd7faf4f38c0e24756,0.0025903460336849093,0.00465392724921306,0.047015422489494085
520,5c7002926ec8ad12785b36024f9da80b7017ad1c,0.0025689478497952223,0.004638557943205038,0.046638230327516794
521,bf4ac1f81defc727165da4ae5bfea198c75e82f7,0.002624649554491043,0.004712790871659914,0.046996661461889744
522,59a2c17a7851b4cd88d2631654d5fe5d50f0ba11,0.0025617877254262567,0.004602139350026846,0.04686796851456165
523,2908338b19c26c043eab61c2af7bdff96b02b1bc,0.002506283577531576,0.004529623625179132,0.04611467616632581
524,af8e67c4fd368bae710b01f32611b10dfab02b61,0.0026826367247849703,0.0048630377277731895,0.04809341300278902
525,da54e54cb7dac1c745bc2378769d192eb0dded5b,0.0026263573672622442,0.004679185803979635,0.04741464136168361
526,9c63473c30b773dcab7adf699e1bd5dfcbb46e9b,0.002508336957544088,0.0045007807202637196,0.04489126801490784
527,cafda248a5856a6424324929c1708ea8048d89d6,0.002554697566665709,0.0046039839896063,0.046216764487326145
528,a56fe3b1b3fd358329736dee1edb0ad24eadfce6,0.002585072419606149,0.004638473968952894,0.04652528464794159
529,09416c2934a5f592970e1d97c0298924eed009f6,0.002528886660002172,0.004542364117999872,0.0454724975861609
530,efaf210f7128f32e6d3d193f79ccc6b43ff8c006,0.002584816887974739,0.004659650226434072,0.046245969366282225
531,54232c06e1bc9c2ffdea8a3c2f74dd1f6b064878,0.0025497680762782693,0.004601123897979656,0.0467161126434803
532,f10da39336097fca740dd1c407939eb9c6c4ca3e,0.0025262951385229826,0.004552892254044612,0.04553612181916833
533,72be9ca10b5391fc036c4cd61830e168712b51ea,0.002524872310459614,0.0045837137537697945,0.045962190721184015
534,b91f3c00ee113596acd3e508a593187258291f61,0.002657475648447871,0.004716779105365276,0.047501951921731234
535,33273e4ae770cac1ee0cb304ad5a0056bb59ad56,0.0025074069388210775,0.004531598184257746,0.045502508990466595
536,bec2b07db5c999721d2d2c10334f3afe78aaadd9,0.002559848129749298,0.004594914615154266,0.045764511451125145
537,bb54de4905b2ff127fc8b907a5c284e0cf9f8d65,0.0025264056166633964,0.0045545197402437525,0.04547711042687297
538,2fc0786c175d9dba4526caa425224792d556d116,0.0025216523790732026,0.004549994443853696,0.04570088628679514
539,38ca158ad2c8d07bec2d844686eb993e1ba03f38,0.0025726236635819077,0.00461516979460915,0.0463830204680562
540,d3653bc6be7a655c2322b2d95f6209626e438171,0.0025914100697264075,0.004680822292963664,0.04692367836833
541,3f04a32ffab73d218ac48f061b7b0d3112b3451c,0.00257627060636878,0.004632966127246618,0.04650109400972724
542,e5875457faf3202c3530f33387341529a2715a7d,0.0025524235097691417,0.00460733100771904,0.046065183356404305
543,04b58d3ffbd2c8d30c36ae6ed6366f1069136c43,0.0025798020651564,0.004669577193756899,0.046873873565346
544,223ccea5ca2323ea011138a0aeecfe1bf2ce63b4,0.002556219813413918,0.004578849921623865,0.04611498070880771
545,bfc7e4347f9b999712768ef7ca8bb3cd0e17dc63,0.002552272519096732,0.004586055098722378,0.04609865602105856
546,e2f946aca446d3690e154e191fd22d7002341e57,0.002518437057733536,0.004508509300649166,0.0457696383818984
547,6a9db2e5941bd0b7552103409141d7b5ee9f0d58,0.002626769128255546,0.004769029406209787,0.04699673503637314
548,d9dee6a6b95c3fea8747e591ef1f44f36445f70c,0.002575434627942741,0.004639737928907077,0.046531019266694784
549,8e1ca2754ca5bb4fc9613b2c2f8b7ee1db0019e9,0.002511565457098186,0.004553230634580055,0.04590535070747137
550,c90cb814567b4f798e884b773fe96e42d8aa63de,0.002511763945221901,0.0045426688157022,0.04535702057182789
551,af51d6615c37f43b6d842b72a4b02dc14e024f3e,0.002559237997047603,0.004671953308085601,0.04679408809170127
552,11141c45c21c85eea0ff1bd4054e314163b448d6,0.002550118835642934,0.00458914057041208,0.046661737840622663
553,8ef114b9c98ca5a04b67fb072ff4a0f5a06de894,0.00275440642144531,0.004947860259562731,0.04953662771731615
554,6d47dd75103b1cf90403877c091c1b6b1800c3ff,0.0025673394557088614,0.004636570500830809,0.04678353946655989
555,fd996225c5f712e7fc4e301c6e698a8a10854dd9,0.0025622142711654305,0.004601393826305866,0.046569418627768755
556,11a8f8d7dba0eb7b0bc31f74bec659e2e497abfd,0.0025581883965060115,0.004584235139191151,0.04643954895436764
557,2863c52c9d8e28cd33973e97be492e30c6e1e1eb,0.002528454177081585,0.004548940341919661,0.046009484212845564
558,872373b030eb6c181ab7f29c0928ccd8b0f74528,0.0025916745653375983,0.004674417121956746,0.04670235747471452
559,7a4e602a1f9e39ec3662e21a12c35c6df0cf9295,0.002591943135485053,0.004660888575017452,0.04718672763556242
560,b74ee9ff8f0c3be41dfbd1bd5a10f54e67c40f39,0.0025951204588636756,0.004676629013071457,0.04667646810412407
561,f42b5a01c8e82dee90d08fd470a16b2fe957fa14,0.0026136876549571753,0.00467936663577954,0.04655830608680844
562,b969f8c9a2178bec235d6c47db3e7cd68c5d39c1,0.0025227076839655638,0.004561373653511206,0.04586907755583525
563,9772bea95f3d079c2b59107ddd9731602b5edde0,0.002529253251850605,0.004537784804900488,0.04565362632274628
564,c922e983b4048a8710871c9394cc5ad6c4a8be2c,0.002546455943956971,0.004579244491954644,0.04590482637286186
565,5de64de6dbdf89b1bd8828c59393c4239364755a,0.002618510043248534,0.004701538321872553,0.047164822928607464
566,11c2c1e4fcd131154d7aaf8bf25bd779bf67ce35,0.002537211636081338,0.00458041795839866,0.04581572022289038
567,48808e1a6a775283b2d482d65f93390ddeb534af,0.0025751220528036356,0.004621402050058046,0.0464871171861887
568,4ed05c3143eacd88a88d73e8e31d64578b7a9bfd,0.002540011890232563,0.00460934949417909,0.04647993668913841
569,aca2d10c79c4d86d60eba1111272679471540f57,0.0026451617013663054,0.0047194076081117,0.04784623719751835
570,de8bb00dbf007b65095e858ff2490b8df39b9047,0.0026873410679399967,0.004793085157871246,0.04827467445284128
571,f55f5d45518c2f83271330041b982e55dcd6bbf9,0.0025454675778746605,0.004560677024225393,0.04589966032654047
572,d5b6b41bcff0bd85e34f1f4afb6130fdec72ec7b,0.002561794128268957,0.004520354482034842,0.04566418472677469
573,f103c9e9d5f4af6b7ed5ee93dfe76bcfc36da0d8,0.0026763759087771177,0.004661405769487223,0.046853712759912014
574,2d6c55528956e2f9233364657bc865eb57603514,0.0025686617009341717,0.00461010696987311,0.04637235589325428
575,ada2724f71a1ed479fa080f51623f2cc6ba07a46,0.0026124336291104555,0.004846955339113871,0.04664468392729759
576,ed222954f9595510257e207e6d289f15f100ace0,0.0026078559458255768,0.004690165631473064,0.04717493802309036
577,c03d892ece761aa17f7452d78a21c76afd5c6c8a,0.0024941498413681984,0.004483317956328392,0.044771515764296055
578,ac7676930a8ea25502c2856fa364c0cef0913ae3,0.002539912471547723,0.004605290479958057,0.04592833202332258
579,5cf29978851d7ca7f81fc5d8f5b5089d22b535c5,0.0025630935560911894,0.004634924853841463,0.04596315883100033
580,fd07632dda668ffcc38985576a6595d33edbf03a,0.0026440343353897333,0.004872995739181837,0.049138735979795456
581,b4491833d636344ef295f1609bcf4742c1d94d10,0.002567497780546546,0.0046338361377517385,0.04643325135111809
582,80ffa42124541d5a82f5af67375f14efcf548110,0.0025541752111166716,0.004659077463050683,0.04624801315367222
583,78cf92c19a7cfe9a07b970a2156d177a9ba627b0,0.002537688473239541,0.004601556807756424,0.04640838876366615
584,6c141d0663e2d0da30cf601c5726cbc44830d15f,0.0025893927086144686,0.004625156832238039,0.04656292498111725
585,3efd3af3305698e8e0b0efed2ad653eaf1c35b4e,0.00254509667865932,0.0045772961651285495,0.04685959033668041
586,fa2b3b83c106d28ef280f271086d47482f21315d,0.002531249076128006,0.004594977634648481,0.04607699438929558
587,9f12028b9453c17b72b26355fd503e512af96a5d,0.0025501304771751165,0.004608723645408949,0.0459331925958395
588,d3763198673ffc1092539041b8bd23134ae22bee,0.0026210551150143147,0.004705290620525679,0.04742747265845537
589,0a1bd4ead41b1fdfb53142097b5e08555f280545,0.0025736044626682997,0.004619573553403218,0.04596047010272741
590,2f466b31820b6af40c3bc1ca3957682b6f20365a,0.002544863848015666,0.00457211739073197,0.04616755899041891
591,2b7be2005f3d74141f9f8e83be603be0ddbe7046,0.00252633448690176,0.0045400115971763935,0.04584899265319109
592,6373ded2ed1403cc3ec40dc5d919b316a1b58e44,0.002592058153823018,0.004651466694970925,0.046613190323114395
593,43598128a0f452f2d016bcdb9f52d2ca8b148b0c,0.0025790014769881964,0.004610348492860794,0.046393669210374355
594,61723384df3678b12a19439d1218f50554e1498d,0.0025922039058059454,0.004665277898311615,0.046509924344718456
595,32b564ade7ef22439b5f2b9c11aa4c63f0ecd6fd,0.0025292029604315758,0.004546712773541609,0.045724366791546345
596,cba30dbc4012f0968e25d4da3b48f3d9d745aa00,0.0026290714740753174,0.004705497684578101,0.047491016797721386
597,40dec6d12d70de265e605046675f2e62f6676344,0.002531296806409955,0.004530227122207483,0.0461539700627327
598,b666225ca3e7a7e2d0121554424b0b39d9412c4f,0.002593729179352522,0.0046748171250025426,0.0466344328597188
599,8742209a1fbe9f35cdeead79f12e0029d3776992,0.0026173600926995277,0.004644034430384636,0.047190021723508835
600,3e2406a51845dbefd696d596fd2e0961b92ed09a,0.002595430240035057,0.004706502892076969,0.04726936109364033
601,95d73525a7e0a42c49cb2bb46e6b701168948e29,0.002548776799812913,0.004636484198272228,0.046074132435023785
602,ce78e8c55b7729e79f87e4e67b85e9d6f03f001a,0.002550750970840454,0.004586730773250261,0.04587977193295956
603,abe26c2e3e3bce8227af75fbaf7ab7e36a9cd1cb,0.0025635878555476665,0.004611472909649213,0.04615308437496424
604,8eff1f6a2fed8d9df52750271f4e07dc4ea5e1bf,0.0025892711710184813,0.004620090126991272,0.04636986367404461
605,d7d9d7ba33d6486dff1a8cc1c55ed542e0bfb47e,0.0025720817502588034,0.004609311930835247,0.04629087261855602
606,7b085eac10d08c49453541a896297f42f09ddfe7,0.002553185448050499,0.004603562566141287,0.04595733992755413
607,5c15cc3d76d171f07f9809a14a0dffd5ab37e599,0.0025816496927291155,0.0046652884533007945,0.047146580182015896
608,2bdecde364f133ce94b7f9271a6d34a8fb5cae86,0.00250258669257164,0.004519766507049402,0.04551602806895971
609,3f3e6045d594e28cd1953de9353b9f7cc103386f,0.00260357279330492,0.004691341581443945,0.04732334986329079
610,3823775ca779f5470b46c24d141fd483fee931d5,0.002522683935239911,0.004547092442711195,0.04532047174870968
611,f6a71feac4ac1623c8cd69dea5a560fe1e9af00d,0.0025761781726032495,0.004658445405463377,0.04672583192586899
612,0316d19de1f5ba05e8409fda83ffeddf59ffc76d,0.002629931317642331,0.004812263883650303,0.046751346439123154
613,1900913b4c226e4cb49ab466671ed56bccb3f700,0.002607493195682764,0.0047561315198739375,0.04753317963331938
614,00f6ddb9881a9587c915b3db00fa6e99bd025bf3,0.0025366446934640408,0.00456372182816267,0.04586747195571661
615,7b0653cdd0d0a5ddcda061ee2eaf247f6303bc1e,0.0025776810944080353,0.004682532201210657,0.04649780225008726
616,26e0003573463d0c5ca6c07289cd5151b4dba3b2,0.0025646076537668705,0.004621244346102079,0.046070887707173824
617,6d8956e46026b68a4c2a50f1aab0c4f36a46053d,0.0025957943871617317,0.004713599570095539,0.04716301243752241
618,871009f6415a2f588230e2e36bc9dbe751698ee1,0.0025475213769823313,0.004565585094193617,0.04614575020968914
619,01c9bfe4f48d23ec2d2db50ffc58d6e5e42cbe93,0.00251759123057127,0.0045444437613089885,0.04588504135608673
620,5ca0ef6272ef3eabe2feb4049b7cb05a52516495,0.002566303825005889,0.004615628160536289,0.04600904416292906
621,fc2fe480f42e78c23a1cb1c8088bc1148784e16c,0.0025641315151005983,0.004615452140569687,0.04626838490366936
622,e1ec9e868bf03ec4284b9a5fb291418983b3a4fb,0.0025184701662510633,0.004546770205100378,0.04556026682257652
623,a5dc2b5b917fc50575e10bbe139a0c78e43a1c1c,0.0026453069876879454,0.00464325025677681,0.047181008383631706
624,7dcd29aaafe1ab8be4be04d3c793e5bcaf17459f,0.0025688447058200836,0.004642668180167675,0.04611815791577101
625,7a18e4ac4f0b9f0933a190ac25cd75729bcdd146,0.0026104317512363195,0.004732517525553703,0.047234402038156986
626,17e3ef963a039b8312af119e300a9e68a37e568c,0.002570780925452709,0.004604652213553587,0.04648886155337095
627,67ddfd05d65cb1f106504bb92978cc94bcec8612,0.0025800014846026897,0.004622964809338251,0.0460523534566164
628,ba4eab8681a12863269e5159910cbaeb06517ef9,0.0025546839460730553,0.004618694695333639,0.046419293619692326
629,9fd5ca55cc8c76759927831f44a98e2c65ea73d1,0.0025459779426455498,0.004595074181755384,0.045681944116950035
630,46e984e9f93774570b9d15288f3c24f5e0cae63e,0.0025613964535295963,0.004556911687056223,0.04583430290222168
631,002611249a38b45e691219567f7ecee4d1250b4b,0.002567016752436757,0.004628203498820463,0.0467025525867939
632,e9070852051515395e0ae9bbe66f929111d59c41,0.0025757919065654278,0.004632917853693167,0.04638752620667219
633,06b995cae91b98778b78e5249129912b5372a959,0.0025959573686122894,0.004664133613308271,0.045570760034024715
634,6f65e1fc25f265ff36bdbfb3aa482f65fd84a684,0.002602678956463933,0.004677110041181246,0.047030036337673664
635,dc35f0155a80e8ae1e3f146da9a717888a55f1c0,0.0025322213768959045,0.004548136765758196,0.04539167042821646
636,0eb9f54e5e466c8d7a76ae116712b368d045c7e0,0.002565535483881831,0.004591026653846105,0.046075448393821716
637,740a8cf8c103e4e329021802af007295261b0da2,0.002578980987891555,0.004614764203627904,0.0460966220125556
638,02d6e9a4b4bae1eca7896fdba043575ef3aaf038,0.00254954700358212,0.004598646424710751,0.046004559844732285
639,572d5a1dadb398d0b7d27468230f186f72987b3b,0.0025131884962320324,0.00452370165536801,0.045575618743896484
640,b126821abbf14c88f85646b3fa074d3466bf2dbf,0.002601285930722952,0.004714062437415123,0.04639374278485775
641,60d46ea7bb53da9792ee03dc32341d51e4638960,0.0025274024810642004,0.004582655305663744,0.046085079200565815
642,a8f38c5f49f92be3897888d2b02cb734a2f32187,0.002598448656499386,0.00469097929696242,0.04673988278955221
643,30678f57d5f4c68e4a0590fda104b32895a216b8,0.0026100093964487314,0.004678741097450256,0.04668742325156927
644,68e4d56eb9b539cccd582de7e7fb09c373d37609,0.0026081467512995005,0.004688488319516182,0.04656507167965174
645,6562324781f287cf07a4dc694fddb297e32d7ca8,0.0025849402882158756,0.004665270447731018,0.04662270285189152
646,d23d968fef1464407bcb1b28147dcfff133bced4,0.0026228439528495073,0.004705956516166529,0.04709191620349884
647,02d508c90a214e0aeaf78b4ad41a578e267dce12,0.0026206409092992544,0.004685293572644392,0.046408141031861305
648,eb4317d0a4c94b3f1454dca58c76caed8bbdc7e6,0.002686915686354041,0.004849590361118317,0.047847249545156956
649,10e43ca5882a22de3ef9082ffce82c65c3261b8f,0.0025711350608617067,0.004655009446044763,0.04898728337138891
650,028bdf88e6c71a705d0c6bfd55d1117c7f44f6aa,0.0025909317191690207,0.004674248707791169,0.046634976752102375
651,9437402f1d60778cd723e6119044ef0510ef17c0,0.002504814649000764,0.004502886285384497,0.045224676840007305
652,579ee2a137b5b4f8dcf70a7a548d6c4194e31257,0.0026571988128125668,0.004747498470048109,0.047428449615836143
653,b51b540285d4cf2af69976c1e3b285f7c21b46f7,0.002530649770051241,0.004598281967143217,0.04590572323650122
654,98cb6bc8522b89ef308da40a26fa910fd1a17097,0.002617498626932502,0.004705120498935382,0.04635948035866022
655,2eb2e93ef43618f01258c43f4e7024cb5e3fc173,0.0026189833879470825,0.004695698929329713,0.046439467929303646
656,a3881774f72499728ef05d2234ef62cfa3774076,0.002642393810674548,0.004789338757594427,0.047435945831239223
657,c5f7feea27931f62ef31b071e7e10ce28d7baa16,0.0026182380970567465,0.004660179528097312,0.04669390618801117
658,a14c41264855e44ebd6187d7541b5b8d59bb32cb,0.0025949524715542793,0.004669152200222015,0.046192546375095844
659,d2b969d57ba162f0d19660e895ce94bc59638b72,0.0025315836537629366,0.004575835540890694,0.04587833024561405
660,7d3b555ca383a20dcf4618ce3e3d0392ad556b04,0.0026015916373580694,0.004648554449280104,0.04643409792333841
661,9a2a786ea3606d06e2372f88badc5802fd7e95b4,0.002499172929674387,0.004526907888551554,0.04505023267120123
662,f9dd21e64584f6e821805daa450b8bc9f8ef3526,0.0026417076587677,0.0047535765916109085,0.04806153941899538
663,cefab37bfba72ae062a58be3c7bdbd59c2c4d309,0.00270650302991271,0.00486173511793216,0.04770832695066929
664,1932e4bdc460975d8b35ae8351e037d26e5ee6f8,0.0025967073161154985,0.004654040249685446,0.04617644939571619
665,592b71c8cd10ef3cf9bccebb6c3ed0198f105484,0.0026213552337139845,0.004730875603854656,0.04754866100847721
666,e5f6012b9d59848d1b76e1b09982cbc67989572b,0.0025533658917993307,0.004627283662557602,0.046410742215812206
667,6c79e97d7bac51adb292ce6f7d4d77376f818d52,0.0025849868543446064,0.004648108035326004,0.04620986618101597
668,8c671cb7a2e99dbd4146a77c0e88f4d24efc911f,0.0026537117082625628,0.004806052272518476,0.047826798632740974
669,0721406ede8b983b8689d8b70556499fc2aea28a,0.0026131682097911835,0.004761003578702608,0.04786296933889389
670,6e2e9e678a44650d45f036d4a6c72609a3b8ab20,0.0027061235159635544,0.004822380530337492,0.047392237931489944
671,168978df69efecb07943fd8ce3a7c95aab7122cb,0.002581409877166152,0.004658966014782587,0.04667885880917311
672,cb557b79fa0ce467c881830f8e8e042c484ccfaa,0.002597359591163695,0.0047175354945162935,0.04758459189906716
673,badbf70324274bdb4299d8c64d3d83a26be2d4c0,0.0025968170957639813,0.004753472283482552,0.04738021595403552
674,4c780c2d4b35a54cf45ca7d931efcaca73d0bf24,0.0026683564065024257,0.004818152325848738,0.048587906174361706
675,3c91a3e1704c8aa7f1258aa30892040df9d952f4,0.0026511145988479257,0.004783472667137782,0.048019984271377325
676,fe3d717080e812383900507168a6bd7093c4e434,0.002755730412900448,0.004997972554216782,0.05049297073855996
677,0cb9f7f7aa8f4255fafb5431dcc595ce183bc376,0.0026880293153226376,0.004843268698702256,0.048751396127045155
678,75f852edf94a7293e7982ad516bee314d7187c2d,0.002626813482493162,0.004742330561081569,0.04787974338978529
679,5265343e268264101ec317594b1b97814d8d5875,0.002701976103708148,0.004902896471321583,0.04934779228642583
680,542e35e121988a9a942435da91d407d11a6ff96b,0.002661846810951829,0.004818749924500783,0.048389317002147436
681,8bcfd67720dadab6cc8562183b3d5b3458a8a91b,0.0026582744903862476,0.004820626849929491,0.048285822849720716
682,a914cb7cf691a1e676b55459aed58f793883a1a7,0.0026388531550765038,0.00480975645283858,0.048170513939112425
683,e0ceabc087303ce18d38183de9058df23f63df6e,0.002697968971915543,0.004899638704955578,0.0492890146560967
684,1e2aa70c87031d2b4e0a53c0a2153ac4a89d8fe9,0.0026810195995494723,0.004864591949929793,0.04877948248758912
685,0fe94ce8a6c4fbe94305e4a4be45fe06e774be29,0.0026832048315554857,0.004853824929644665,0.049256458412855864
686,7fe64b4a15daa340ed086b6bab85c1a274e5ea6f,0.0026614164235070348,0.004846271903564533,0.04857251513749361
687,53d74a1fc054a5f997007fd851476776599cb6f6,0.0026764642680063844,0.004842565550158421,0.04845502180978656
688,4d820990180a54ca7ce22ba698646deee17292f8,0.0026313941925764084,0.004781045330067475,0.04826577194035053
689,f079a56b18714bd622f7ca457d14ebe873b67c55,0.002637543249875307,0.004787967540323734,0.0481335693039
690,7d8fadac32f102f25642b47e82437f4243ca2658,0.0026280839229002595,0.004796750222643216,0.0480947564356029
691,80b387c66e4f10faafdb1a21c011c173f77b0942,0.002808154124977591,0.00506734825012245,0.05104214650054928
692,4647bfbb57768efda59160c3beb98cf02badd6c5,0.0026704603747020883,0.00486169666631516,0.048375076497904956
693,764662504a233ce218543aae3257dafdaa39e4f0,0.002776197624825727,0.005013785500523227,0.05114316849903844
694,31e153c4b80b03d0ef0670bd9aa9e52745c7e3fc,0.002725354250287637,0.004965340999964004,0.05046708499867236
695,f8a30474faaa135ea1b23ad0184f74a19d8b480e,0.0027123331251459604,0.0050244093332973225,0.049216727500606794
696,164682330d70ffe84e706a67955435b76e1cf19d,0.0027240333747613477,0.004915537499528,0.04968453750007029
697,07685e4386b4dbfbe52a1ecd95bc7fcc397b2411,0.0026131181257369462,0.004722490334340061,0.04740440299792681
698,07272c441ee1a12e260a55b252835ff1e1ca0c50,0.0026699264999479055,0.004823707000468858,0.04841780899732839
699,2f0ed6acea1308c89e6c814b1317d96362370703,0.002685530625967658,0.004855178335371116,0.04921048800315475
700,6ff787b93d46cca6d31c370cfd9543ed573a98fc,0.0026710633756010793,0.00478645866678562,0.04826303749723593
701,35a793c31faa1d7aeb1fd44cf79407132efcab08,0.0026622710010997253,0.0048014355027892934,0.04836778850585688
702,755d7c3ec0371c25ff25c3142034f3555ab4fd27,0.0026915723719866946,0.004834366341431935,0.04876493650954217
703,45c57078fd599194b49148fb66808f03490ee423,0.0026401471259305254,0.0047907831612974405,0.048201562982285395
704,6d9e294c47e790067e0b5724afecb4e38a542bd0,0.0026581685087876394,0.004805236327229068,0.048059189022751525
705,e69faef03428b82f5651a5fb521610ddea2bd22a,0.002677726748515852,0.0048331116655996684,0.049013475014362484
706,4fcea6deac29276605e58b0a011f7ef6d089f66b,0.0026113869971595705,0.004716672333112607,0.04752058401936665
707,d5da698181fe6e920b03cef8a6a20e39c7d40cdf,0.002675809257198125,0.004835085497082522,0.04847494850400835
708,3300c03992d963f9c571975c17ed93f17b090672,0.0026635408721631393,0.004860284136763463,0.0487222895026207
709,bdb5cc7b54d19f1f79eba1680a59f6852c6e3614,0.002642769875819795,0.0047878084975915645,0.04798854450928047
710,b63e25648f2d7d0c2d56851352740620848da3ae,0.0026716181164374575,0.004841545325083038,0.04842179600382224
711,3d83143c2c2f877ee921c4c7c6746d836c459839,0.002633585361763835,0.004775774335333457,0.04793769051320851
712,d785aa39f99720950cd7f9acfe1133494cb5ff58,0.0026527403824729845,0.004769448152122399,0.0481339244870469
713,6568c6b022e12ab6d71e7548314009ced6ccabe9,0.0026937468646792695,0.004852016669853279,0.04882851050933823
714,068074f4acab87b0fabf194517b7dfb0f038af5a,0.0026412673614686355,0.004959788348060101,0.04756869951961562
715,d78893c1116b3ada9eb1ebbddc17aee69693eb5c,0.002648350491654128,0.004799719511841734,0.04820976301562041
716,f128be6c671d320c84771e923ddaf6467645216f,0.0026775341102620587,0.004835681174881756,0.04885232599917799
717,edb880dd9b3c7241b96ccef34c43bd9f90e4a6e4,0.002624166023451835,0.00472392865534251,0.04747429600683972
718,882f00bd47ceacbbcf34cad5d491be43fee0c99e,0.002603886750875972,0.004689777347569665,0.047220080508850515
719,1d7939e1d26adbedaeec98c8153ea2e37297f520,0.0026691998791648075,0.004821965160469214,0.04910377354826778
720,1f95d7914ff23ffeb95767de79c55b4f702e6f2f,0.002636591758346185,0.0047597860102541745,0.04808645701268688
721,8dde6f8f4a6180e5a26332733367e3fcdc5aac66,0.0026449418655829504,0.0047698915004730225,0.04847460798919201
722,b32b72e3d98d784b98d9c38d4f9905574a60707d,0.0027121831371914595,0.004945544176734984,0.04994443152099848
723,df9c973f28fb9c0e713db29285b07b57c622652a,0.002601295491331257,0.004728663169468442,0.04756298800930381
724,8eaceff8aa2ed313d78b4f84e35b90a24505662d,0.0026415300962980837,0.004776630356597403,0.047877443954348564
725,c750d24ef3a9a897fb19d3f0b4910f07f078e302,0.0026804009976331145,0.004865916018995145,0.049297326477244496
726,bb71b5fb7b65b662c1fffa3f8120cbfd02e2c164,0.0026972628838848323,0.0048883423053969945,0.04894583753775805
727,89babbd98fc75399709543f55013ff856280c668,0.002623796375701204,0.0047620696714147925,0.048058527521789074
728,202467c653efa89e94cc20feea0ea277cd0a8458,0.002608577866340056,0.0047326386750986184,0.047636907547712326
729,b47c3c1c70644c84dac18de878cd53d1b103595a,0.002634787611896172,0.004790094642279049,0.047912818496115506
730,e14d47ce9fe29884a524322b295b723cf8ee1e08,0.002646362001542002,0.004770212845566372,0.047950169537216425
731,89c80ba606f4346f8df2a31cfcc0e967045a68ed,0.0026594677474349737,0.004806894188125928,0.0486071560299024
732,64e62ef69babccb36cb2ee014225c6845b163c0e,0.0025894926220644265,0.004703257659760615,0.04748749756254256
733,e02af0b2991171c39bb3013fa83bdbe727cd3cda,0.0026221636217087507,0.004723579351169368,0.047493815422058105
734,f3533711c854d05e2d767e3e8373c882d4d9f3ae,0.002639838639879599,0.004797434317879379,0.04801714944187552
735,a4e931f15e87cada0b9bb9ad80378115e72ba7ba,0.0026236542325932533,0.004819256175930301,0.048745541484095156
736,93a9ed22b6fb6ecd6c4a10382306b1e5c6d06abc,0.002678558259503916,0.004859822491804759,0.04915857804007828
737,3fc4b7178d6edfb01dfddad57344330fd930440d,0.0026503810076974332,0.00479848733327041,0.04847929859533906
738,785d1eb24ae8690b6b7389f6badbc91f949552a4,0.0026508270238991827,0.004828999051824212,0.04820795694831759
739,676a619f2ede19db5f8c8d42f7221a6b10362015,0.002616476616822183,0.004773270649214585,0.047806156100705266
740,f726490c4c83e48fe05e0a80073e9716800a508a,0.002675134892342612,0.004867399189000328,0.048908600001595914
741,e9fb9335399580aaef1e5fa01e6f7afc79b82792,0.0026258992729708552,0.004760457513233026,0.04801020352169871
742,94de9f7007b9264328dfa16dcf60a8c34a2c8ec0,0.0026071357424370944,0.004738623974844813,0.04802418895997107
743,8eed39d6562045c650f4c8aeec5319f4bf34402b,0.002626713248901069,0.004756858300728102,0.04792515398003161
744,131b6bf29e20e801368907f71e5d8594a484f742,0.0026453256141394377,0.004765171169613799,0.0478387635666877
745,63884710e540d1218ed3713b8998d515abd3c71e,0.0026580972771625966,0.004823504015803337,0.0485498565249145
746,d3382a5e7e3c45a2fc9840509de0c8eadc25fa07,0.0026797371392603964,0.004880713997408748,0.04894587292801589
747,639f94d164407a311295fa67d3a5363cb718f965,0.002638220234075561,0.004798916168510914,0.04793699306901544
748,b575bd6928402e9738f439610ec13058f3402f3a,0.002623993088491261,0.004766502495234211,0.04765450197737664
749,4c37b8df70952d9192c528f1988e7285b44fd7ae,0.002626249013701454,0.0047535799676552415,0.04777147946879268
750,4bd449439ccce1be0bc43abed15423b46dbdcacb,0.0026825993845704943,0.004838569788262248,0.048374355072155595
751,3cec3ae80e626952a6b61a72516713217d99fefe,0.00267054425785318,0.004870409844443202,0.048448491492308676
752,f4353323d0be0c3b3c7d0c752d6c135bc6d36465,0.0026820049970410764,0.0048549251320461435,0.04893562151119113
753,2a6a8f5a03ca78392aabc9a2d938760285fcee30,0.0026421541115269065,0.004784524984036882,0.048289743484929204
754,b797a0cb97a8a9e7e36962dc8c37c075967aa88b,0.0026450603909324855,0.004791183125538131,0.048273417400196195
755,f69c2fae9cc592fe42355b1533bd1a7e32216ace,0.002565255359513685,0.004646144147651891,0.047275503631681204
756,2e5e6f6949af92b3f7abd99e558f1f6ae5be2185,0.002694083988899365,0.004880222802360853,0.04934436804614961
757,28a05b3a60014f755d72eb86e8a352f6d4476d07,0.0026917852519545704,0.004876256377125779,0.04905097605660558
758,8365e3ac35fe9c0b4cba8bc707dc1910e0c1f387,0.0026303576305508614,0.004779050786358615,0.04790479107759893
759,86bae1ae269969a48759257900320c0f0664d37d,0.002658777724718675,0.004785755028327306,0.04778879496734589
760,d61fdc7d4c33d7f2104afde7e32d56af59f9d4f9,0.002679604891454801,0.004847093174854914,0.04866531596053392
761,1078723d2741d3379b65a70ee7aa23d9e7f08457,0.0026666128542274237,0.004847925699626406,0.04887090064585209
762,3409bd3f38adc03cdf0096c53e897818517bc286,0.002623222768306732,0.0047544561481724186,0.04784035449847579
763,c3d1107b8931313c85947439c406dab98ebfc8ea,0.0026462419773451984,0.004819846324001749,0.04847728833556175
764,092905febd53742d2a700322f88b652d6a5fd4fb,0.0026472207973711193,0.0048065038087467355,0.04840366030111909
765,e58c1a7f0decf7e43afbdeaa755492e665dd5533,0.0027619361644610763,0.005045622237958014,0.05091973301023245
766,978bbe7fdb519edf1f28df4982ce13523ef59a4d,0.002612954704090953,0.00476575472081701,0.047545577166602015
767,6e5cdc9d0923558dc66ad878f2e5392d29185754,0.002665024367161095,0.004856316683193048,0.04885640530847013
768,83377c70a3dc49a7f3200c85d9736b346c42760f,0.0026029086438938975,0.004707284349327286,0.04745330614969134
769,b908da64dd4fa8dc70932f51202f9701db4cc868,0.002637818281073123,0.004769971128553152,0.047772970516234636
770,2f782a2f1afa1b25ffacb3ca1ffdbbab0abc1504,0.0027102542808279395,0.0048993490636348724,0.04916332568973303
771,6df71138184f26cd87bb086acb1e6b3dc1be4bbf,0.0026285613421350718,0.004768152488395572,0.047859648475423455
772,2a862700bd376800ff4495e572ca4c85c919a218,0.0026292740367352962,0.004780982155352831,0.0478662415407598
773,77bc3225e6f4badf83190ec300a0e10e56949644,0.002672140602953732,0.004864698508754373,0.04860569885931909
774,402802d8a16da735017bbefa8621a91f5707beba,0.002648905210662633,0.0047997300668309135,0.04824363929219544
775,e12112e7caf72f93e07128f6e7a8a3399f1c6bc9,0.0026218261336907744,0.004742575654139122,0.04734794399701059
776,2c1a34daa024398cdf9c6e1fbeff52b4eb280551,0.0026663251337595284,0.004848603469630083,0.048734778771176934
777,4516ee94feef318c72bdd96282d0cac98a10e433,0.0026505818823352456,0.004805816725517313,0.04853912955150008
778,6822c098a73f168dfe4400867b0d82f29a7f5e89,0.0026218793937005103,0.004750823446859917,0.04778173938393593
779,f25905b5d25a2fca1e23adad11d4597a1e658276,0.0026554902433417737,0.004829573988293609,0.0484006863553077
780,41977b24ae011a51f64faa75cb524c7350fdedd9,0.0027706086402758956,0.0049579230447610225,0.04979621199890971
781,a1ee7968df16a4f57c8e22164d19aa2d14a6cdad,0.002623251755721867,0.004764510861908396,0.04780458752065897
782,2a9a95d250c91f842b9fdc32cbeaeaced8b5896b,0.002221387065947056,0.004004753039528927,0.03999381558969617
783,b5cdbf0434019e802b5e1a44bee06e67e0beef75,0.002013148786500096,0.0036621078227957087,0.03662208979949355
784,672a2ec822bb2d3619096a66b76afc79eea118e6,0.002005765773355961,0.0036315442218134803,0.03625730401836336
785,c136cb7f2982554a9ae305aafd81b9f68ac03ec5,0.0020010801575457053,0.0036259503103792667,0.036331753712147474
786,481e731368dd47705248b1832ebd70913e99772e,0.002025146968662739,0.003646326484158635,0.03688897308893502
787,f9408ee13adbe81c7740daa03a52fc73d71e71ba,0.00203792923130095,0.0036764023825526237,0.036839124746620655
788,07cbfffec5156f8491c885d4e893fb7b920428b2,0.0020014994079247117,0.0036367087935407954,0.036052826792001724
789,b3e3567544dc2b41e1bcc89157b977cf12ef2efb,0.002024366613477468,0.0036173682504643994,0.035880486480891705
790,d97e31e891e868457d710d53b8ddadb0d473ec8a,0.001806850079447031,0.0032685366459190845,0.03258569608442485
791,cc7f1504aaf7b02de09ba87ee91dfe4446d90031,0.0018129441499089203,0.0032752897241152823,0.032575930934399366
792,de4a75535fa48ab93ae226c70182e411b27daade,0.0017911695952837665,0.0032324870117008686,0.0324428325984627
793,3aad1490f24f4d39980a72bea0617083aaf508ea,0.0017819420900195837,0.0032117705559358,0.03190762712620199
794,99eac42354f9c900bf8897abec6e7c1bd6c9ff6c,0.0018193451687693596,0.0032546197762712836,0.03196619148366153
795,969ada67c1b9b32b863a9ce77f56689ca7ba3b43,0.0018197412524993222,0.003227577020879835,0.03205820359289646
796,2f52098908b00397e425904b89ac89d84e344627,0.001843102159909904,0.0033328619902022183,0.033090796088799834
797,261a769dd135c1e4007a6d0bdbed68a8c929497a,0.001822468863489727,0.0032897565397433937,0.03236457915045321
798,455f1f3168ab0105d05add646ff63a17b80fdcdc,0.0018004641169682145,0.003220664744731039,0.031584294978529215
799,c4e20ec45f0aef437df9bbdc18849d15e9d7e850,0.001786320082222422,0.003218238882254809,0.03179230308160186
800,eeef9d4646103c3b1afd3085f1393f2b3f9575b2,0.001796736498363316,0.003239535726606846,0.03202793118543923
801,38d843e6b526fc5e8a936b77dc8d33750f5735d8,0.001792935150054594,0.003233552910387516,0.03221278078854084
