,hash,size-1,size-10,size-100
0,857125603f3cf72e2078ed2effd0f6ce40f0ca28,5.393503417604064e-05,5.667738405838801e-05,0.00019179984251662204
1,847119387dedec1ce7a85c1c0f29bcf86bc0348d,5.2779297580056615e-05,5.533332656267127e-05,0.0001872883421080922
2,deb4be85025088553d80d6637dbc17d7f8101f41,5.427788616570709e-05,5.700809847463376e-05,0.00018889589486398588
3,0c06b0b8593d947c5d63b72b6d84ecf83ae5da5b,5.391697028460497e-05,5.716507674334078e-05,0.000188932684403354
4,c003e6ef6e421d23b5bf98f01df20f1350f61ea1,5.475497925822946e-05,5.761245334969708e-05,0.00019460850001594638
5,a0c5f64f4f1a7f6ee80dc9b95aa813df28a87d72,5.4101402958477406e-05,5.6380390319367395e-05,0.00018712589448305632
6,c53c89f0d8572086dd13cbe1c3c98a4e73b41d09,5.298944901351736e-05,5.5524948738121355e-05,0.00018726252624458683
7,767744c86e1e4a27bf77f90a85f17e564c9b94ea,5.3984774883070974e-05,5.692461658742067e-05,0.00018964352631500284
8,e657629bbc2bfb880a1b2fa24a39c5921c1f965e,5.33840298813082e-05,5.6412728176488035e-05,0.00018768089457329263
9,3d0c041ca162d69cc5bbb4d9d051eca7933f12bd,5.3272177538019606e-05,5.7151742121756174e-05,0.00018852836122581113
10,ce140e8d5c28f1f057db1102cf78263e48f86d61,1.9714360362586547e-05,2.191739226740134e-05,0.0001509616253315471
11,c18ab2c3975c8fa8b59724fe6855c528d72fef8c,2.063104624912238e-05,2.2868045252875298e-05,0.00015110727508726995
12,3d2205dfd1d28fb8106e60223cf7207a3c05dbab,2.026904093421139e-05,2.2946296421612537e-05,0.00015187774988589808
13,c3fd79150bc183e8852f1330ea6e8cb4ca7ce7bc,2.0086893146428483e-05,2.2266783764687042e-05,0.0001523765498859575
14,71555c48be7f07833bd540dacb50deb8069b551f,2.0857716200956272e-05,2.3188254703492478e-05,0.00015370299988717309
15,5324067c702a41e901354a01a5f0d05ff49b6cb4,2.0574433216630744e-05,2.2938865979235697e-05,0.00015326920001825786
16,20cb312563b2e7c0b180db8dffbcd71d7dfd0bee,2.04443305356721e-05,2.278922197282118e-05,0.00015101747485459782
17,45ee22fa2fdd2bace756ed62685a346da91c4cb2,2.0829624216955774e-05,2.3114453784621542e-05,0.0001511494498117827
18,798aee26bdb9dcc0e806ca9271f0f98297188dec,2.0322631815998252e-05,2.2494131951237614e-05,0.00015095025009941309
19,1c50f244d4d1eba4f3f63e93a05a2b2f938685a4,2.0520132569469173e-05,2.2989352459501146e-05,0.00015515227496507575
20,fca7a15f30776ebce9e6814eb927e837f567a518,2.1192605818567563e-05,2.3329843876157388e-05,0.00015938657525111922
21,26311ed7bf80e02c827189e80084602d72e4f284,2.1017731215826348e-05,2.318160478272295e-05,0.0001553251247969456
22,b5e01bcb668da0413170a886c258e00d2540e752,2.100759827967765e-05,2.3352694455768047e-05,0.00015275947480404285
23,ab30683fe1277a7fd471be63975a02ed8d766f94,2.009052481940564e-05,2.200945248936965e-05,0.00015083504949870986
24,3c89e2f913406f55b6e998017c1149e3ba383bcc,2.0175124545421837e-05,2.224252947473168e-05,0.0001501680748333456
25,590f07121dc55e6d9d9ce514887c9bbc253fb266,1.972923326986706e-05,2.1888221358627227e-05,0.0001510867999968468
26,872372bd56ccb5fe98faae8be7d14e4a8c69e037,5.12836273491354e-05,5.507766749360599e-05,0.00019138561098467716
27,70a84c3192b4f231925e8e36f50d6a26bff3b46d,2.082398585219569e-05,2.3642334390042608e-05,0.00015186279997578823
28,9d416356baf4a653b2c647a921ae24ba7d39e8df,2.1126208240269677e-05,2.3666299364394595e-05,0.000153013874842145
29,09dd75e9e2139bc9742e6009b7babe41d4c002df,2.171671172405156e-05,2.4180649782942265e-05,0.00015450742503162474
30,85d64e375f53f6028519d3aaad0b421934dcbe24,2.186403549567921e-05,2.4405146795196818e-05,0.00015427667494805064
31,09e04dcbe3d0c836437b2d4745b353b256ec6265,3.089629178065358e-05,3.405423765034806e-05,0.00016888515797051551
32,cdd7ab252988ff4254705e0a89874edeb5cea8eb,3.163621470327784e-05,3.446248142285152e-05,0.00016733439444674571
33,06da877ceae914a875bd1a55cd8e271332358803,3.1119642849911796e-05,3.435638282098808e-05,0.00016627557871336314
34,8529dfaaec65248420faffe095bac03c23881735,3.087128125529985e-05,3.3923289631674405e-05,0.0001687443421504117
35,171a3e5811e43643788c20075be9ba52efb83b81,3.1756470673338614e-05,3.502192524242914e-05,0.00016819627489894629
36,5bf9ab98edd254dee1162d6f1863053e040cf828,3.1844803202373266e-05,3.5221458725457536e-05,0.00016699897375809468
37,9776a73cee9eaaff6af40e971fa2bb7f8f1086c5,3.208121198807483e-05,3.519391110684309e-05,0.00017143305242490515
38,37a1ad069a800f5ef98286f25fb3fb632375168d,2.5355385878356175e-05,2.8114423082945077e-05,0.00015861814990785205
39,1cb2230bb1bfb9b2544dab798dffeedce64ad39f,3.6720500004225294e-05,4.4674164407405116e-05,0.00018527122241115043
40,044f5131450f38cdfbab63d6999b60e7e3bbabe5,2.8226086086297586e-05,3.074805598685864e-05,0.00017866390007839075
41,dc089026b4ad0d2d9ea992c7f1b9b5e716dd82cd,2.6397130121434872e-05,2.915205794546284e-05,0.00016238240004895488
42,53adf81bc503d749b13160a27e49160c5bbe48d7,2.6043380142235227e-05,2.9156076093188503e-05,0.00016047067510953638
43,49e00940a82f9590d774539cd188b634c29fc39f,2.5896247620410197e-05,2.862647090209759e-05,0.00016360245008399942
44,7b9b41a4c7dbd7b719d62f343f57f841f5809693,2.5171724930031135e-05,2.8782065955941666e-05,0.00016065159998106536
45,ae88e02a48c4744afd22c63be388870037f3c84c,2.6070524761893945e-05,2.8992406417512057e-05,0.00016067647493400727
46,0aeab48b9e914d1dc7041b7e3f3b7e575ffcbbed,2.621082603582181e-05,2.9356619042498995e-05,0.0001598661498974252
47,c18b3f59b5f5752ab038224fd3bdf2dadba55ecf,2.557659976480462e-05,2.849442747989717e-05,0.00015915352496449487
48,a5e5e51187d4476841503ce816924ea99936dba0,2.6801995063354376e-05,2.952612768699852e-05,0.00016676817504048813
49,b69cf68a24cffea0a884a102da1797755de8f022,2.69244904315523e-05,2.95523581076555e-05,0.00016135304995259502
50,ee3e17a7c3e3efdeafe907b394de56aed01a70e0,2.6536294621007554e-05,2.9219558577250554e-05,0.00016395049997299793
51,c71ce0e6dbd9ec67b3ac7fb5ac3eb609f8a56829,2.636273422502959e-05,2.9282086202558263e-05,0.00016368425012842637
52,0ce156413feb21a4f2a8eae3b1cd954d04240edd,2.635368213997849e-05,2.9035592802590303e-05,0.00016427952505182475
53,7e3fd81c039b0e22715c4e6eb63439bdf5a620bf,2.6385133415155557e-05,2.9308177898328868e-05,0.00016307409996443314
54,a6b4b2bdd6baf2afde27284097426e93912452e9,2.6109914177874063e-05,2.901329733625365e-05,0.00016126885002449854
55,c8a5ff07e5bda47eab870671634b107da5ab7934,2.6831627762880742e-05,2.9677178859649172e-05,0.00016157577501871854
56,fafd123410f1ad5c47341c66d8ea4cf541165e77,2.623657296702662e-05,2.8655413384715845e-05,0.00016045459997258147
57,9765987c2ade250c82bfeaba49d1f9301211d63a,2.6447626519843444e-05,2.9357436313217368e-05,0.0001627123249363649
58,dbf37449935bced333a3999afa860aaf304ab1a1,2.6263597072949814e-05,2.9039298164864663e-05,0.00016530237553524785
59,5e84ac2bf2085d438da2d0dae5d370c4389bbdca,2.661284510750414e-05,2.9787691554802686e-05,0.00016094147117416327
60,c70bff83e452c9b76b7f5de2e6811b800d4f72cf,2.6899953452669377e-05,2.9970708632523693e-05,0.00016230602724183547
61,b4fd7a79bc55f17f301d219492528e6f5f40c6f0,2.679393012448216e-05,2.9701899660140438e-05,0.00016213221303922566
62,0311c93c8c43cd913303c529673d69575901475e,2.693936307311131e-05,3.013408600559665e-05,0.00016280778953315397
63,adf50b93d76fa55d03ccbc4910602cda23b32c7d,2.715207660149266e-05,3.0328171531355897e-05,0.00016354955426466309
64,64619c55896dad1927afe78c0702a58abf0d038f,2.725147132878192e-05,2.9898142678162644e-05,0.0001637881321489419
65,eaa59b4f04a0c75091e332afa95a304eddcd93ab,2.7084189160533324e-05,2.9827614330080127e-05,0.00016215158087250434
66,2810becf98e20bfe2bf99311c5f4f3e150d12d09,2.6713874973995865e-05,2.9758645932006865e-05,0.00016141031550145462
67,d34b9ead10e28e3a0a62d642a16efdae2030ed76,2.6514785475196967e-05,2.960821395430318e-05,0.00016320312983895605
68,0bd548e287b9e2fd0126f64d8be01a812e3c6a48,2.661536790168329e-05,2.9731943790052055e-05,0.00016264360716664478
69,4cba2d91e1546872d29af6b25ad35947f27e03ac,2.6106205546078785e-05,2.8645889649755863e-05,0.0001638331818149278
70,97f9fcb599fec377f35be647afdc2d5c2c6ba1f9,2.6332961002057328e-05,2.8882421042251932e-05,0.0001611244729965141
71,67c68b88e4120a84ec516725e322265446fc50e6,2.678841746029288e-05,2.9638985065909905e-05,0.00016229129151294107
72,551773f27ccc955ce24d15eae84eed924250c573,2.6371284308502585e-05,2.887163305115935e-05,0.00016079627675935626
73,196d633cb19274ddffb4ba42928126fd15e3282d,2.6649034836280028e-05,2.970438658234638e-05,0.00016230331292670024
74,1af65ee2225a011b39a9cceac306328be3737aa2,2.7035677599866246e-05,3.030139284775309e-05,0.00016315400257314508
75,b4d2295bb5ba3c866553c1d7c10938f7f00c3286,2.6607424607155498e-05,2.954140329626909e-05,0.00016153734299893444
76,69898992b339e4614780f626ed07c4244a08648b,2.6861039761787476e-05,2.996662978903722e-05,0.00016228925730837017
77,2d43a901ea6b16ff5bf1766177f16cec4eedfe0c,2.7188131407772194e-05,3.021093189736696e-05,0.0001625508731721263
78,fa45695b787070275696e979eb9f476ef3afc5e6,2.7031229983549565e-05,3.026027750099005e-05,0.00016842676498191923
79,6511a143a0bfd2be89799a7db2e9363eba5e7450,2.7250429833836762e-05,3.0105920470230382e-05,0.00016312152882547756
80,529c61bdf69356b4a428d48bb5bc72c2417ed0cf,2.6336719859034964e-05,2.97052110735662e-05,0.0001619599489985328
81,97d2db483fc0ffd46f38d0e1c39d5fc001e33197,2.6335623059197363e-05,2.9371876580843242e-05,0.0001617516023351958
82,5bf6d68e7241498556ee1b28fc146c1c21fbb5e4,2.796269378093016e-05,3.0791057509931086e-05,0.0001723878926390575
83,e4e0ab8e5ba9cdf17f9bd2c3c9e06e3d12030022,2.7060840396431856e-05,2.9454271556929713e-05,0.00016204863296527612
84,a7401aee4d6d465977760e9e4b16f793d60f4ee4,2.6593655405313145e-05,2.9705551912217108e-05,0.00016210271094582582
85,32b3f82e4862d85c5aebba2b2b82a931038cd103,2.60860308822084e-05,2.910562337888531e-05,0.00016153361158151376
86,4cd6e4b336fbc68d88c0e9bc45a435ce7b721f1f,2.7084767422291323e-05,3.04312742509916e-05,0.00016318624349016892
87,53ea3a9dd802c13dc6930504d4a896bba8287cb0,2.6780626321138414e-05,2.9898206045505413e-05,0.00016315528926880737
88,e1863f3582e3e8870205f8a9d1ed1cef1bf536b4,2.6875435365387183e-05,3.001488798542479e-05,0.00016648726121179367
89,bbe2cca1925873dea538674b96b53b5cef0a148a,2.7237348167189195e-05,3.0477624778960196e-05,0.00016277799946501066
90,f4703789ee8181fb6a71f4250dc8316e81de7f78,2.7479447912677975e-05,3.094519997219078e-05,0.00016943394745651047
91,54811204a63c2606e89c4f053c4b9a7215207079,2.7531042145803955e-05,3.0479772742521966e-05,0.00016286859509388084
92,60f9c616aa12800e27baef1db0f964cd9da6623f,2.7399923448829943e-05,3.0433092350986872e-05,0.00016286381593856375
93,651fb50e07a8e11d31bed9c202823da2ce558c58,2.631789874822761e-05,2.9009764366394106e-05,0.00016084029094169016
94,72e8904d1074c2eb02558c017880b9a8b3e017db,2.6191484174031075e-05,2.9174397389094035e-05,0.00016195786577698432
95,459991afcddfce6fbbae3fa83467fe607f2de7d0,2.711654741862657e-05,2.9786234747057092e-05,0.0001624668948352337
96,263b293d9caf8f54183509275a853de9b8d8839f,2.9172054158439687e-05,3.1796813863288617e-05,0.00016401095413847973
97,3fbc84a5662ffd985a071b0bbdcd59e655041ad3,2.5856092321217482e-05,2.874928249900948e-05,0.0001606451543538194
98,db866874ccb8c8c814df57eb1edca4fd05eb1753,2.685230639245775e-05,2.9662084578441522e-05,0.00016179379369867474
99,f7cb42d52f121656b0a96ad5a9bc5c44506d2cce,2.71463967251158e-05,3.010674390171826e-05,0.00016293886705840888
100,f1d0378d3735aa97a86af3b87b8a9d9ee4575af7,2.7097853599116207e-05,3.009232630332311e-05,0.00016292267920155274
101,6eaf8906c4dccc60592dedd0ec9a7aae0e7db851,2.6931610903633175e-05,2.9773925503913583e-05,0.0001622534626604695
102,e3c84a44b68966ab887a3623a0ff57169e508deb,2.810349309731861e-05,3.1244564728299295e-05,0.0001705947552660578
103,1f8ce6341159ebb0731c2c262f4576609210d2c8,2.704288969497855e-05,3.017260902889178e-05,0.00016351484105383096
104,f842c487da5096bd3e76a716ca033681981821c7,2.706006308903126e-05,3.0109273373252816e-05,0.00016367624170686069
105,04d8d96285e38f1683960611177b360fb1b9718f,2.6855080909000006e-05,2.9453701521877363e-05,0.0001619379281213409
106,925f8381009bf63e54984fb4245466f0bef31ab0,2.692894951906055e-05,2.9574242884887013e-05,0.0001624897857637782
107,99bcf99750d7da499bf3887e6acf89f025e0b9f2,2.852930164737429e-05,3.2272763842902516e-05,0.00017413932881835435
108,912790315033d8a2b8d525eb36db410a851ca1f4,2.6725166404218068e-05,3.0481492627058282e-05,0.0001632029827880232
109,b95ba5d22c8e567afb5085f6dcc8aa0e499fe525,2.722612833343541e-05,3.024751068192188e-05,0.0001620991449607046
110,a8c8b63b70ce3303e56e2e89aefa7c9995cc2443,2.7645890572175538e-05,3.0281688363710817e-05,0.0001636213917089136
111,02746c9f20b8f491fd2cd40d8807b24ddc6ce26b,2.7175561494583776e-05,3.0192500754282744e-05,0.00016549102177745417
112,c970c04cbeb38c80901a02bc573a9333458d4c4a,2.777523439150625e-05,3.119642927270868e-05,0.0001644995798797984
113,34ab10da8641ec9c98d8241ef94ae1ee0af946e9,2.718909167265164e-05,3.094695852722513e-05,0.0001628499257525331
114,d73991e45e097d2d23732f5a2fcb1c9cf61f69fc,2.687112205324972e-05,2.970062612488283e-05,0.00016317069285402174
115,9c9df9c649361fb651f4b2174e779b3036464ab4,2.7447019943572357e-05,3.0235491646965453e-05,0.00016311497280472204
116,803386487f14484cfa24af915c24ad75211469e8,2.6867708616089403e-05,2.9930010646053815e-05,0.00016553676687180996
117,274d5d64a989e44e99a9defeaf8fa1b11bda46b4,2.7276028239571337e-05,3.0443021731871416e-05,0.00016349218295593008
118,459ffe5c008863b58805c9177a85668a3e5fb4f6,2.7361910906620323e-05,3.0341161287982356e-05,0.00016337864738153783
119,e31f1fac208882f1255edf346ef10c769b775853,2.808816467670246e-05,3.137117440717808e-05,0.00016369700039687912
120,f34c7c6b0edb8bb3044867d5984dfd607fe9f5b9,2.694807551220883e-05,3.0095937953348635e-05,0.0001634264511889533
121,e4630a2f5273307983b6ddca9b72aa0cf5a65784,2.7502695848415423e-05,3.122986404062038e-05,0.00017070702865327661
122,3a9588ae8041d611cb1df4be849db88fefc5ea46,2.731025917455554e-05,3.062164887015879e-05,0.00016279001475164764
123,74712a53df240f1661fbced15ae984888fd9afa6,2.711141600220469e-05,3.0367371933111414e-05,0.00016401307412276144
124,be92e0099d4926be76ab4ec9ca6db6f2471397d1,2.7101730125596616e-05,3.0451344274398354e-05,0.00016225370774535755
125,7e9d603664edc756f555fecf8649bf888a46d47c,2.725273616443477e-05,3.0093511156634033e-05,0.00016526497998519947
126,02798e4ce39ae7882b19a3fde209472b7411d48a,2.669288217114996e-05,2.990082845380762e-05,0.00016534258611500263
127,3329d26c5d1d53f7fca1dfe253fdc43e93f0f6aa,2.814555758392656e-05,3.21555792564346e-05,0.00016473315803236082
128,bc6000da993399284d2afd4fcfa1e4c4fe0d408e,2.7551723050827715e-05,3.063428829538229e-05,0.00016309660522414272
129,c7d83e7412169399586272176d5ad839b568ba57,2.7305357306055027e-05,3.0184124292905576e-05,0.0001652476578448458
130,8adeca227a39640b0ad4db38ca34a77a0bb50c8f,2.7124418738821988e-05,2.978073552343225e-05,0.0001627262896171918
131,9dd6c60bfccea7f78371e1b88f223b93ae69d037,2.731505777609614e-05,3.0271447212726343e-05,0.00016319228942800117
132,48efb02a936da85e395ff29a477765ea3916770d,2.7117646768873333e-05,2.9925249296374758e-05,0.00016346831570875734
133,3ad444b07ed53cf43d11e755701224a96840de62,2.7815546597481965e-05,3.07589733167558e-05,0.00016683897372690568
134,3f5097baec71b4c6b287534cc938a16b1f9fc474,2.8060457687108562e-05,3.048193563396732e-05,0.00016341184259784458
135,4cdd3606160de923fb4054cf93f4ea02a356def0,2.7421374933941194e-05,3.070119275724974e-05,0.00016316094766616036
136,245b73ef38844395c36ce4c1032092c81253d112,2.7299711170295875e-05,3.03058705388628e-05,0.00016376323611965696
137,7b7e7fe4936a0cd8b1278ebc3169463e392a486e,2.7120539007159487e-05,3.0086954562352667e-05,0.0001657196323656918
138,d2b0d56350ab4ec48a19349a4c05cea0e2603b21,2.7859815065535164e-05,3.1125989882411226e-05,0.0001631106041665924
139,bd263912e11f7f79310c5516fab6bd0a7b7c8eb9,2.7681449920727083e-05,3.110976038573165e-05,0.00016385715724410196
140,08690a9e394406562f636f90bcc899430bf3cdee,2.7098013767438412e-05,3.0112984640960837e-05,0.00016335297320773333
141,e731e8676118c48770368eb470fed2d77fe82847,2.712978388828661e-05,2.999476417091481e-05,0.00016508907796569953
142,f1f1436b853f3855d75667ab4055cce06960fda9,2.8277201615847878e-05,3.102417726281719e-05,0.0001672825843949492
143,bde2119e80d14a21950285f2d872b29506c7b851,2.760540545033643e-05,3.095266849933458e-05,0.00016412610727313317
144,60a1e10c4593736b188b38e7d7c51aefb213af6a,2.6724006082596524e-05,2.9636084234326795e-05,0.0001628905516362896
145,233c63a56974de22b846ac989cef1fabe45e7296,2.737485497727951e-05,3.0152620525174154e-05,0.00016224865746488303
146,bbc0a6b7efd4930053976e55b7937ed4606b5a14,2.7395923354021794e-05,3.0179844341344302e-05,0.0001649693417436394
147,c6853c7c27bb8352ab498848439d4fee9eb79a33,2.8101001229524648e-05,3.165593259612077e-05,0.00016788844827954707
148,385575faba79b5c857112199206119bf9ac2277f,2.7974571614666747e-05,3.1436300246398255e-05,0.00016370124036544249
149,3b294521a7394c2195e6b2980555c6b27258bac9,2.7621042517260443e-05,3.0412842980111354e-05,0.0001623839734269208
150,70f4309a155808d3a60a9a71db2d9482c1ec3ad7,2.7659121212996164e-05,3.0569838021289215e-05,0.00016237379014982204
151,e552726e3a5ff964a004d46558f534e7a47cab70,2.7175672874734992e-05,2.9991114464844915e-05,0.00016302810552971145
152,64fb290a8cb8fa9201f18015f3de1186e950a137,2.7554771584232874e-05,3.043863883552452e-05,0.0001632384986518637
153,f981a7ff4b02204f215eb089ce77f9a3f3906b1e,2.814449733026673e-05,3.0869712514947805e-05,0.00016467539458780696
154,0d2536650ff1b750a9008cfd2893dcc1db58f94f,2.7916489574187375e-05,3.113101725667844e-05,0.00016524505458380046
155,bf37644ca5987f5fabfe72be6da1fcf7a0b6b6a8,2.73638550647115e-05,3.046389484611087e-05,0.00016356254989085227
156,57f2a6fb79a7aba317f3fb57a0f1e2439ea99481,2.7302910048543783e-05,3.0226759193594823e-05,0.00016285473554346122
157,a1454867ab910a356588c511700c99ec6bef93b5,2.8014251153397653e-05,3.126782261956991e-05,0.00016430441878343885
158,ffb6f185b5775c612524496e98c8e6240f9bfccd,2.7397267289383486e-05,3.053537369066594e-05,0.00016313446930756693
159,02e6b062027666b22c68d91e280b28f57ee9c2b5,2.701681808634897e-05,3.013049974555237e-05,0.00016544862821894256
160,a2a6d0d24d99703ded59c31b98b259900469762f,2.777078667617767e-05,3.182366536534457e-05,0.00018070443950005268
161,ce40769276729d7bde07eb556398a5f47b8ecacf,2.8353894595056773e-05,3.152771286601979e-05,0.00016466241666219302
162,82226d816c67a80ff634fd202c1df32865175232,2.717610093194907e-05,3.0607070015194204e-05,0.00016532002605105703
163,66685909f174c38ebfbf7f733f40bcf7d9e86d48,2.8548847006113503e-05,3.171107849528537e-05,0.00016451791835654723
164,015eb5f76e1dd5b38b08bbe8b648fdb34b25e938,2.794275447369673e-05,3.088391459993803e-05,0.00016326065738930513
165,33e1dbee8d9e11a3e96efaae822ff6f3c44e3cef,2.807803791230326e-05,3.092732963109897e-05,0.00016432621295710926
166,821c53daa1261a6285cb85c106eab25c4d88ea2a,2.7996658519043793e-05,3.0593334985765774e-05,0.00016576186508724565
167,34d7d395d79f880dc9e156ff83af0cf5844867bf,2.695056393901283e-05,2.9960197777925762e-05,0.000162947996470489
168,6525ed58f1757092d73f33ee8717be2b5988c3e8,2.758820266582263e-05,3.0209744860693603e-05,0.00016445836272874947
169,e6d04db287a4421edb3a060fc84d9f8c66718cb5,2.764445827154424e-05,3.026282431562934e-05,0.00016325857416775664
170,cb107d1ca6ac633702650a21152de7d05d31862a,2.741672628281908e-05,3.040822748225128e-05,0.00016408764732707488
171,0630be4c479f36113e9c3bac50a11d163d2208e4,2.7490777411599006e-05,3.0620248007658126e-05,0.00016408418550303106
172,d92693b9c7f36679a7703a72397a2993ab158f88,2.704496367166637e-05,2.9936272331211482e-05,0.0001624989458114693
173,058af7581d22d15bc45f24283cbf5374a6a02541,2.734716447474356e-05,3.0395172646248273e-05,0.00016533468927567202
174,60945085cfd1abf4e04db461040bc675f1d325c7,2.7689274054754414e-05,3.081036871568316e-05,0.00016909310620071157
175,ed7d967ff37b649a3b5ce8adc51cdf4ec9dd39a3,2.7391062352125568e-05,3.0148027600352088e-05,0.00016436097212135792
176,26cff95893d7609b7bcba4b6d374835ad975137c,2.6954681408679603e-05,3.009630241789497e-05,0.00016289407779511653
177,d49ecd53dbbaa9abdbeae6b5ac0486a2df376566,2.706718445515795e-05,2.974496907011926e-05,0.00016315642278641462
178,33963bac8b276f2f2a6aa25e80caddbf23d9ff57,2.785449252047356e-05,3.075506604866346e-05,0.00016383052264389237
179,88ed1552809f81e2ec8b04c8874443abf14e6f8e,2.7727551891335418e-05,3.059008476534511e-05,0.00016420039862982536
180,e695dd02a5c3c9cb0ebea8eebc72915af9deebdf,2.6618068314794646e-05,3.0435342148173382e-05,0.00016429245251377945
181,57adb4bb6a8eb46fed597d4a781e47bcb86ebe11,2.7851178726580527e-05,3.105476836039536e-05,0.0001647831859851354
182,5165c654dbb2b08e8a38ac437ab35611726bf26b,2.759619771192471e-05,3.056712302282616e-05,0.00016234063322802906
183,d19c664c70a3bcdd728a2a78bfe424491bdf2fc0,2.738143911030684e-05,3.0215462726173982e-05,0.00016348168106847689
184,b93b67ca5c208dbb8d0d0cfd640dd6125dba96a1,2.7678850587577587e-05,3.073091111069576e-05,0.00017567323888406942
185,47a918f644da4ed3947ee2f797c790027041f29b,2.7679554221861476e-05,3.0345249075369916e-05,0.00016268131960379452
186,565fe77f9ed8ed5720b42ddc3dc30947a1f3e9ae,2.7328485357563676e-05,3.0066323721542038e-05,0.00016353651881217957
187,24d368a809827cd2cd787a470a65b4a7cd721d10,2.684249360337296e-05,2.9953575075648122e-05,0.00016230463025797355
188,48896f5ef84e1b1f89c37ab85ed256c4c68796b6,2.8399327017653445e-05,3.129279446286238e-05,0.00016634495267154356
189,e6b8b19ee832ae89289721301a4f5afcd454ec4f,2.7270856853623402e-05,3.0185861167696754e-05,0.0001634964229244935
190,d5a3e2747f08da24ffb8b889daacc47890b72c5c,2.6789693802129477e-05,3.029267278148307e-05,0.00016301541932319338
191,86fe6658e8ae9dc70825df110d444e3780ad1ad8,2.7146446634148693e-05,3.040607487389319e-05,0.00016534694862601002
192,88eda2f2f430e2f3b7e580fe38ac31e4c5fac942,2.6976330604274473e-05,3.0115334645488375e-05,0.0001629557411529516
193,7f1cef6b4700c4df135abbeb446458ee468d3d98,2.8642840664939616e-05,3.1539759335647566e-05,0.00016955923485128502
194,73157efcd17da95ce984d1595ac4907233b9dbf5,2.7910807131863463e-05,3.153809975789003e-05,0.00016392013180608811
195,81829432b3a00ae8ebe46e53d181810b462f0024,2.6836012506111542e-05,3.012157037478535e-05,0.0001623178403334398
196,2dbfb458fa3e96203f93118a9d142a6bedca9271,2.7355428922183925e-05,3.0448213453774015e-05,0.00016315278940294916
197,3f6bb2073418e0ea0d88398e1848e2aa3f1b53eb,2.683774366585621e-05,3.0025123254785577e-05,0.0001630724260681554
198,cf1306a842d7b1064270bd06951a485121e60816,2.765932929661817e-05,3.067400999085492e-05,0.00016312312800437212
199,9ebd2bfa64eab788d529af7404f85dc3a58ff411,2.6939790024169355e-05,2.989481032988536e-05,0.00016235473173621456
200,9b10c12e9d173d8b67c50e97e6998dbc57a549d4,2.7462666478465524e-05,3.0709137864432286e-05,0.00016576868457425582
201,225c3360721ba515de88a1e191ede58e8b95593d,2.7890391782968056e-05,3.0502784197074424e-05,0.00016443216315421618
202,923e77abdbc22c0ee5816086a334617bf7935f1c,2.67613445209719e-05,2.9448659637627378e-05,0.00016245589665088214
203,07a97601175f44ecda357514c0b91ea5139fb04e,2.7308790806802295e-05,3.0391016834957684e-05,0.00016249776327688443
204,23e42e91052df51b55719b7c6759d3480b295cc9,2.766747109309151e-05,3.223695283116077e-05,0.0001646076561883092
205,c20f08accae9d2b2bafde2265d7d30b73b059035,2.726371416479574e-05,3.0393258366786257e-05,0.0001632039263648422
206,789b21719fe89a3b38cae5a8800a4c0c3886a0f0,2.7422010316513478e-05,3.054643991682152e-05,0.00016280638642216986
207,2eed8784d5946e420500bf87f9af305d87aaa055,2.802738311643503e-05,3.0854795164939034e-05,0.00016347137524893408
208,590201aa6ef313f9d34fa4136d6f0b3b3c36e951,2.6631214662868687e-05,2.9862236831922176e-05,0.00016322348413890913
209,291ac7f21e59440d249d0afaed3213a79cf70535,2.6816287870627477e-05,3.0229240910358768e-05,0.00016246623310603594
210,9e37e585cc86ff6dc821d0566baacc137cb16343,2.727874904232902e-05,3.0062790482738224e-05,0.00016451412566790454
211,2378c3c987c479cca27470d3d66b5d50e91ad673,2.8255955437806684e-05,3.1327968327143384e-05,0.00016364460124781256
212,2a267e6a49ed68da01761c92deb7c90be207660d,2.7759425751300473e-05,3.0666371214323204e-05,0.00016422718028096775
213,18af0e10878fe49a893fd576317dabd424c7ca16,2.6844155374811706e-05,2.953537270282279e-05,0.0001627534725948384
214,86472322736260e7c2fb2ef72e7d01925adc9de0,2.7122001629322767e-05,3.0033105661061184e-05,0.00016201994577912907
215,c954144b7682014428d547e7cbbcc154a8cc5fa0,2.845963743559197e-05,3.108578080586581e-05,0.00016475259326398373
216,20d5999e2f01c32876368b97797047c3adc536bd,2.7026369136542156e-05,3.0097416536489003e-05,0.00016181628023715397
217,d3d594039815cbdae8e9afd281d629d0ee266b84,2.6994974623263184e-05,2.9924205412752315e-05,0.00016240471679913372
218,0cefa592833151266d3e0fc2f258685280b0713b,2.7566702920012175e-05,3.0315643779828516e-05,0.00016331419005597895
219,328135c3a355baed063a1ccbb224c9dc1b71a464,2.7706419941798554e-05,3.0732349416360866e-05,0.00016718933410528634
220,156cd054e007b05d4ac4829e10a369d19dd2b0b1,2.7824267457720552e-05,3.0761212377374014e-05,0.00016378536575326795
221,822e00b9b87f8ce41ccf8112bf4105ebd1657f83,2.7080538072788777e-05,3.0013060134799123e-05,0.00016354841768349474
222,aeb23741b1186e6ae525c4dd7f46ce9e1378e670,2.7913244041669585e-05,3.085500161192045e-05,0.00016339471269594997
223,4afd82d8dd2c1ef48c62bdf875a194e407f2d2d3,2.7339925291016696e-05,3.063752362764747e-05,0.00016391941493279055
224,2866c83df6f080393f9fe2110039d1ca272232fc,2.7523232628735377e-05,3.0599259530547365e-05,0.0001631031474588733
225,f0171ba7643060cf7cf05a27e24ce66f09d5a9e9,2.703444176749267e-05,2.9910480629445778e-05,0.00016304692498555307
226,bb6b86e2afe88b371badfcefe298945002e47006,2.804304973256809e-05,3.156820758284923e-05,0.0001685900173874365
227,07a54df60c6012da3b02a248c65cba9688681109,2.7455976536324745e-05,3.035157119150216e-05,0.00016683944206880897
228,588a517b68d9f273b607622dc854b1b3d014ac58,2.7488938172408682e-05,3.0418741516768932e-05,0.00016441857932429564
229,a34cfc9cff3886ae770cb0a2d527498d60ab24fa,2.7251949945053494e-05,2.9953704928073402e-05,0.00016364663545238346
230,d4c08f977ff7ec0bb7e043d9657b8c0747efc169,2.828495906670734e-05,3.0968058720914205e-05,0.00016350344460653633
231,4c6f0f88df24180bde7475030e3f40680a150e57,2.6606358610512575e-05,2.9860433414163363e-05,0.00016323870391045747
232,a72b89c7c2e30f5df5cf27f68b6afd45361934fd,2.782343982312924e-05,3.081227039024664e-05,0.0001649422522046064
233,18da0ef0480920c6256627ed91469a40997ba4f5,2.6832579498617383e-05,3.0080541792149478e-05,0.00016317098695588738
234,9af9a963b9b154dbc958f05480dfdee6a2965292,2.7282646000199484e-05,3.020062106085962e-05,0.00016253580045151082
235,dbc4f5d3fff330a842576427674ee4fc5de0164d,2.8341435713119988e-05,3.133164851793221e-05,0.00016409917244393575
236,8eb6424128b4be16bab4115f9d172b32c397972d,2.7664453415296125e-05,3.041190414334074e-05,0.00016293778868490145
237,eb2c75189c9814dd463e0019419360b860d59ec1,2.7151199457168282e-05,3.0089372890360296e-05,0.00016348724449543575
238,820a439494aa8c5a199edadd6bf38af400f67caa,2.7910820566690885e-05,3.093944608487866e-05,0.00016387565502602803
239,4ccfbe69b7a8c511d262a9759e576bb87ec119cc,2.734658537113637e-05,3.0439886925877005e-05,0.0001632786404929663
240,a5aae4f4cd852b64f5f36e8c225895b3a2113c48,2.783343106643369e-05,3.0880465030798255e-05,0.00016363697910779402
241,99cf84aed1751d4707f6f0c2cb9fcfb460f56ea7,2.743710579378956e-05,3.054283274968966e-05,0.00016537267300817702
242,dc11e03f11b9354a84db0848e7ddc277ab779b68,2.8047358152710147e-05,3.101567646766873e-05,0.00016440941314948234
243,b4718373f5412ea0d52ecbe2a3f9bbed824953a0,2.7758936347711424e-05,3.093054885385741e-05,0.00016804949968661135
244,b9dd2be0108cb312b4c34239a1dc8d24ef3a05a9,2.9337630917628607e-05,3.225776059220412e-05,0.00016560275597791923
245,aebaa8d2dbff7af620a2fca3b5ca9fbb08d4c60c,2.711878576776897e-05,3.0420768455090658e-05,0.00016234099472823895
246,2ce4ab4063457f558e5aab1051aedc68ea17eb25,2.7580731584097417e-05,3.0625266221801886e-05,0.0001634704684348483
247,7b0a764fee6e1614f3249e9082d8c4acf1dc62d5,2.7569029034497754e-05,3.0408938940571145e-05,0.0001630815799887243
248,bb76bff17f86e468ca9fbc5071d95782dc932c10,2.8840504908168377e-05,3.1251255502886964e-05,0.00016982820326168286
249,8fadcf13ddbbce596d008e206bf3127cfc379377,2.6957549195745755e-05,2.9827788973054966e-05,0.00016268326802865456
250,fb27bd593222f42b4dad5286dcb9be4b74f34273,2.750043079294546e-05,3.0289964181267552e-05,0.0001625032409241325
251,bd178b3836e62064bd894a8a2b4c9f0ea71452ac,2.8708927392801073e-05,3.194503395496744e-05,0.00016490374936869268
252,136185cee387e0e3638abf38b4faf9b0f0cfadd7,2.719925005157389e-05,3.0924067455693826e-05,0.00016382837815112188
253,76e80b35bcf279f7837b999cc8c7d6dd2d0a3402,2.6799190128522534e-05,2.963577528410972e-05,0.00016323950043634365
254,32f1359fc2d11014b240dee2270acea1784a34bb,2.7727851372621857e-05,3.073252628913079e-05,0.00016351529446087385
255,854f95a25d702bcc3b1373defa9ba70de9ce32b8,2.806696832535704e-05,3.149594357680707e-05,0.00017632849171365564
256,9bbb13b81d842dafe8ea4e03dff9b9b6c021fd71,2.678950312570553e-05,2.9750159368492088e-05,0.0001618972685384123
257,ac26202be0fee25871845e2fb479bf0b09be2b3e,2.6582167301253943e-05,2.9230557658986463e-05,0.0001621847408578584
258,04934769d5d667404dd311256632618a13625e91,2.7625938543142415e-05,3.0450790687846734e-05,0.00016379465447052528
259,6c44128939d0bcf60bc1b89a5c761b2ecabfdd3c,2.816860919426146e-05,3.120383146975995e-05,0.00016514733923893228
260,84626f2cdf1e14fcd5acfad5169afbe6830a0bed,2.7648565470793166e-05,3.0447359026317866e-05,0.00016479553213637126
261,395b754902c6a31ee34d4a985bf612d712c25b08,2.7815678965319233e-05,3.0387930367907432e-05,0.0001633922373385806
262,0645461254a2110438b6df63ef193c1138c306ec,2.7861307040812114e-05,3.095301134245737e-05,0.0001645047062387069
263,c0043831c46ec07fdc34999d664af654ada0825f,2.682745223864913e-05,2.971204293150735e-05,0.0001620818542218522
264,444bbc9a787ab1d8a487085e75772db210a77699,2.7710166236515517e-05,3.069593379697041e-05,0.0001627730998734478
265,ba1fdc94b0d7358c993361bdd73feca09d38171c,2.7596469560660528e-05,3.1071215787614205e-05,0.00016320368434351524
266,d483de0f32baec73b0856230dd35f08373ecbb85,2.7733314982469893e-05,3.136977793369976e-05,0.00016476834188276706
267,043a0421504396fa7ab0f27d66f8bb5ea539606a,2.7530750007919813e-05,3.0409391057630742e-05,0.0001627925250431872
268,56388f8f582b7800bc3af84958e2d1b0eae1bc05,2.678232337543637e-05,2.977399311599914e-05,0.00016309915008605458
269,119a0330c9cbeb13fbf8801b4f5d956659ff92cc,2.8297080566598664e-05,3.0879455714187185e-05,0.00016658268424706827
270,788976979452a2d0758040c3c79b9bcf9c78b7c7,2.834614770579842e-05,3.130175940948876e-05,0.00016319005007972012
271,1245f9da021d65789a3332f0e046ca30d518e9c8,2.831586788455507e-05,3.0762664325701506e-05,0.00016708171077832383
272,ca39060bd4f98657139f782ff9c02a1f095ed3dc,2.751148085921233e-05,3.0391129565057936e-05,0.00016376744970330036
273,7b2b9f53503eba60da8eb6e3646cf3b9ab342b61,2.7963358419888973e-05,3.1109033275269126e-05,0.0001628043995879125
274,d8e0863c76c23964974c454e043d6f9e0c9d29be,2.856740809450283e-05,3.12020893558264e-05,0.0001635667504160665
275,fcba5a6c901717110b9767b418df410d7c8c6e73,2.8482565390638627e-05,3.13984706715613e-05,0.00016888550017029046
276,bb100bcc3b4975819c9140003463f39b7d8e255e,2.7572761985628166e-05,3.074470339020672e-05,0.00016371077435906045
277,ab5dc576c1ab55e2a2ebd7efd5e125fac3e84879,2.7624647220807047e-05,3.0424779817456677e-05,0.00016368617507396267
278,2dcbc560320cb70c2664ed442b9083f80b23840b,2.804318894546606e-05,3.1352807496632664e-05,0.0001722631315810998
279,bffc8b422d7741ae47d0c5604bda475d3c92aad6,2.777481102842955e-05,3.078042834786583e-05,0.00016311126359811937
280,723a92e463112b1163e5adb071644506a24027f4,2.758465536617975e-05,3.0371267635467083e-05,0.00016384139962610789
281,a8a3fdeec2c19a1ec776c3a33062502962e09cce,2.6762918633336486e-05,2.9761839282010113e-05,0.00016199957462958992
282,9563a3a63fd3dfb3b687fbabad134b5ded72bd46,2.6866410660763123e-05,3.0088795935862684e-05,0.00016250468386141091
283,3cd6c57ffc80fa88a3c4c268f53d8d08d37e3fe5,2.859445725184011e-05,3.176014152682416e-05,0.0001647823404422716
284,ab22e0076608f4825bf9a3ca1b6a0a6a7a670d14,2.7934251239714333e-05,3.1124068217733026e-05,0.00016398035077145324
285,c5b2676a5cc32b316a76d4ad636b6b3109f09c2e,2.6861535924680457e-05,2.969107413325569e-05,0.000162431236515802
286,b10ee24730097204b72c12bcbb74555083e9b54b,2.8320208250528204e-05,3.1030838560712126e-05,0.00016448577516712246
287,08f9eeb4a39761131af059b944225874835e94b0,2.832663254570458e-05,3.081441260087238e-05,0.0001637547102291137
288,9c43c1f8d06b69715f03646cc26546f3bf4bc71f,2.800553613138318e-05,3.124286130950867e-05,0.00016541607941402808
289,43683b3256a86659f230dcadbcde1f8020398bfa,2.719041713315182e-05,3.0265104753360692e-05,0.00016273636873321315
290,8829b807a841911ce18e79b308fee9fb92fb91b6,2.6935673733045426e-05,3.0286965626176476e-05,0.0001628403153613602
291,5c3762157a0cd7a6a036a2144a5fbfc5278a919d,2.7541939664679843e-05,3.0578946658106665e-05,0.00016301734323956465
292,8fa7f5949fb2452715a03d26bf83f85d418dd55b,2.7686685712358726e-05,3.0299636030880113e-05,0.00016367036579666952
293,3052bbcf1ec4de331154f920dd9bba0bbc200b95,2.721446609465326e-05,3.081687379943467e-05,0.00016283407795095913
294,5b5c15e3096f0f040a70040dc006fa23fec371d0,2.8452024869280366e-05,3.170847078534769e-05,0.00016551289254015212
295,0fe3a700a559d6bdf05d7aed95528290d3aaa698,2.69168118789497e-05,2.9915858607047813e-05,0.00016385152641879887
296,9bc70e740253b4314ccce42bcd29c8f24875d704,2.699129619932182e-05,2.997050006073755e-05,0.00016405029026301285
297,d3cbba2ee0ad9909a3fa2f33b23aeb94785fd37d,2.683187597555872e-05,3.0420409651317944e-05,0.0001708872089358537
298,9b7a4c97491c53e9f0602699facadad26605752f,2.8380316942204516e-05,3.153325892714838e-05,0.00016651445031656245
299,3eefc256a7d87fdab7aac059b61f7deb2834d517,2.8247656686704393e-05,3.190921106370401e-05,0.00016625663020501013
300,c96717f9fa0e9efe506ad4eeebf36f5a8b27bd80,2.7193483692826703e-05,3.057362406816281e-05,0.00016273731537359327
301,1a12887866d06bd8b24d07f7109cb08e7e82e12d,2.743916213980422e-05,3.0635692850379636e-05,0.00016521313227713108
302,9dca4085c724b3e62d54dee33e42ebdba3bb975c,2.7885766646180016e-05,3.1949170694331555e-05,0.00018257291766961937
303,4c83c0444c68b89b051f7ef8d8eb1a2276439d78,2.8080470260435358e-05,3.161458813348473e-05,0.00016382163218957811
304,d62b0ee88b20e5946fe49f0ba533b3e547e4d4f1,2.932135559827647e-05,3.2946457932086056e-05,0.00016594081688182136
305,8b15e57718042c75af22a25a7d604fa0f938f16e,2.779541410755065e-05,3.056630670140625e-05,0.00016354023797535583
306,f8c608cc7a8abcfaea1cd655ddaab47065c5b1e5,2.6692804637166e-05,2.9676973873610832e-05,0.0001634355254569336
307,7f7d14a2b6e1078af25233bbdbc5d8533529fad8,2.815882057453004e-05,3.103648566691908e-05,0.00016599355302260896
308,b219f69db011a89e6c514ee487dc437f607c4d94,2.820135797530374e-05,3.080060161826305e-05,0.00016519142081961036
309,93d3e7c247b66ec54d1095df30e99a95b4af9c72,2.71336158464958e-05,2.9984514910951662e-05,0.000162804444124432
310,49d62f84df0a82b10b3623024ca66b1f09958072,2.7490691858052154e-05,3.0152680152017808e-05,0.00016347118530814583
311,43f80863ba2994a186293d86d516204ef38b0043,2.772821223034578e-05,3.0636342084953486e-05,0.0001635734653590541
312,2351cf4976b940eda199f9a17a12bd170d9b326e,2.698768993816626e-05,2.964892958449881e-05,0.00016273512799096733
313,ae7f9a2cb71cccc9d49cd343e238464107397814,2.7402033884599417e-05,3.07785629826997e-05,0.00016387007934482475
314,4403503b501a46e4eeb9f23e010e913ac5bd7a95,2.7682432074992765e-05,3.094220235734508e-05,0.0001689846578397249
315,5f071c67660dd3eedd6eddb39681cd2943166e68,2.7499838270022904e-05,3.039383804192118e-05,0.0001633037126770145
316,cfee2df31bdc127c345894aee594cbcbb8cddd0e,2.796278237941262e-05,3.1249593012034895e-05,0.00016827605003000875
317,e77b53a880edf16808488084c67ef090c69b3258,2.7168404776602984e-05,3.0134349700083825e-05,0.00016418955362352885
318,a20eca25e9b492efedafea4b7c5d84692d869f7e,2.8147584828129158e-05,3.132140169706131e-05,0.00016423841742308517
319,cb5507025e470ddf485bdaa115ffff07ffd0076b,2.6925121793490753e-05,3.035090824899574e-05,0.00016336135051556324
320,0ffaaf8cff4855f4127ae6025ec271bfe9c8666f,2.6682501413000265e-05,2.9631944617919497e-05,0.000163766629013576
321,509b5ae4a7bb3c99324fd302ead1bbf4b130c741,2.7447972095952992e-05,3.085475362522501e-05,0.0001647283421143105
322,3dca0c71d1446f4730c2b72d67719467a5ce528e,2.6895074851756147e-05,3.0132547807192704e-05,0.00016207742431250058
323,4e61c8958beaac5a276cabe30f98721ec50734b8,2.7870820433344182e-05,3.081390168517828e-05,0.00016398262845254257
324,08edcad74d32d89f6b60cab43d61e58773e2e761,2.7513249931709456e-05,3.012221450541262e-05,0.0001647918191003172
325,4a4ca3946510a5f6d888d48d185d3b5d3532d03c,2.8244822215366893e-05,3.1208860669178006e-05,0.00016624392255356436
326,0dfbc057a58f4992843b78847115225019e9d573,2.7255562164279587e-05,3.0202315759089184e-05,0.00016533076076915388
327,c2313555d7d202e732872e9a55d717d368004aa1,2.8044728609803382e-05,3.102139470034412e-05,0.00016555047324417452
328,a64510672cfe7a6cc67a04b8f3bf1d47a938c353,2.7816135806437486e-05,3.073753556236625e-05,0.00016338257486686895
329,5d24993c2def9e3a368e29ee64a0d29f110d1657,2.6373090628381213e-05,2.9325707588916416e-05,0.0001617962077848221
330,360ba0572483457837992d711a0a00580741fc88,2.787714163217731e-05,3.068701122694836e-05,0.00016415721467254976
331,5da4a8e1835a11d5a03b715e9c0afe3bb96c883b,2.6817900324849183e-05,3.0034575958263908e-05,0.0001634091849585897
332,2884e617b2d93010707525071c4308c3356fb8cc,2.7405023785429687e-05,3.0170121042894265e-05,0.00016292889210346498
333,8fee756d8c9d2f5fe211fd9feb999c0da8a89821,2.768380827058459e-05,3.0805049887435004e-05,0.00016396795399487019
334,b88b2c0c19851810d4ee07f03a7734b6e19dbdaa,2.6611646284683817e-05,2.9466214903589822e-05,0.00016291657658784012
335,ab24dc6130d834fda0744c193f002b3a5f671a90,2.771337640938591e-05,3.065288283637371e-05,0.00016340667283848713
336,e0ffe3572b37190d9da5b1d07057e4e038bd3197,2.758107884615964e-05,3.0402356470134895e-05,0.0001637834663453855
337,950c6340164ef502c032d11f50130e4bd270c875,2.7053949876976798e-05,3.0625342790569576e-05,0.00016317762875635373
338,097888c917d75fa85788ce7b4edaa98b2bdc6ad1,2.7522525114133537e-05,3.052791292789612e-05,0.00016391815274561708
339,1713503b4117550152ca47feee651e67275f3557,2.6572524232095948e-05,2.9526495903186247e-05,0.0001626215924165751
340,269f2f2d30a2c6ef3c435386aa392b5b1715c662,2.7000757185115185e-05,3.00728849547564e-05,0.00016169214474135324
341,a0f9f503f2dbc9492e7cc20b52623993ced6214a,2.7401610360535352e-05,3.016711960891994e-05,0.00016247205387212728
342,f09166e85cea7c1639fbb1054171699394ecb62d,2.662984131858116e-05,2.980100715616613e-05,0.00016310208133961027
343,94b347e867759325d8586ad3d1c3e01c590d83c1,2.7910843103503186e-05,3.132274100925167e-05,0.0001639689343344224
344,c0628451db9c87ff0b11f07e68e3d30a954f1ada,2.6255386041068448e-05,2.9657499849676126e-05,0.00016233463477539388
345,98dddf908dcdae90930e09c40bc92135bd4407eb,2.6667568023379855e-05,2.948336534161496e-05,0.00016240199635687627
346,918ed48eeffaf26b6ebc0d9a1296d756a349bc7d,2.6697110232555924e-05,2.9907063929327967e-05,0.00016312400418284692
347,520b7d12256fcfcb6a2b3791f8d1bd3794302af6,2.7201982961043303e-05,3.009719383326798e-05,0.0001633922986098026
348,7571d4ad2ca1be26a76c153431c937dbe24490bc,2.7111700348703576e-05,2.9868077960048542e-05,0.0001625274675653169
349,e38a64fd8d78d838f950db685a16337aa78f9940,2.6986675673917907e-05,2.986135895114616e-05,0.00016211628864862417
350,44f8f9d6a73920eeb04ca577267b68b90cef6e3f,2.749875875222743e-05,3.060035827294202e-05,0.0001639999988439836
351,ba77419b101535e8ec14192c35b924b32b6a31bc,2.7252831461633704e-05,3.085816590359284e-05,0.00016469307439891914
352,24a470494ebf452931ae9b7bf94689dfcca1fff0,2.799627896493826e-05,3.097763479844718e-05,0.00016427753297121902
353,30cc38701d010d1cc053ddb9856b2d522c33c0f3,2.7816180134967007e-05,3.101913754049449e-05,0.00016560677537008335
354,d4ba8edb36eb8f272274d835294533eb00b0e57a,2.7485414757393298e-05,3.068573538141732e-05,0.00016294644018144985
355,af4b110273346e5969fba04365bc477747529fe2,2.6910200323408565e-05,3.00754768343274e-05,0.00016571603421317903
356,b66d03dfc4958d159c5dc3ddc9075f8bcc47f9c5,2.6393513418916684e-05,2.9250269635226526e-05,0.00016186469675678956
357,4635c9966f9f9a1bbb775fafc4096fddee8160dd,2.7921371003924115e-05,3.15380754975856e-05,0.00016426206811478262
358,220ae326b8cc407f3e4fa3c5d243c71a84749605,2.664938755824887e-05,3.0238274095740826e-05,0.0001625149559817816
359,8d161acfdcaaa5f09efa7c2f675e74631da6b293,2.6804764943147517e-05,2.9370351882797045e-05,0.0001621086542543612
360,f4aadabcc0e1968f3b309642af52ef11ae77ca01,2.7518392053579315e-05,3.063046678606063e-05,0.00016341028784058596
361,c2b9d20cd6a8d28785972bd883f11d1a7fc3a8fa,2.6839654097651563e-05,3.0227698103970838e-05,0.0001629254976777654
362,8988d371ba3652daf991169750e48b01aa16240c,2.7186288736820864e-05,3.0412316037755874e-05,0.00016335890579380487
363,f1f8455865786829edb1191dcaa8b9a46c036106,2.709655530251581e-05,2.9820286565356787e-05,0.00016553920546644613
364,68b06ce36f7d9201481b73c150e2ccb3b5aa9540,2.6887039524862673e-05,2.979145847094922e-05,0.00016207176897870866
365,d0a457f2d16b64373e689c78d53f835844d5b432,2.6836544526992617e-05,2.9975412357801005e-05,0.00016702334151456232
366,1e4c12dcacca05adc999c8f74608c002f1c2896e,2.657429267389652e-05,2.9412221305620445e-05,0.0001623351494536588
367,76930e7d0c22e227c9ff9249a90a6254c5a6b547,2.6747725312378507e-05,2.9557282530692636e-05,0.00016168028263277128
368,c924809ce02135db2349187ca94e5a985840bb96,2.6423063979524635e-05,2.946246978208463e-05,0.00016209026798605917
369,ada944199d09c0e64dbd9282e31ec7e766d847f4,2.6583600507369707e-05,2.9406248102964195e-05,0.00016192052709428886
370,d3cffdc67589a8189e5aa490a21bae4228fb3d96,2.6421221494312126e-05,2.9740935072839427e-05,0.0001619876926078608
371,c1e3b726c0ea767e38b5cec3966c5b434e62f215,2.6670905062928798e-05,3.0081225717863575e-05,0.00016216203374297996
372,33dc7bea24f1ab6c47047b49521e732caeb485d5,2.662748518604331e-05,2.986875630608977e-05,0.00016235273429437687
373,c310f75c59fb5cfa2fcb58922db5cc78a304d447,2.68348396537983e-05,3.0012695052625376e-05,0.0001694938462031515
374,03692a740083a7ab54cd09a7c564cd1bbbe5c067,2.7506191288109434e-05,3.0453704481183643e-05,0.00016428750792616293
375,e1f168276986395fbd6fe3e6305ae82d88b81a12,2.700311539518596e-05,3.0158593570097135e-05,0.00016498232358380367
376,e481e39350847af034bbab8e1237ef0085714886,2.678733637284993e-05,2.993869312693564e-05,0.00016244982467278053
377,4ec84c5ee225e43ca27930944f74ccc04df39115,2.6341023980281672e-05,2.9072757920807585e-05,0.0001614607600985389
378,8b6717eda19732e93d5d0802f68005b585e7c6b3,2.6433054562203767e-05,2.937986091221118e-05,0.0001617490289438712
379,266a6cfdf47b7065ac2c0ebc660488cdb596cdcb,2.669822996715656e-05,2.9688007616988645e-05,0.00016175649177871252
380,4950fd10e678faea859fc8d8bd5d7ea9df2007b1,2.7060211708484438e-05,3.0072215142556364e-05,0.0001636727982641835
381,92bf2f6d81252f97a7acc69fcc016636b29d1277,2.68556246263975e-05,3.0218532527458736e-05,0.00016139234465203787
382,e538e11d2b0acd93f5ce74fb3c6a0e25a4aa3ef8,2.5846239958055795e-05,2.8822460882766273e-05,0.00016661828972007098
383,b1862a3006a354be01b860a1a23f100e6401dd1e,2.7070742772710055e-05,3.022615090941293e-05,0.00016123540454397077
384,0b311f4f6c5208946f72d022a97c818c58178b52,2.6813112084328393e-05,2.9609702434648768e-05,0.0001611089407417335
385,45840adcf20eabc665d2fc17f28bf93e75bdf20a,2.587695295612017e-05,2.855620969492023e-05,0.00016079332042289406
386,1de46fe2feee9d3c500a83331ac9b75af5aef947,2.7266646161524934e-05,3.021757358329118e-05,0.00016342673303657457
387,643bc75dc8537de3722de745752a1eaa065cf4bd,2.6599068936919518e-05,2.9700706687031522e-05,0.0001617645918342628
388,90bcdead2c29f535f4140782610dde10ddd38592,2.652117570619618e-05,2.9438972548657173e-05,0.00016140208677633812
389,7a505741392ee24cb85ee096eec3b3e4a624ac15,2.625906656421449e-05,2.8900296437164777e-05,0.00016069408555171991
390,953757c691b0ffa5c4e0e0f58fd40de6ae983d52,2.6533029201190645e-05,2.933340147137642e-05,0.00016197173758164833
391,a3c09377e80a37deedc486ec30a7e852b7a8e564,2.5927558687300976e-05,2.909117894297516e-05,0.00016100004952596992
392,905075211bb0bae80cb7f837419180f25a253dd5,2.6542771553253603e-05,2.9788931117278258e-05,0.0001761636843806819
393,b01a4732cedf8ffe6def3a877e22dacacc796bd5,2.718233765482004e-05,3.069628022213498e-05,0.0001634121627399796
394,4d290795d4e8c60053eb789acf173159dc4c1575,2.76044753301113e-05,3.081051325760885e-05,0.0001677092360822778
395,bffb00600e686d7d321d5b7529390201382c41b7,2.7162574268692168e-05,3.0465250424409315e-05,0.0001629021778506668
396,fb5aa9dbadfb216ee75e76ca3c7e3bae204eaa20,2.7256150071213883e-05,3.030328452587128e-05,0.0001735038393618245
397,695eb87f10af2d012937492d4943b59b57cdbfaf,2.7220401680096984e-05,3.0243099332478385e-05,0.00016272941751307562
398,b6f8b211d79327948d2c6972a62e0700975d613b,2.6450534670741535e-05,2.9379278547256378e-05,0.00016491492523958807
399,26f8b11b6e5529789d8e8f6c677ac02432d84f59,2.598771532280393e-05,2.9007122805219212e-05,0.00016112168515591244
400,91d9bbebc159ada6cccd0e1fcec1926e26b19c6f,2.645237641040199e-05,2.9215819416490286e-05,0.00017146548877159754
401,9e26d1d2be7a961a16f8fa9ff7820c33b25415e2,2.7097842314898377e-05,3.0072124706309162e-05,0.00016373839523447186
402,78a58c3d5b9b5fb5d7def57bc5b026e539744910,2.712550866157573e-05,3.0230733373478136e-05,0.00016342657373139734
403,ba596df4cc23445a117c3785239a75a3cab6b2f2,2.674578854456145e-05,2.967711236025836e-05,0.00016185604526024116
404,cfb6a4d88d88307d507a86d1d70cd7d84c611406,2.7235461554179587e-05,3.0572077644614254e-05,0.00016260512271209766
405,f1e479659566ab798bec511c97d32b0ab8b645c9,2.6986414004591042e-05,3.010082294681942e-05,0.00016390554312812656
406,779613108f2d7a138bf20c8e6c82d9f98e2cde74,2.6623764545610637e-05,2.986261784866616e-05,0.00016194890792432584
407,fd1b878b62469cc9cdcb80e66bdec9d2949d8133,2.768743759045353e-05,3.078642168215343e-05,0.00016598628931923916
408,7a42940e610b77cee2f98eb88aed5e66ef6d8c2a,2.6957334635491988e-05,2.9959275687490004e-05,0.00016315751954128866
409,8e956b4f613d1a7332f0a07f53afe0855ca59f83,2.7111637650895178e-05,2.9951085560231902e-05,0.0001628252579585502
410,eff302e5e8678fa17fb3d8156d49eb585b0876d9,2.7076375141889605e-05,3.0005910296247087e-05,0.00019076751777902246
411,e3722cea8adb7b66084a7edbc6afb978c5521c16,2.6891933535771476e-05,2.9793073126411702e-05,0.00016243417600267813
412,1d2eb4b33d115b88681a3225172a5bf8629c6211,2.6757468119042344e-05,2.9830463638860882e-05,0.00016210588479512617
413,30114c3b34feef351143fd4676839eaab93af931,2.689285249244876e-05,2.9211090276798897e-05,0.00016278151030603208
414,e4feb7027e397925d220a10dd58b581b87ca1fec,2.6399884916787602e-05,2.9564662427119502e-05,0.00016627995003210873
415,de3fcf1473c7a13da1f8f643f6bf33c0c306f73d,2.731921021543925e-05,3.028192642529255e-05,0.0001635034323522919
416,995ea11dc9fcf746f52c0e942cd1cf1b3a5c1a03,2.7624000568905144e-05,3.0540597758122855e-05,0.00016397098079323769
417,23d0c17dec171c2d7c21bb40be773aa809ea2685,2.655521285061429e-05,2.9228745043520034e-05,0.0001614041332351534
418,1342aaa49d9544029f1ff1e56b404adfa1bef468,2.677014458980133e-05,2.9489096692379782e-05,0.00016351946090397082
419,74e135b261e4613963cc50ddb97ac2edbd5936ba,2.6759543214683178e-05,2.971953217237777e-05,0.00016138268830744843
420,812b696bc47cf1fc71719758aba43e4be4f6a512,2.7828852240091715e-05,3.114633860108866e-05,0.0001632241336138625
421,c9f9081fd7156e351f7a30d8e3b75968cc5503c4,2.7247617985285705e-05,3.01432782705401e-05,0.00016363156273176794
422,ebe111e30186fe24473b854db789172c11c67d4c,2.750730958057217e-05,3.023332666972993e-05,0.0001641779549812016
423,3fc052fc6e64c6306974d4606551cc9b4711039f,2.565869196717228e-05,2.8837686283634856e-05,0.0001606442965567112
424,8e038f4a930c0c899e599ee58a56391e026a608f,2.6519506150455222e-05,2.9546304102070997e-05,0.00016165171798906828
425,b6391657bcbaebf9b917ae2f4472ba9c8e872cba,2.575296107769588e-05,2.886427387117065e-05,0.00016325101942608232
426,c4693fe6f291ff142f6729ba1d3d6baa1b968b38,2.6604088366423782e-05,2.9468198159807607e-05,0.00017481265393526932
427,d7a75e8e8fefc433cf6e5305807d5f3180954273,2.6794213753862258e-05,2.9815630430517636e-05,0.00016384194359967585
428,d714c8244011a01dfb6f6f453da132a9b10fd935,2.6597377533713977e-05,2.978391798177597e-05,0.00016822349770288718
429,5b63f260933672b7182daf4fb15ffcd15bae68bf,2.614644810903904e-05,2.9051484798946562e-05,0.00016097418081603552
430,bac54ecb0b815eea2e8116d21aa96e1387793468,2.6084258336655415e-05,2.926499125812035e-05,0.00016118600768478294
431,80354c5fd729ef3bbcbfc41a661fd0cfb0f4a107,2.617691982609844e-05,2.9153879241723763e-05,0.0001626126958351386
432,b2f29f2751a8c9fcd83bb106d5e020d1901377d6,2.710731356696348e-05,2.9926071238648045e-05,0.00016418182732243287
433,dc3fe03617103814d56941b74f4ebbf9b33cf3b2,2.6392315446240147e-05,2.9413937280575436e-05,0.00016176051117087667
434,3095b43db1831d876915bb581078e8d11c9febfb,2.6869084550081376e-05,2.9942347644763405e-05,0.00016214857858262564
435,811f9eea3b105919846760a6eca4edd22cc11c1d,2.6292414528477853e-05,2.9877857762695736e-05,0.00016245299852208088
436,f7bc512184a1de3992b0d154e6244a7a0d9a574f,2.657233819584636e-05,2.956430528413605e-05,0.00016939068997376844
437,e0af5e076a1bb8f378b73ed622240170d06a16fd,2.6187754089110774e-05,2.916326888453733e-05,0.00016107491070502684
438,b34df2990805634bed20d41b8e314cd0a796bffe,2.6851968141272663e-05,2.973896780759511e-05,0.00016434453917961374
439,11cba18268c04d43a56cca3635e49fce1e3a759e,2.7994274558213255e-05,3.045196290654333e-05,0.00016609464134824902
440,ab12dc87f4717fc0fdeca314cd32cd5924928595,2.6751264858131224e-05,2.99169949881018e-05,0.0001693763034908395
441,e3f288ed51e292af99368eae2d5725772666d923,2.678811354540413e-05,2.9981881882141866e-05,0.0001657422582962011
442,557ed6af978a2816b1c7c0e785c5cae6b7c92504,2.7041633017451805e-05,2.958492934703827e-05,0.000167666836396644
443,e393b066cbf09d982c44063e051341dd061a1b82,2.7059281985926372e-05,2.951079177637191e-05,0.00016192270834979256
444,3b39031332a5581ed7b95ea41f66c5f8149cfbbe,2.6394195791675846e-05,2.9532285022341518e-05,0.00016179835227759262
445,08d7e1163a70224b448469e072981b7347ed179d,2.7728739970268842e-05,3.0133270219052108e-05,0.00016228626727273588
446,85df388d344f4ebd70921dca0bc723770e05a37b,2.6888507372681416e-05,3.0075063482976294e-05,0.00016320072800705306
447,073b9b9435b1bcabc0d7641fd7c9d9f5333a578e,2.6082968416744455e-05,2.9316760815125854e-05,0.0001652481916703676
448,cd50d88237a95eed03536b18eb1faf60885233ee,2.6284882767220672e-05,2.9628430608629193e-05,0.0001618605303136926
449,2e5502ecaab235d9a1b5e4ae341a86714f981355,2.637829351944727e-05,2.9436998921074487e-05,0.00016144878770175735
450,098a3b417dbb3c620e423e29f194585b68882d5e,2.626385027319906e-05,2.923239324543927e-05,0.00016529929186952743
451,1c9bd177c44fa9c4914b3e8d6be7aee62a0f601f,2.6358836835407346e-05,2.9426594092338173e-05,0.00016141940202367931
452,ce82028409c1147a6df62d8f7437e0a9262ee2b7,2.71936403633795e-05,3.030565281154057e-05,0.0001627465612009952
453,caa27a907ed9dc65ace7c1a14954ae6b75b086d8,2.686884045712094e-05,2.9633785072026504e-05,0.0001620883612256301
454,f5f845b7bd0b737740e419826698ab4a9e61564d,2.780437036094689e-05,3.2955207003478234e-05,0.00018940008196391558
455,9c28deb7d838b6e0c171d54bb6a2a8e5498c9a5c,2.6133725497061002e-05,2.9760861432569177e-05,0.00016215718106219644
456,7d0430be0712f0a02102c8637da7741eb3b948bb,2.721380699136502e-05,3.076137738748336e-05,0.0001628218267701174
457,a31071b0b4c8a6f5cb5999b6e04f5ba6057fd546,2.618397023610789e-05,2.9339751849571863e-05,0.0001616046616905614
458,7f6895cd7eaf814d99ca7438857b17d95a21a2a0,2.6294631065755356e-05,2.9434393836210853e-05,0.00016135430747741148
459,43c73d4871e78a857470b799e9f481b78e9b1d1d,2.7013900370209244e-05,3.02058890892947e-05,0.00016193300191509098
460,504fd7b2eedb90dd3aa0b326ac8c3120118b5f2d,2.6734362486839873e-05,3.0021890115854135e-05,0.00016386495707066437
461,eb66994093be5b57324580cf389b0ec1b41e9e1f,2.6743039854914316e-05,2.9788490333785747e-05,0.0001626016915236649
462,8bb6d8245e813d6ee026ac90310d19f3d10edf5d,2.6915333333145597e-05,2.9329072315504845e-05,0.00016163007699345288
463,a481a044c8cbd679ca736341056314ffd71d54a4,2.6181197714015663e-05,2.9263800049927784e-05,0.00016109890451556757
464,717df4e93234a1a290aa1b472b5c1c4e600009cd,2.6300590725963197e-05,2.9912379292724525e-05,0.00016227484631695246
465,610433b03ef720c8bec7dbf7573a6abe4f913031,2.673279160779773e-05,3.0083594563072675e-05,0.000163666364785872
466,1b8b46b3f2f68f5be8e52e798eb91c2ac5952745,2.704495423349085e-05,3.0085055105802084e-05,0.00016317727338326603
467,31647f1b3e56c2f2a471cd2c3a583311534173f8,2.548462566985211e-05,2.859220051615642e-05,0.00016101792846855365
468,d4f7d9e215773e979eb43a1e5a3cbb51f96bd09d,2.6915645101421194e-05,2.9916236515290693e-05,0.00016166167333722114
469,555b3d8e10745bed72e25e70465ac447009fa8d2,2.7110043303028823e-05,3.0089315579651478e-05,0.00016269149062664886
470,72a8368962fd1365d480a88a1c84a1aae243dd6a,2.7395993395312747e-05,3.031846447160317e-05,0.00016533240283790387
471,0f63c5ef0e9789fd18a676a750c43d3d69211324,2.775352467280215e-05,3.05357455675091e-05,0.00016243868556461836
472,c4ae3ce646c4dd9a12669b379a40287e3c5955bd,2.7190662227833092e-05,3.0205957591533662e-05,0.00016552195149032692
473,444f696f69c98208aab00ecbcec7dfd1689da9fb,2.693131992078208e-05,2.9916730417542628e-05,0.00016271367080901796
474,da887a666ad975ece7fb7465005aa99c0ddef8d2,2.684563268624728e-05,2.9946731116909246e-05,0.00016184685457693905
475,10eeabee267e17c042bd1ff991823b16c85ed563,2.8454945508263557e-05,3.174015299304028e-05,0.00016407705353278863
476,5363cfa7d07641e84fbb5f21a217018c9b55b2fa,2.738154958933592e-05,3.0648621769858075e-05,0.00016354215576460486
477,73fe877ff967f279d470b81ad447b9f3056c1335,2.6794394885945084e-05,3.001670182872844e-05,0.00016369722097327833
478,3dbf5ce5fdbc996e8abb6929a219689cf8c18e69,2.7325273439962062e-05,3.0399195905496826e-05,0.00016281479283383017
479,2facd1966c379d20a9b15a62a054ee77f74613bb,2.6955161280837144e-05,3.015634169857898e-05,0.00016346632650024012
480,fde2e536a1c1a1ba90727958f0b6da34fa53db1f,2.720614429563284e-05,3.0466189639548123e-05,0.00016354615064828018
481,49e026df832a691638786774708c8ccece6e41c1,2.631684991268857e-05,2.939084438773675e-05,0.000164132124107135
482,e4c78e3c0c06576be6cb12354730018b765c627a,2.714868151321816e-05,3.018303544764478e-05,0.0001694934132198493
483,09d5b2f8ad8a04eed93b6bc4789c4595bd33c2f2,2.7209221237627627e-05,3.0363149694110972e-05,0.00016505521182951172
484,a190258d4e90f2a17a9469e5dd9fb5f4b045aa90,2.6850191239927176e-05,2.971143671895136e-05,0.0001630241443452082
485,d0f19a2d633b12119909b7c9205a8c8932ebbd51,2.6289144695374164e-05,2.942465225641297e-05,0.00016141805405679502
486,e745a19cb0ea9af0fd252a4625ec793130f87414,2.6637763199903587e-05,2.9743217128980126e-05,0.00016190966983374797
487,662f973ba58563b268d009e67806aa1150ca1cb2,2.6178162633663134e-05,2.8922202472256197e-05,0.00016113417223095894
488,9054ae60ee6989743f3cebfd7faf4f38c0e24756,2.655975571326395e-05,2.9390377631364775e-05,0.00016342880400387863
489,5c7002926ec8ad12785b36024f9da80b7017ad1c,2.663913136809179e-05,2.9507380857215666e-05,0.00016137464952312017
490,bf4ac1f81defc727165da4ae5bfea198c75e82f7,2.6815228726161946e-05,3.0167878172191735e-05,0.00016228293411825833
491,59a2c17a7851b4cd88d2631654d5fe5d50f0ba11,2.773820232474835e-05,3.141768637203401e-05,0.00017145278656648265
492,2908338b19c26c043eab61c2af7bdff96b02b1bc,2.7515079136602677e-05,3.0213654760948636e-05,0.0001692407402313418
493,af8e67c4fd368bae710b01f32611b10dfab02b61,2.6702956002761217e-05,2.9328147953926387e-05,0.00016277369209810307
494,da54e54cb7dac1c745bc2378769d192eb0dded5b,2.685424112217519e-05,2.991351926618296e-05,0.00016834182468684097
495,9c63473c30b773dcab7adf699e1bd5dfcbb46e9b,2.7384002002614055e-05,3.068670862640701e-05,0.000169100926110619
496,cafda248a5856a6424324929c1708ea8048d89d6,2.6857289854827745e-05,2.996760749966321e-05,0.0001681912172999647
497,a56fe3b1b3fd358329736dee1edb0ad24eadfce6,2.666652037851348e-05,2.9886084975618303e-05,0.00016243564651200647
498,09416c2934a5f592970e1d97c0298924eed009f6,2.676939300300148e-05,2.9866790605915918e-05,0.00016216379835417395
499,efaf210f7128f32e6d3d193f79ccc6b43ff8c006,2.74789454966094e-05,3.039266752160114e-05,0.00016810501822166971
500,54232c06e1bc9c2ffdea8a3c2f74dd1f6b064878,2.684447340163073e-05,2.989972571051249e-05,0.0001661121159007675
501,f10da39336097fca740dd1c407939eb9c6c4ca3e,2.6396456518147178e-05,2.9478095829078598e-05,0.00016324974498466442
502,72be9ca10b5391fc036c4cd61830e168712b51ea,2.7143405964764793e-05,3.016170184948257e-05,0.0001647956179160821
503,b91f3c00ee113596acd3e508a593187258291f61,2.6713408802570117e-05,2.9741465801098307e-05,0.0001617771279262869
504,33273e4ae770cac1ee0cb304ad5a0056bb59ad56,2.6657021096075217e-05,2.9801330326691918e-05,0.00016283096843644192
505,bec2b07db5c999721d2d2c10334f3afe78aaadd9,2.6413245245303008e-05,2.9512506917240173e-05,0.0001611099333355301
506,bb54de4905b2ff127fc8b907a5c284e0cf9f8d65,2.5218895234919468e-05,2.8598133385891006e-05,0.0001599293349212722
507,2fc0786c175d9dba4526caa425224792d556d116,2.6252709462174347e-05,2.8796099607972796e-05,0.00016423052568968974
508,38ca158ad2c8d07bec2d844686eb993e1ba03f38,2.5746483196861938e-05,2.8649749106200285e-05,0.00016499697966010948
509,d3653bc6be7a655c2322b2d95f6209626e438171,2.6487979858395566e-05,2.8948760267725604e-05,0.0001624655713768382
510,3f04a32ffab73d218ac48f061b7b0d3112b3451c,2.684249114748594e-05,2.9785501639075253e-05,0.0001620529464593059
511,e5875457faf3202c3530f33387341529a2715a7d,2.6140559165582168e-05,2.9234309958947172e-05,0.0001614347688461605
512,04b58d3ffbd2c8d30c36ae6ed6366f1069136c43,2.60484211484686e-05,2.9313315447139484e-05,0.0001612632339330096
513,223ccea5ca2323ea011138a0aeecfe1bf2ce63b4,2.6561445285322018e-05,2.930319947713518e-05,0.00016141898537936963
514,bfc7e4347f9b999712768ef7ca8bb3cd0e17dc63,2.6320085858533803e-05,2.8967536681167052e-05,0.00016084217809532816
515,e2f946aca446d3690e154e191fd22d7002341e57,2.6179262566152944e-05,2.886438990632693e-05,0.0001605379787322722
516,6a9db2e5941bd0b7552103409141d7b5ee9f0d58,2.5964420792705196e-05,2.8858692008350288e-05,0.0001605660164434659
517,d9dee6a6b95c3fea8747e591ef1f44f36445f70c,2.5871222113402415e-05,2.8861790915818814e-05,0.00016194251120874758
518,8e1ca2754ca5bb4fc9613b2c2f8b7ee1db0019e9,2.5928021572968536e-05,2.8660150358468216e-05,0.00016144893475269014
519,c90cb814567b4f798e884b773fe96e42d8aa63de,2.614656847169381e-05,2.931133505520201e-05,0.00016128411516547203
520,af51d6615c37f43b6d842b72a4b02dc14e024f3e,2.5794129615640755e-05,2.8771359414178435e-05,0.00016160265199447935
521,11141c45c21c85eea0ff1bd4054e314163b448d6,2.6843425157905823e-05,2.97716843920785e-05,0.00016206118131154463
522,8ef114b9c98ca5a04b67fb072ff4a0f5a06de894,2.8537934679528434e-05,3.125571778842381e-05,0.00016588725051597546
523,6d47dd75103b1cf90403877c091c1b6b1800c3ff,2.7065926241045145e-05,3.0141408939605935e-05,0.00016324160816638092
524,fd996225c5f712e7fc4e301c6e698a8a10854dd9,2.615668429689086e-05,2.8925426109298987e-05,0.00016128891882927795
525,11a8f8d7dba0eb7b0bc31f74bec659e2e497abfd,2.665288378427058e-05,2.951958837608496e-05,0.00016337554705770393
526,2863c52c9d8e28cd33973e97be492e30c6e1e1eb,2.565592311110824e-05,2.884941099032964e-05,0.0001609620000970991
527,872373b030eb6c181ab7f29c0928ccd8b0f74528,2.632558219207143e-05,2.9174208810383625e-05,0.00016325707302281732
528,7a4e602a1f9e39ec3662e21a12c35c6df0cf9295,2.6641215981162216e-05,2.9561224388566244e-05,0.00016483652258389875
529,b74ee9ff8f0c3be41dfbd1bd5a10f54e67c40f39,2.6834242183853078e-05,2.996394512792156e-05,0.00016370805372533043
530,f42b5a01c8e82dee90d08fd470a16b2fe957fa14,2.6376790041664996e-05,2.8771119182334936e-05,0.00016154750789466657
531,b969f8c9a2178bec235d6c47db3e7cd68c5d39c1,2.6311559070433888e-05,2.9343162643034823e-05,0.00016182891436313326
532,9772bea95f3d079c2b59107ddd9731602b5edde0,2.7160293623879928e-05,3.028240736941217e-05,0.00016164235574634453
533,c922e983b4048a8710871c9394cc5ad6c4a8be2c,2.545121207727106e-05,2.87398463732684e-05,0.00016139129078701923
534,5de64de6dbdf89b1bd8828c59393c4239364755a,2.6220184223479533e-05,2.9081317805807002e-05,0.0001634680420944565
535,11c2c1e4fcd131154d7aaf8bf25bd779bf67ce35,2.7252564040741118e-05,3.007954777511832e-05,0.00016628622420524297
536,48808e1a6a775283b2d482d65f93390ddeb534af,2.656495244941901e-05,2.9596622574002774e-05,0.0001651652059272716
537,4ed05c3143eacd88a88d73e8e31d64578b7a9bfd,2.633044296133205e-05,2.9330503175167438e-05,0.00016365528694893186
538,aca2d10c79c4d86d60eba1111272679471540f57,2.555450715866134e-05,2.8690616427748294e-05,0.00016107665080773205
539,de8bb00dbf007b65095e858ff2490b8df39b9047,2.6811840955604637e-05,3.113388083875179e-05,0.00016304301588158858
540,f55f5d45518c2f83271330041b982e55dcd6bbf9,2.655684947967529e-05,2.9736713630626897e-05,0.00016192998737096786
541,d5b6b41bcff0bd85e34f1f4afb6130fdec72ec7b,2.6204354934773204e-05,2.912769123991543e-05,0.00016115679356612658
542,f103c9e9d5f4af6b7ed5ee93dfe76bcfc36da0d8,2.6896528936645234e-05,2.988619471034822e-05,0.00016178186051547528
543,2d6c55528956e2f9233364657bc865eb57603514,2.6294272300778052e-05,2.9245495249557756e-05,0.00016468488856365805
544,ada2724f71a1ed479fa080f51623f2cc6ba07a46,2.738968267771427e-05,3.076627516612953e-05,0.00016995638401971923
545,ed222954f9595510257e207e6d289f15f100ace0,2.582322170094746e-05,2.8676564724118225e-05,0.00016221301139969575
546,c03d892ece761aa17f7452d78a21c76afd5c6c8a,2.6809795317983746e-05,3.018451884309662e-05,0.00016849301755428314
547,ac7676930a8ea25502c2856fa364c0cef0913ae3,2.706895533847454e-05,3.0174375350415374e-05,0.00016593055701569508
548,5cf29978851d7ca7f81fc5d8f5b5089d22b535c5,2.6759347351996794e-05,2.945490089840576e-05,0.0001624030012049173
549,fd07632dda668ffcc38985576a6595d33edbf03a,2.6361015228749482e-05,2.9344337608293703e-05,0.0001626748003457722
550,b4491833d636344ef295f1609bcf4742c1d94d10,2.5831401277492395e-05,2.8612188226173793e-05,0.0001620135123008176
551,80ffa42124541d5a82f5af67375f14efcf548110,2.61178558192602e-05,2.9204646746317546e-05,0.00016180460194223806
552,78cf92c19a7cfe9a07b970a2156d177a9ba627b0,2.646483107467642e-05,2.9799528419971466e-05,0.00016451283897224228
553,6c141d0663e2d0da30cf601c5726cbc44830d15f,2.6114111775217426e-05,2.9154740253924042e-05,0.00016230781023439609
554,3efd3af3305698e8e0b0efed2ad653eaf1c35b4e,2.6443927973798177e-05,2.946001717310934e-05,0.0001610950321743363
555,fa2b3b83c106d28ef280f271086d47482f21315d,2.70007544064096e-05,3.009489448057056e-05,0.00017149427807644794
556,9f12028b9453c17b72b26355fd503e512af96a5d,2.5769558158658798e-05,2.9102149109045664e-05,0.00016269117201629437
557,d3763198673ffc1092539041b8bd23134ae22bee,2.6469904125905505e-05,2.9303381502952263e-05,0.00016209983119839117
558,0a1bd4ead41b1fdfb53142097b5e08555f280545,2.607418426189078e-05,2.8946036024686486e-05,0.00016151192156892074
559,2f466b31820b6af40c3bc1ca3957682b6f20365a,2.647396858508994e-05,2.9192336224963403e-05,0.00016185567763290907
560,2b7be2005f3d74141f9f8e83be603be0ddbe7046,2.669871065507431e-05,2.9878495851167303e-05,0.0001626990637496898
561,6373ded2ed1403cc3ec40dc5d919b316a1b58e44,2.6579435997132296e-05,2.9359375764442377e-05,0.00016294797196200018
562,43598128a0f452f2d016bcdb9f52d2ca8b148b0c,2.6126551905259992e-05,2.91951551472628e-05,0.00016117311621967114
563,61723384df3678b12a19439d1218f50554e1498d,2.6671092374255234e-05,2.965307538653468e-05,0.00016261637210845947
564,32b564ade7ef22439b5f2b9c11aa4c63f0ecd6fd,2.5726038397584294e-05,2.88376761575802e-05,0.0001608984740941148
565,cba30dbc4012f0968e25d4da3b48f3d9d745aa00,2.7042364740033738e-05,3.010101823343171e-05,0.00016442544170116121
566,40dec6d12d70de265e605046675f2e62f6676344,2.5857139217595642e-05,2.906953737343827e-05,0.00016200238544689983
567,b666225ca3e7a7e2d0121554424b0b39d9412c4f,2.638380928311691e-05,2.914224940586865e-05,0.00016262186200995194
568,8742209a1fbe9f35cdeead79f12e0029d3776992,2.672484570845443e-05,2.986782627351437e-05,0.0001708748284727335
569,3e2406a51845dbefd696d596fd2e0961b92ed09a,2.6054898059213317e-05,2.8979080168416706e-05,0.0001635747520547164
570,95d73525a7e0a42c49cb2bb46e6b701168948e29,2.6072686658127497e-05,2.9199074864861817e-05,0.00016470777949220255
571,ce78e8c55b7729e79f87e4e67b85e9d6f03f001a,2.768523896316839e-05,3.057291026169297e-05,0.00016277219708028592
572,abe26c2e3e3bce8227af75fbaf7ab7e36a9cd1cb,2.6456466145521284e-05,2.957860380411148e-05,0.0001629336590045377
573,8eff1f6a2fed8d9df52750271f4e07dc4ea5e1bf,2.6685856191180555e-05,3.021291077303487e-05,0.00016483963516197706
574,d7d9d7ba33d6486dff1a8cc1c55ed542e0bfb47e,2.619910090076692e-05,2.95538820766954e-05,0.00016179553380137995
575,7b085eac10d08c49453541a896297f42f09ddfe7,2.640853343522491e-05,2.9399931699120104e-05,0.00016274847286312203
576,5c15cc3d76d171f07f9809a14a0dffd5ab37e599,2.6192129372232378e-05,2.959620238083308e-05,0.00016237873780099968
577,2bdecde364f133ce94b7f9271a6d34a8fb5cae86,2.756613264581067e-05,3.063611420137542e-05,0.00016459651095302483
578,3f3e6045d594e28cd1953de9353b9f7cc103386f,2.681220558813385e-05,2.99266320227586e-05,0.00016130144266705764
579,3823775ca779f5470b46c24d141fd483fee931d5,2.6190074151782897e-05,2.9083012658007003e-05,0.00016302654617711117
580,f6a71feac4ac1623c8cd69dea5a560fe1e9af00d,2.644205602203927e-05,2.9140157071319786e-05,0.00016140697621985485
581,0316d19de1f5ba05e8409fda83ffeddf59ffc76d,2.6221068298175456e-05,2.9602558702550907e-05,0.00016159162317451678
582,1900913b4c226e4cb49ab466671ed56bccb3f700,2.6716222866109356e-05,2.992728214267218e-05,0.00016274984533849515
583,00f6ddb9881a9587c915b3db00fa6e99bd025bf3,2.6413107468475633e-05,2.9622722337002396e-05,0.00016241951992637232
584,7b0653cdd0d0a5ddcda061ee2eaf247f6303bc1e,2.66902987836021e-05,2.926651806754862e-05,0.00016239883476182034
585,26e0003573463d0c5ca6c07289cd5151b4dba3b2,2.6257327673110097e-05,2.9302892498571597e-05,0.00016107361175512013
586,6d8956e46026b68a4c2a50f1aab0c4f36a46053d,2.75827542806329e-05,3.0246741264810853e-05,0.00017015689885930012
587,871009f6415a2f588230e2e36bc9dbe751698ee1,2.602776979276275e-05,2.932082352742471e-05,0.00016328128740975733
588,01c9bfe4f48d23ec2d2db50ffc58d6e5e42cbe93,2.6161450955827357e-05,2.8883900719456432e-05,0.00016135153801817643
589,5ca0ef6272ef3eabe2feb4049b7cb05a52516495,2.7220277349703276e-05,3.0314109450125176e-05,0.00016204150099503368
590,fc2fe480f42e78c23a1cb1c8088bc1148784e16c,2.6220345269825496e-05,2.9286514432374334e-05,0.00016129595276556517
591,e1ec9e868bf03ec4284b9a5fb291418983b3a4fb,2.600642746499318e-05,2.8931774581089998e-05,0.00016093660930269644
592,a5dc2b5b917fc50575e10bbe139a0c78e43a1c1c,2.631054873146662e-05,2.9104408519021397e-05,0.00016278077505136793
593,7dcd29aaafe1ab8be4be04d3c793e5bcaf17459f,2.689463565187991e-05,2.944140199004956e-05,0.0001623134471868214
594,7a18e4ac4f0b9f0933a190ac25cd75729bcdd146,2.679206128861453e-05,2.976336297305191e-05,0.00016322923137953405
595,17e3ef963a039b8312af119e300a9e68a37e568c,2.6226851892156097e-05,2.9101277943010683e-05,0.00016170298974764973
596,67ddfd05d65cb1f106504bb92978cc94bcec8612,2.6076483193802948e-05,2.9222164100602917e-05,0.0001615877998502631
597,ba4eab8681a12863269e5159910cbaeb06517ef9,2.6397797173074024e-05,2.953304701353893e-05,0.00016243530339316318
598,9fd5ca55cc8c76759927831f44a98e2c65ea73d1,2.676687470757135e-05,2.9573300049165496e-05,0.00016146221835362283
599,46e984e9f93774570b9d15288f3c24f5e0cae63e,2.5936932309776473e-05,2.8736493054856645e-05,0.00016276724636554718
600,002611249a38b45e691219567f7ecee4d1250b4b,2.6356689542817156e-05,2.9169276577603784e-05,0.0001657521352171898
601,e9070852051515395e0ae9bbe66f929111d59c41,2.7244813638190702e-05,3.0361192443384327e-05,0.00016409756713791897
602,06b995cae91b98778b78e5249129912b5372a959,2.6183999536267248e-05,2.8923475785588842e-05,0.0001614282986051158
603,6f65e1fc25f265ff36bdbfb3aa482f65fd84a684,2.580027736670582e-05,2.9080156436100364e-05,0.00016243373484987962
604,dc35f0155a80e8ae1e3f146da9a717888a55f1c0,2.604491797322077e-05,2.8976067900657653e-05,0.00016144261156257828
605,0eb9f54e5e466c8d7a76ae116712b368d045c7e0,2.6620002371249812e-05,2.9960751839696543e-05,0.0001615614287163082
606,740a8cf8c103e4e329021802af007295261b0da2,2.6677935043486153e-05,3.0038598146611268e-05,0.00016220992333010624
607,02d6e9a4b4bae1eca7896fdba043575ef3aaf038,2.642046296741904e-05,2.948798836492326e-05,0.0001612692875297446
608,572d5a1dadb398d0b7d27468230f186f72987b3b,2.5959942667257218e-05,2.872467896161419e-05,0.00016142374002619793
609,b126821abbf14c88f85646b3fa074d3466bf2dbf,2.677383359041237e-05,2.9461988346363472e-05,0.00016269460320472717
610,60d46ea7bb53da9792ee03dc32341d51e4638960,2.6096928937053218e-05,2.8946546216805775e-05,0.00016181342499820808
611,a8f38c5f49f92be3897888d2b02cb734a2f32187,2.7981732422724746e-05,3.075668142295219e-05,0.00016316104876367668
612,30678f57d5f4c68e4a0590fda104b32895a216b8,2.659088931977749e-05,2.9235363006591797e-05,0.00016341329013046463
613,68e4d56eb9b539cccd582de7e7fb09c373d37609,2.7485914359465054e-05,3.0178228429314833e-05,0.00016199704259634018
614,6562324781f287cf07a4dc694fddb297e32d7ca8,2.6652731851321978e-05,2.9243618970917115e-05,0.00016243035267842444
615,d23d968fef1464407bcb1b28147dcfff133bced4,2.6390804807738502e-05,2.9559340573709682e-05,0.00016692805251008585
616,02d508c90a214e0aeaf78b4ad41a578e267dce12,2.7499216027217465e-05,3.05534391612797e-05,0.00016302174251330525
617,eb4317d0a4c94b3f1454dca58c76caed8bbdc7e6,2.92322537327399e-05,3.178058103961352e-05,0.00017534092896514468
618,10e43ca5882a22de3ef9082ffce82c65c3261b8f,2.71738843814512e-05,3.043735209344463e-05,0.00016850282094980543
619,028bdf88e6c71a705d0c6bfd55d1117c7f44f6aa,2.6943394914269447e-05,3.0031465806006086e-05,0.00016239422716592486
620,9437402f1d60778cd723e6119044ef0510ef17c0,2.63285160025689e-05,2.8776135757442347e-05,0.00016143800396668285
621,579ee2a137b5b4f8dcf70a7a548d6c4194e31257,2.7417243094311145e-05,3.0094893654351718e-05,0.00016186209885697616
622,b51b540285d4cf2af69976c1e3b285f7c21b46f7,2.6993689165788263e-05,2.9711586053240788e-05,0.00016294944247132853
623,98cb6bc8522b89ef308da40a26fa910fd1a17097,2.6894246797953077e-05,2.993436784465333e-05,0.00016184783491649126
624,2eb2e93ef43618f01258c43f4e7024cb5e3fc173,2.7822044956469044e-05,3.079580612712811e-05,0.0001626978383252495
625,a3881774f72499728ef05d2234ef62cfa3774076,2.6663151277484848e-05,2.9764163747921094e-05,0.00016196670108719875
626,c5f7feea27931f62ef31b071e7e10ce28d7baa16,2.629382204479323e-05,2.9239692091149218e-05,0.00016214115251051754
627,a14c41264855e44ebd6187d7541b5b8d59bb32cb,2.6638099900734276e-05,2.949758450569184e-05,0.00016185111905399124
628,d2b969d57ba162f0d19660e895ce94bc59638b72,2.6249078111451808e-05,2.8947772654263598e-05,0.00016120948681705877
629,7d3b555ca383a20dcf4618ce3e3d0392ad556b04,2.704958600965224e-05,2.981634353885309e-05,0.0001623138393226423
630,9a2a786ea3606d06e2372f88badc5802fd7e95b4,2.6457552540015025e-05,2.9546134684183827e-05,0.00016137026250362396
631,f9dd21e64584f6e821805daa450b8bc9f8ef3526,2.6279190418923773e-05,2.9305196417275295e-05,0.0001617027446627617
632,cefab37bfba72ae062a58be3c7bdbd59c2c4d309,2.6882042609502994e-05,3.0204510459533107e-05,0.00016321957503494464
633,1932e4bdc460975d8b35ae8351e037d26e5ee6f8,2.6347862965450052e-05,2.9108866038633155e-05,0.00016218889504671097
634,592b71c8cd10ef3cf9bccebb6c3ed0198f105484,2.70519470959379e-05,3.0228992303212482e-05,0.00016358087917691782
635,e5f6012b9d59848d1b76e1b09982cbc67989572b,2.6601612567901614e-05,2.9615368190649393e-05,0.00016286591754147882
636,6c79e97d7bac51adb292ce6f7d4d77376f818d52,2.6621905890974262e-05,2.9711799880305492e-05,0.00016243221532357367
637,8c671cb7a2e99dbd4146a77c0e88f4d24efc911f,2.6431565563524925e-05,2.951877009447502e-05,0.00016367116844967792
638,0721406ede8b983b8689d8b70556499fc2aea28a,2.655990695546618e-05,2.9777870052954653e-05,0.00016303193804464842
639,6e2e9e678a44650d45f036d4a6c72609a3b8ab20,2.8040899916459584e-05,3.070878726295653e-05,0.00017157687168372306
640,168978df69efecb07943fd8ce3a7c95aab7122cb,2.7054532741506893e-05,2.9979153753143466e-05,0.00016461557855731562
641,cb557b79fa0ce467c881830f8e8e042c484ccfaa,2.668269717150793e-05,3.064905243719659e-05,0.00017196483289202053
642,badbf70324274bdb4299d8c64d3d83a26be2d4c0,2.6379507214982728e-05,2.9511717629843742e-05,0.00016343149993764728
643,4c780c2d4b35a54cf45ca7d931efcaca73d0bf24,2.721855208388905e-05,3.055914131338218e-05,0.00016380086737243752
644,3c91a3e1704c8aa7f1258aa30892040df9d952f4,2.644727133450137e-05,2.954482531888371e-05,0.00016216012208085314
645,fe3d717080e812383900507168a6bd7093c4e434,2.8767818440273017e-05,3.1600557375959185e-05,0.00016404605029444945
646,0cb9f7f7aa8f4255fafb5431dcc595ce183bc376,2.6682563504148826e-05,2.980822717806853e-05,0.00016221798662292332
647,75f852edf94a7293e7982ad516bee314d7187c2d,2.729671959502575e-05,3.017932435290681e-05,0.00016298103146255015
648,5265343e268264101ec317594b1b97814d8d5875,2.6848182315006853e-05,3.056265516104279e-05,0.00016459950098865911
649,542e35e121988a9a942435da91d407d11a6ff96b,2.6153321805351598e-05,2.9798609996601484e-05,0.0001618868769391587
650,8bcfd67720dadab6cc8562183b3d5b3458a8a91b,2.704912399434868e-05,3.037440646849163e-05,0.0001637662123692663
651,a914cb7cf691a1e676b55459aed58f793883a1a7,2.6253641443552026e-05,2.9908247395522063e-05,0.0001614646201855258
652,e0ceabc087303ce18d38183de9058df23f63df6e,2.629556445683834e-05,2.9805057829683598e-05,0.00016315999489865805
653,1e2aa70c87031d2b4e0a53c0a2153ac4a89d8fe9,2.6606470494279786e-05,2.946197600877902e-05,0.00016114958561956881
654,0fe94ce8a6c4fbe94305e4a4be45fe06e774be29,2.739944478921723e-05,3.066851576376293e-05,0.00016551217260329346
655,7fe64b4a15daa340ed086b6bab85c1a274e5ea6f,2.6200866344773654e-05,2.9088101453251307e-05,0.00016468947287648914
656,53d74a1fc054a5f997007fd851476776599cb6f6,2.6923291947655747e-05,2.998066938843558e-05,0.0001641576619524705
657,4d820990180a54ca7ce22ba698646deee17292f8,2.6267121759164763e-05,2.9297014269321592e-05,0.0001639304682612419
658,f079a56b18714bd622f7ca457d14ebe873b67c55,2.6865030934170977e-05,2.9940236582542244e-05,0.0001629549568813098
659,7d8fadac32f102f25642b47e82437f4243ca2658,2.6452585028729427e-05,2.9784015246800016e-05,0.00016445960653455635
660,80b387c66e4f10faafdb1a21c011c173f77b0942,2.6842827158103362e-05,3.0120567492156138e-05,0.00016885568431079215
661,4647bfbb57768efda59160c3beb98cf02badd6c5,2.6313812198398947e-05,2.9873915300811093e-05,0.00016130712501762903
662,764662504a233ce218543aae3257dafdaa39e4f0,2.701433003049866e-05,3.0280974861756344e-05,0.00017428571051201098
663,31e153c4b80b03d0ef0670bd9aa9e52745c7e3fc,2.6419023110632107e-05,2.9142873009496487e-05,0.00016152759999386035
664,f8a30474faaa135ea1b23ad0184f74a19d8b480e,2.6845390081613815e-05,2.995170274117885e-05,0.0001748301388538999
665,164682330d70ffe84e706a67955435b76e1cf19d,2.6308383950643834e-05,3.03518559537282e-05,0.00016773939473511601
666,07685e4386b4dbfbe52a1ecd95bc7fcc397b2411,2.5430294319995003e-05,2.8618017014381795e-05,0.0001621516999875894
667,07272c441ee1a12e260a55b252835ff1e1ca0c50,2.6411945407179377e-05,2.9461474126307623e-05,0.0001633892250538338
668,2f0ed6acea1308c89e6c814b1317d96362370703,2.6178944313455572e-05,2.9538786475313827e-05,0.00016364777475246227
669,6ff787b93d46cca6d31c370cfd9543ed573a98fc,2.598115809076952e-05,2.9144553331813465e-05,0.00016314724998665043
670,35a793c31faa1d7aeb1fd44cf79407132efcab08,2.6146169489313856e-05,2.9447556762779887e-05,0.00016329199970641637
671,755d7c3ec0371c25ff25c3142034f3555ab4fd27,2.599029711765506e-05,2.963498814361633e-05,0.00016488755209138618
672,45c57078fd599194b49148fb66808f03490ee423,2.5923400226927353e-05,2.92403962335579e-05,0.00016610607563052326
673,6d9e294c47e790067e0b5724afecb4e38a542bd0,2.6283305176509425e-05,2.934713777899244e-05,0.00016355189873138443
674,e69faef03428b82f5651a5fb521610ddea2bd22a,2.5808989524672763e-05,2.916095643808038e-05,0.00016432322445325553
675,4fcea6deac29276605e58b0a011f7ef6d089f66b,2.583731248654109e-05,2.8984211815480627e-05,0.0001607761583536079
676,d5da698181fe6e920b03cef8a6a20e39c7d40cdf,2.6470728235666366e-05,2.961464284610435e-05,0.00016500023928912064
677,3300c03992d963f9c571975c17ed93f17b090672,2.607872204704657e-05,2.9196593546891276e-05,0.00016221950063481926
678,bdb5cc7b54d19f1f79eba1680a59f6852c6e3614,2.6162768500748144e-05,2.9380888984788483e-05,0.00016317168544781834
679,b63e25648f2d7d0c2d56851352740620848da3ae,2.622460379089653e-05,2.9337921680033124e-05,0.00016169081515583552
680,3d83143c2c2f877ee921c4c7c6746d836c459839,2.6468529416052377e-05,2.948418313299201e-05,0.00016396434205633245
681,d785aa39f99720950cd7f9acfe1133494cb5ff58,2.686958820498609e-05,3.0283498662439257e-05,0.00016807560735431154
682,6568c6b022e12ab6d71e7548314009ced6ccabe9,2.593909803572953e-05,2.9311861377209426e-05,0.0001630559716814835
683,068074f4acab87b0fabf194517b7dfb0f038af5a,2.576396322196389e-05,2.8837105599637475e-05,0.0001616120785719862
684,d78893c1116b3ada9eb1ebbddc17aee69693eb5c,2.6265292477034467e-05,2.931980951059912e-05,0.00016339444616613418
685,f128be6c671d320c84771e923ddaf6467645216f,2.6402228018816782e-05,2.9940259291785445e-05,0.00016204549894227008
686,edb880dd9b3c7241b96ccef34c43bd9f90e4a6e4,2.6819801453936408e-05,2.9686751389896036e-05,0.00016371805318876316
687,882f00bd47ceacbbcf34cad5d491be43fee0c99e,2.5975203103511238e-05,2.9001768108587862e-05,0.00016279097471851855
688,1d7939e1d26adbedaeec98c8153ea2e37297f520,2.5951717924770146e-05,2.910382072930789e-05,0.00016258086849886338
689,1f95d7914ff23ffeb95767de79c55b4f702e6f2f,2.6073444762285082e-05,2.9363052768481743e-05,0.0001635189983062446
690,8dde6f8f4a6180e5a26332733367e3fcdc5aac66,2.6276236701450775e-05,2.9380133220305047e-05,0.00016257523460999916
691,b32b72e3d98d784b98d9c38d4f9905574a60707d,2.575372315895481e-05,2.887076794190312e-05,0.00016518192071663705
692,df9c973f28fb9c0e713db29285b07b57c622652a,2.564450588953846e-05,2.903972327818765e-05,0.00016154739760646696
693,8eaceff8aa2ed313d78b4f84e35b90a24505662d,2.5966868390204365e-05,2.9203871613663567e-05,0.00016248694890619894
694,c750d24ef3a9a897fb19d3f0b4910f07f078e302,2.5921118593558457e-05,2.894274464604211e-05,0.0001618181796450364
695,bb71b5fb7b65b662c1fffa3f8120cbfd02e2c164,2.66491074864639e-05,2.991979174013879e-05,0.00016221576247756416
696,89babbd98fc75399709543f55013ff856280c668,2.6586716629418675e-05,2.9577138993574423e-05,0.00016751713241989677
697,202467c653efa89e94cc20feea0ea277cd0a8458,2.563243149228006e-05,2.8803578622520288e-05,0.00016204257936854112
698,b47c3c1c70644c84dac18de878cd53d1b103595a,2.667644995937202e-05,2.9563613559010877e-05,0.00016217418382630537
699,e14d47ce9fe29884a524322b295b723cf8ee1e08,2.6250473271445133e-05,2.914779495609843e-05,0.00016280007548630238
700,89c80ba606f4346f8df2a31cfcc0e967045a68ed,2.685077437561331e-05,2.985346848119471e-05,0.00016384152695536613
701,64e62ef69babccb36cb2ee014225c6845b163c0e,2.5732887805580107e-05,2.893230902325166e-05,0.0001633529195954141
702,e02af0b2991171c39bb3013fa83bdbe727cd3cda,2.55490760635192e-05,2.8523482751908562e-05,0.00016170181334018707
703,f3533711c854d05e2d767e3e8373c882d4d9f3ae,2.6268040174459743e-05,2.9461204328320243e-05,0.0001623429982971988
704,a4e931f15e87cada0b9bb9ad80378115e72ba7ba,2.6087419322366668e-05,2.890267309599689e-05,0.0001647887923019497
705,93a9ed22b6fb6ecd6c4a10382306b1e5c6d06abc,2.664641488525199e-05,3.005342378727369e-05,0.00016861226360656713
706,3fc4b7178d6edfb01dfddad57344330fd930440d,2.5790945603135828e-05,2.8672199013657597e-05,0.0001618047857559041
707,785d1eb24ae8690b6b7389f6badbc91f949552a4,2.5862212323601237e-05,2.9303878987445256e-05,0.0001619162932528477
708,676a619f2ede19db5f8c8d42f7221a6b10362015,2.571670612429871e-05,2.855219216527123e-05,0.00016160352817295412
709,f726490c4c83e48fe05e0a80073e9716800a508a,2.6362607590764186e-05,2.9287821485133714e-05,0.0001621471570902749
710,e9fb9335399580aaef1e5fa01e6f7afc79b82792,2.6160189859693546e-05,2.923952415585518e-05,0.00016120423587333215
711,94de9f7007b9264328dfa16dcf60a8c34a2c8ec0,2.6379778808824576e-05,2.9698170861867192e-05,0.0001625135528707975
712,8eed39d6562045c650f4c8aeec5319f4bf34402b,2.5840871967375278e-05,2.8939314440570094e-05,0.00016189179089116424
713,131b6bf29e20e801368907f71e5d8594a484f742,2.5658928249779888e-05,2.8554238246300216e-05,0.00016089260431104586
714,63884710e540d1218ed3713b8998d515abd3c71e,2.6031851025653026e-05,2.8879220952235518e-05,0.0001627154783100674
715,d3382a5e7e3c45a2fc9840509de0c8eadc25fa07,2.6678648475863506e-05,3.0085964895346586e-05,0.00016259807652156604
716,639f94d164407a311295fa67d3a5363cb718f965,2.623074778437036e-05,2.9405206318688456e-05,0.00016170166016213203
717,b575bd6928402e9738f439610ec13058f3402f3a,2.5804866403163476e-05,2.9033800927966596e-05,0.00016134805168564384
718,4c37b8df70952d9192c528f1988e7285b44fd7ae,2.665574932585896e-05,2.9893567305848453e-05,0.00016230310460454538
719,4bd449439ccce1be0bc43abed15423b46dbdcacb,2.6327572552309858e-05,2.9674080154939514e-05,0.0001624436485336015
720,3cec3ae80e626952a6b61a72516713217d99fefe,2.6264572673553718e-05,3.013862473029299e-05,0.00016205460078230028
721,f4353323d0be0c3b3c7d0c752d6c135bc6d36465,2.5767806023535438e-05,2.883517427625043e-05,0.00016155684716068208
722,2a6a8f5a03ca78392aabc9a2d938760285fcee30,2.6459765284094943e-05,3.0459246266124807e-05,0.00016460755202723175
723,b797a0cb97a8a9e7e36962dc8c37c075967aa88b,2.5937699377446133e-05,2.9059789859333095e-05,0.00016261507315855277
724,f69c2fae9cc592fe42355b1533bd1a7e32216ace,2.611866932104482e-05,2.905236490603004e-05,0.00016199299869568726
725,2e5e6f6949af92b3f7abd99e558f1f6ae5be2185,2.6524187568530043e-05,2.9696479522575427e-05,0.00016280149697865312
726,28a05b3a60014f755d72eb86e8a352f6d4476d07,2.5687638914123888e-05,2.8949656778957043e-05,0.00016329565551131964
727,8365e3ac35fe9c0b4cba8bc707dc1910e0c1f387,2.5848485694550876e-05,2.8755785921818315e-05,0.00016134234733487432
728,86bae1ae269969a48759257900320c0f0664d37d,2.8936744946718043e-05,3.2890284762485705e-05,0.00018581335761529556
729,d61fdc7d4c33d7f2104afde7e32d56af59f9d4f9,2.6392130685097354e-05,2.9511443263261903e-05,0.00016288694582487407
730,1078723d2741d3379b65a70ee7aa23d9e7f08457,2.5618299710089867e-05,2.8587722326799525e-05,0.00016128791398123692
731,3409bd3f38adc03cdf0096c53e897818517bc286,2.6024454441594788e-05,2.8932758141309023e-05,0.00016155650251005826
732,c3d1107b8931313c85947439c406dab98ebfc8ea,2.631788372009774e-05,2.955761240088047e-05,0.00016257763644190212
733,092905febd53742d2a700322f88b652d6a5fd4fb,2.6267106302644504e-05,2.9466902875393368e-05,0.00016162810406010402
734,e58c1a7f0decf7e43afbdeaa755492e665dd5533,2.5771308227982326e-05,2.9027565277271692e-05,0.00016208239340860593
735,978bbe7fdb519edf1f28df4982ce13523ef59a4d,2.5659970790845728e-05,2.897575607783692e-05,0.00016239791569349013
736,6e5cdc9d0923558dc66ad878f2e5392d29185754,2.7022506382894577e-05,3.039486408751044e-05,0.00016571227216014738
737,83377c70a3dc49a7f3200c85d9736b346c42760f,2.5912536687760556e-05,2.897046299173414e-05,0.00016047138916818718
738,b908da64dd4fa8dc70932f51202f9701db4cc868,2.5706399845568318e-05,2.9124565457397283e-05,0.00016432338835377442
739,2f782a2f1afa1b25ffacb3ca1ffdbbab0abc1504,2.6565602290170703e-05,2.9772562855804288e-05,0.00016834705724920096
740,6df71138184f26cd87bb086acb1e6b3dc1be4bbf,2.590025514184277e-05,2.9062227163787767e-05,0.00016175057297866595
741,2a862700bd376800ff4495e572ca4c85c919a218,2.6241907229026158e-05,2.956567651094639e-05,0.00016245105009722084
742,77bc3225e6f4badf83190ec300a0e10e56949644,2.6720184513239884e-05,2.9623972862878795e-05,0.00016321819030532713
743,402802d8a16da735017bbefa8621a91f5707beba,2.6601966884401108e-05,2.9989065498941476e-05,0.00016303732991218567
744,e12112e7caf72f93e07128f6e7a8a3399f1c6bc9,2.6739321442113984e-05,2.97663654047218e-05,0.00016230904791308078
745,2c1a34daa024398cdf9c6e1fbeff52b4eb280551,2.6596425578179882e-05,2.9925389738738043e-05,0.00016163867947302366
746,4516ee94feef318c72bdd96282d0cac98a10e433,2.6540701190813207e-05,2.9376644641160966e-05,0.00016298712427286724
747,6822c098a73f168dfe4400867b0d82f29a7f5e89,2.651930727465374e-05,2.940339350921882e-05,0.00016590408784778496
748,f25905b5d25a2fca1e23adad11d4597a1e658276,2.6798049358636966e-05,3.0158876932666197e-05,0.00016231035911723187
749,41977b24ae011a51f64faa75cb524c7350fdedd9,2.6657384493061012e-05,2.9792246242908583e-05,0.00016179038701873076
750,a1ee7968df16a4f57c8e22164d19aa2d14a6cdad,2.6380909252960953e-05,2.9704726488410458e-05,0.0001621379786612172
751,2a9a95d250c91f842b9fdc32cbeaeaced8b5896b,2.5763291963387217e-05,2.9174420105423345e-05,0.00016117195206645288
752,b5cdbf0434019e802b5e1a44bee06e67e0beef75,2.6245270053628816e-05,2.922858161363691e-05,0.0001614126621892578
753,672a2ec822bb2d3619096a66b76afc79eea118e6,2.646270438045045e-05,2.9480188048534815e-05,0.00016218655448603004
754,c136cb7f2982554a9ae305aafd81b9f68ac03ec5,2.6301403785999094e-05,2.933144369112548e-05,0.00016257981769740582
755,481e731368dd47705248b1832ebd70913e99772e,2.66735970881986e-05,2.9379797696664526e-05,0.0001647780575838528
756,f9408ee13adbe81c7740daa03a52fc73d71e71ba,2.6516376682591323e-05,2.994923214491916e-05,0.0001625884814481986
757,07cbfffec5156f8491c885d4e893fb7b920428b2,2.6790291231907445e-05,2.992416208625332e-05,0.00016474691954882523
758,b3e3567544dc2b41e1bcc89157b977cf12ef2efb,2.6246875948735867e-05,2.9756578758520924e-05,0.00016309795165924648
759,d97e31e891e868457d710d53b8ddadb0d473ec8a,2.6385432343758626e-05,2.962069705447411e-05,0.00016281262383257086
760,cc7f1504aaf7b02de09ba87ee91dfe4446d90031,2.631970604393378e-05,2.9595484751848807e-05,0.00016155229930422808
761,de4a75535fa48ab93ae226c70182e411b27daade,2.6208325065314195e-05,2.9898766014311048e-05,0.00016822039737905329
762,3aad1490f24f4d39980a72bea0617083aaf508ea,2.6397996550133706e-05,3.0094494476266526e-05,0.0001630220121066821
763,99eac42354f9c900bf8897abec6e7c1bd6c9ff6c,2.650168474051046e-05,3.012093065490762e-05,0.0001675500779559738
764,969ada67c1b9b32b863a9ce77f56689ca7ba3b43,2.6506074188458013e-05,3.0357507057487965e-05,0.00016382081728232533
765,2f52098908b00397e425904b89ac89d84e344627,2.6682756341448645e-05,2.9731916064130406e-05,0.00016310496108704493
766,261a769dd135c1e4007a6d0bdbed68a8c929497a,2.6549738491090334e-05,2.9491138334075612e-05,0.0001618419406249335
767,455f1f3168ab0105d05add646ff63a17b80fdcdc,2.6855903093283084e-05,3.0028960421024e-05,0.00016245363574278983
768,c4e20ec45f0aef437df9bbdc18849d15e9d7e850,2.6580833768458415e-05,2.9683275567879388e-05,0.00016684108413755894
769,eeef9d4646103c3b1afd3085f1393f2b3f9575b2,2.6762516048764534e-05,2.964020476359478e-05,0.00016584269408332673
770,38d843e6b526fc5e8a936b77dc8d33750f5735d8,2.7058616114577445e-05,3.019634342734338e-05,0.00016215512234913677
