,hash,param1-normal,param1-uniform,param1-weibull 1,param1-binomial 10 0.5,param1-poisson 10
0,03164d2d819f9b38e1c684d6d9e128f11867dc3c,8.130717655494265e-05,3.456337257729242e-05,0.0029064269619993865,0.003832156692321102,0.01191080454736948
1,60df9b1eb6375e3decf12ba7506404c46af0469a,7.768315595707723e-05,3.456358117834917e-05,0.002916731231380254,0.0038327047756562633,0.01194560737349093
2,772c80b1ce1db7e30497fcf555ac9af56b0d7fce,7.788869586304156e-05,3.446098873863303e-05,0.0029167055035941303,0.003824490743378798,0.011936897644773126
3,66d357ae3aedcd324a1c607e037adc65d3ae1c02,8.101513164795259e-05,3.458388968353059e-05,0.002909002418164164,0.0038296118533859653,0.011935940943658352
4,cec39effb1739ae0a7690e56d58d3e9432569d5f,8.139681691924731e-05,3.490694992554684e-05,0.0029455467592924833,0.003832154364014665,0.011915614362806082
5,8ae543cb13769a0afa6e176898824db7fd992d27,8.212440688885859e-05,3.457533653884653e-05,0.003026116988621652,0.0038310904831935963,0.011925880098715425
6,c890b10a8ade5df19f97b02a2b10a75f9f6075e9,7.682553186387449e-05,3.514181605025537e-05,0.0029499807278625667,0.0038482929424693184,0.011961633106693625
7,c9a83043c0669fd17306843eb21abd236b675537,8.088369127910803e-05,3.486548816092694e-05,0.002915333490818739,0.003843804666151603,0.011992394924163818
8,4d87d909bab7a7dd4bb570444cf35d98d551668f,8.104148400889244e-05,3.3889241073924454e-05,0.0029156251694075763,0.0038283564305553837,0.011927867541089654
9,a280f5e5d725de732a906b67172114b263ac3bfa,8.90093794986e-05,4.3998046482845054e-05,0.0029613468213938177,0.0038315570758034783,0.011953065637499094
10,c303c9b77afbc7fe6f4049683c3ccaabdebe7be3,9.536157584691469e-05,4.4564953119105656e-05,0.0029227054910734296,0.003830550005659461,0.011905214516445994
11,fdfc4807cbe2de71f74053c45ae0de383332c4e1,9.412114642623622e-05,4.5369855782136005e-05,0.0029212996014393866,0.003832743813594182,0.011914720991626382
12,537d35c2cf49cae0a496c37564fa282ec80e3695,8.922278657863455e-05,4.4179473034277254e-05,0.002917398582212627,0.0038305007231732207,0.011901554418727756
13,1b6831be8dc33308e77f3d3253f5ee777e3bb178,9.22353468475896e-05,4.409782254257269e-05,0.002912987722083926,0.003839018987491727,0.012018827488645911
14,7ef145115fede2c20df2cfc51ed28fcc9742b696,9.454443712875379e-05,4.3330308740060644e-05,0.0029223081073723733,0.0038377489739408093,0.011994841508567333
15,175476fec763984573e60485a447978cbcb381c0,9.354038730911587e-05,4.362272692003077e-05,0.0029597441316582263,0.003835708989451329,0.012006569653749466
16,c3c2b689cd4e1ccc24b18e764f105ed0e400ae92,8.541734423488379e-05,4.3983900045253797e-05,0.002945791755337268,0.0038372345734387636,0.01192261278629303
17,93240e0d8ea23644a5b7874037e658c54966ff54,8.804490977537728e-05,4.645177824912887e-05,0.0029436537297442555,0.0038467629346996546,0.011968743754550815
18,e1f191c46f2eebd6cb892a4bfe14d9dd43a06c4e,8.58055904331639e-05,4.466677135222876e-05,0.002941418904811144,0.0038368815245727697,0.011910116067156196
19,8eedd3e911b7e3f5f35961871ddb8ee1559d4225,8.597919903695583e-05,4.470764887424148e-05,0.0029522802215069532,0.003835603827610612,0.011916639283299446
20,ade91ea2f28284668fbf78971538ac4827d653b8,8.790167373453462e-05,4.4001637758151724e-05,0.002945459506008774,0.0038575079912940664,0.011934537906199694
21,b0a6e5583f2952a040c45d0d50f5e93372dc175b,8.526467902970219e-05,4.3614156895792154e-05,0.002947420987766236,0.003838104971994956,0.011946584098041058
22,94b36b557ce7d88bbfe4091c59aa376764b7047d,8.461633623237647e-05,4.35845609754324e-05,0.002948476991150528,0.003839798116435607,0.011921992059797049
23,ce6d3ffc991c63c1a91fd806b4eb3d0008caace2,8.463534829912311e-05,8.312539132528527e-05,0.002932342467829585,0.003858075710013509,0.011934481095522642
24,aab7993af0f6f3b9ac0d76952933b19163d65496,8.97702965431097e-05,8.956481119602676e-05,0.0029348772950470448,0.003852906248842676,0.011891457019373775
25,b94c2b01ff7ef5b8dc44726512cfa232e9054882,8.740782218634105e-05,9.099615907127207e-05,0.0029622489819303155,0.00383475492708385,0.01190392510034144
26,f737b354e6ab2aef8b4c05bca0011de46a4b53b0,8.494905809792438e-05,8.483341309439504e-05,0.002935023105237633,0.0038362037545690932,0.011913813650608063
27,bbd5a7750fbed42a4aaf12f196282a9504a1e865,9.06293915415352e-05,9.079736133082574e-05,0.0029832824948243797,0.003839387868841489,0.011913128662854433
28,66f1b8a5411e8265ed87ff7bf97c67960af2624d,8.513477951055393e-05,8.47948489651557e-05,0.002956909709610045,0.0038371185461680097,0.011905340244993567
29,d9347181d825d9426e783cfeafee304735bd25aa,8.722702346620012e-05,8.607480099530725e-05,0.002969620982185006,0.0038418127223849297,0.01189745357260108
30,fc159a547f091d1d6f75db470a0b8e9b2e7acea6,9.011164141016278e-05,8.532986976206303e-05,0.0029658893472515047,0.003836583035687606,0.011956991627812386
31,857125603f3cf72e2078ed2effd0f6ce40f0ca28,0.000104963956844239,0.00010583533140102235,0.0029714303673245013,0.0038497685454785824,0.011960115749388933
32,847119387dedec1ce7a85c1c0f29bcf86bc0348d,8.847828662433362e-05,9.077642327890947e-05,0.0029736942378804088,0.003854509675875306,0.011997503694146872
33,deb4be85025088553d80d6637dbc17d7f8101f41,8.742415323673237e-05,9.27369563584834e-05,0.0029428316047415137,0.0038564496984084444,0.011958538554608822
34,0c06b0b8593d947c5d63b72b6d84ecf83ae5da5b,8.711546459900483e-05,8.413477514225703e-05,0.002960120385978371,0.003854598306740324,0.011963802622631192
35,c003e6ef6e421d23b5bf98f01df20f1350f61ea1,8.696176856756211e-05,8.507596424943398e-05,0.0029526054277084768,0.003853446803987026,0.011948797851800919
36,a0c5f64f4f1a7f6ee80dc9b95aa813df28a87d72,8.7905625280525e-05,8.976220707447569e-05,0.002957167977001518,0.003839806653559208,0.011996883433312178
37,c53c89f0d8572086dd13cbe1c3c98a4e73b41d09,8.683412988472173e-05,8.647249723296789e-05,0.0029369875555858016,0.0038370060113569098,0.01191377965733409
38,767744c86e1e4a27bf77f90a85f17e564c9b94ea,9.066166648687409e-05,9.323288962813252e-05,0.002963770180940628,0.0038444358700265484,0.01192673691548407
39,e657629bbc2bfb880a1b2fa24a39c5921c1f965e,8.56656060932437e-05,8.468996132100662e-05,0.003009846492204815,0.0038494004402309656,0.01194023946300149
40,3d0c041ca162d69cc5bbb4d9d051eca7933f12bd,8.884249139607937e-05,8.79004557331012e-05,0.003027072234544903,0.0038556597816447415,0.011918594595044851
41,ce140e8d5c28f1f057db1102cf78263e48f86d61,8.993282190654889e-05,9.312004632582621e-05,0.003009679901879281,0.0038563155879577,0.011949828825891018
42,c18ab2c3975c8fa8b59724fe6855c528d72fef8c,8.987516072417093e-05,9.376783687453549e-05,0.003006586222909391,0.003856066536779205,0.011918363394215703
43,3d2205dfd1d28fb8106e60223cf7207a3c05dbab,8.815968781709672e-05,8.894202917753184e-05,0.0030266610556282103,0.00386275677010417,0.011937159113585949
44,c3fd79150bc183e8852f1330ea6e8cb4ca7ce7bc,8.926689997315406e-05,8.770161789030799e-05,0.0030122017487883568,0.0038560776350398855,0.01190839009359479
45,71555c48be7f07833bd540dacb50deb8069b551f,8.96833027850409e-05,8.737689275885858e-05,0.0030148073565214872,0.0038533376064151525,0.011910423403605819
46,5324067c702a41e901354a01a5f0d05ff49b6cb4,9.411571257818147e-05,9.175950950872497e-05,0.0030295454198494554,0.0038607746828347445,0.011953326407819986
47,20cb312563b2e7c0b180db8dffbcd71d7dfd0bee,9.256503071193978e-05,8.956730665931524e-05,0.0030216379673220217,0.0038520914192001028,0.011916871415451169
48,45ee22fa2fdd2bace756ed62685a346da91c4cb2,9.513114065188785e-05,9.114475140714238e-05,0.0030472538201138377,0.003858295812581976,0.011932224966585636
49,798aee26bdb9dcc0e806ca9271f0f98297188dec,9.335321171776109e-05,8.749127879328146e-05,0.002941977232694626,0.0038390217814594507,0.011913384310901165
50,1c50f244d4d1eba4f3f63e93a05a2b2f938685a4,9.82125945897265e-05,9.22295316201398e-05,0.002953104500193149,0.0038342413026839495,0.011926218634471297
51,fca7a15f30776ebce9e6814eb927e837f567a518,9.486250162712837e-05,9.302269346767761e-05,0.002990152803249657,0.00385168621626993,0.012022611685097218
52,26311ed7bf80e02c827189e80084602d72e4f284,0.0001017669072517982,9.674018240600293e-05,0.0029438654892146587,0.003854146460071206,0.011906296014785767
53,b5e01bcb668da0413170a886c258e00d2540e752,9.346615868331543e-05,8.780897473840694e-05,0.002958116470836103,0.0038548416923731565,0.0119201575871557
54,ab30683fe1277a7fd471be63975a02ed8d766f94,9.794654072941961e-05,9.183898158692594e-05,0.0029597305692732334,0.0038571558737506466,0.01194696151651442
55,3c89e2f913406f55b6e998017c1149e3ba383bcc,9.49655741191747e-05,8.786854792445425e-05,0.0029683237662538886,0.0038517002637187643,0.011909033404663205
56,590f07121dc55e6d9d9ce514887c9bbc253fb266,9.149989528843194e-05,8.948387188806397e-05,0.0029645083704963326,0.0038522308071454367,0.011941728880628943
57,872372bd56ccb5fe98faae8be7d14e4a8c69e037,0.00011722490401758302,0.00011878623374049431,0.002975564624648541,0.0038362909884502487,0.012017797911539674
58,70a84c3192b4f231925e8e36f50d6a26bff3b46d,0.00010015270037745888,8.967051220950016e-05,0.0030238101608119905,0.0038375852163881063,0.011995403561741114
59,9d416356baf4a653b2c647a921ae24ba7d39e8df,9.979740716516971e-05,9.773970149191364e-05,0.003001792007125914,0.0038373036465297146,0.01195727102458477
60,09dd75e9e2139bc9742e6009b7babe41d4c002df,9.57324716222027e-05,9.4625560203725e-05,0.0029989570030011237,0.0038406750342498226,0.011965246172621846
61,85d64e375f53f6028519d3aaad0b421934dcbe24,9.578438805399743e-05,8.96712791598667e-05,0.003009946958627552,0.003856711012000839,0.011994637781754136
62,09e04dcbe3d0c836437b2d4745b353b256ec6265,0.00011283839075355837,0.00010183874192594921,0.0030001475824974477,0.003852865348259608,0.011994808912277222
63,cdd7ab252988ff4254705e0a89874edeb5cea8eb,0.00010920412993679443,0.00010201462012316499,0.0030350101296789944,0.0038545183682193356,0.01198677415959537
64,06da877ceae914a875bd1a55cd8e271332358803,0.00011581941459750392,0.00010690708822082905,0.0030056137475185096,0.0038422011615087586,0.011938107432797551
65,8529dfaaec65248420faffe095bac03c23881735,0.00010606915662612985,9.787511039294501e-05,0.003033962391782552,0.003837092003474633,0.011907376116141677
66,171a3e5811e43643788c20075be9ba52efb83b81,0.00011316348664155325,0.00010389486714354102,0.003020891104824841,0.0038530235954870777,0.011956741334870458
67,5bf9ab98edd254dee1162d6f1863053e040cf828,0.00011059829984048401,9.767136172108027e-05,0.0030362094403244555,0.003832995891571045,0.011932636145502329
68,9776a73cee9eaaff6af40e971fa2bb7f8f1086c5,0.00016894956934265792,0.00011234000489553984,0.0029784407233819366,0.00391612621024251,0.01199869136326015
69,37a1ad069a800f5ef98286f25fb3fb632375168d,0.0001665647104678173,0.00011140966221459748,0.00302228273358196,0.003911419228340188,0.012020722730085254
70,1cb2230bb1bfb9b2544dab798dffeedce64ad39f,0.0001693039848760236,0.00010795363381800085,0.0030166753567755222,0.003909591197346647,0.012026556534692645
71,044f5131450f38cdfbab63d6999b60e7e3bbabe5,0.00017212991107014877,0.00011455818615934771,0.0030230977572500706,0.00391326704993844,0.012038041604682803
72,dc089026b4ad0d2d9ea992c7f1b9b5e716dd82cd,0.00017133318713956304,0.00011047220198057031,0.003002510406076908,0.003912596342464288,0.01205242145806551
73,53adf81bc503d749b13160a27e49160c5bbe48d7,0.00017341168316465521,0.00012056933345413337,0.0030014532967470586,0.003911045379936695,0.012062305817380548
74,49e00940a82f9590d774539cd188b634c29fc39f,0.00016752451615916056,0.0001126631909120147,0.002996092021930963,0.00383703534801801,0.01203348790295422
75,7b9b41a4c7dbd7b719d62f343f57f841f5809693,0.0001671937773865995,0.00011299446839647194,0.003040421230252832,0.0038540418415019912,0.012172519695013762
76,ae88e02a48c4744afd22c63be388870037f3c84c,0.0001714049358270131,0.00010984292952343822,0.00298482459038496,0.003833070630207658,0.01213775435462594
77,0aeab48b9e914d1dc7041b7e3f3b7e575ffcbbed,0.0001712220593265468,0.00010784840275186535,0.0030258536571636796,0.0038405269539604583,0.012064822483807802
78,c18b3f59b5f5752ab038224fd3bdf2dadba55ecf,0.00016932960352278315,0.0001080944649687018,0.002968377317301929,0.0038418495872368412,0.012065782910212874
79,a5e5e51187d4476841503ce816924ea99936dba0,0.00017139090156954964,0.00010532093270180316,0.0030158047447912395,0.0038354730543990927,0.012104678666219115
80,b1e69da5058846e4fbe538c5641597c49f34f9a2,0.00017023225482858595,0.00010388616162041824,0.003007479361258447,0.003823109281559785,0.012031998950988054
81,388e8197e15403345950edc23ae5fc7a3cb0f644,0.00020974851213395596,0.00011104529025033117,0.0030310569563880563,0.003816803451627493,0.012082000495865941
82,9b7e890b014f6ad3b4288246f0565f7afd6eca84,0.00016808885883427027,0.00011366066585682082,0.00300803774734959,0.0038211552891880274,0.012090652482584119
83,96727cf007217256700a1d805569a73d2171f1d5,0.00017201340925253805,0.00011371313746127745,0.0030068293563090265,0.003826131656145056,0.011976841604337096
84,330435bb3420d798de08f86bf47287e55cf9e516,0.0001684162277905714,0.00010491177231724401,0.002969374123495072,0.003819155739620328,0.012016041902825236
85,dae4f67c797176c66281101be8f3b4d6c424735c,0.00016289109674592813,0.00010447652535871245,0.0030107356142252684,0.0038196796861787634,0.012019985355436802
86,615b6a5ef4040e5602a21aa2ff528c90d3ec6dd4,0.00016665063248794587,0.00010193037127868997,0.0029811421409249306,0.00382536300458014,0.0120496298186481
87,19b66496e248a4e4954a2a43f7100169a355236f,0.00016607927705442147,0.00010594547643224792,0.002970616507809609,0.00382148342517515,0.01201972272247076
88,7b4c8731353586b50756be3b5c6e134211840876,0.0001647278986638412,0.00010645428126809572,0.0030061304569244385,0.0038214537004629774,0.012050376506522298
89,cef4dc9d91d980c3df816de00154a22e96439fa4,0.00016942854272201658,0.00010823342017829418,0.002985405793879181,0.003828170243650675,0.012033042265102267
90,af0dfce126a1d83cc33b8da9d91bce664f5d5297,0.0001717474799425829,0.00011223110050195828,0.002958523342385888,0.003822149708867073,0.01203678804449737
91,1bc8dfc55c512c569f8f9de360cf49ace5f2cb39,0.00016848230006871745,0.00010770946891620905,0.0029788659885525703,0.0038181624064842863,0.012039899360388517
92,8bd5dddda46805928bba355a288815831c50c96c,0.00020033400505781174,0.00010821763330052808,0.002999895950779319,0.003820330059776704,0.012071788311004639
93,abdd996ee5a40889ac627445ebfda19bfec326d0,0.00016597337865581117,0.00010417012663760988,0.00301020301412791,0.0038163318919638796,0.012181182391941547
94,74afdda39be21af56b8f9ea9abdb1e8f994e5350,0.00019991211593151093,0.00010947063371228674,0.003015158115886152,0.0038171736523509026,0.012108892668038607
95,491f41acd2c6a0e7886662a2448b3d245ae432a9,0.00016744457007873627,0.00010701928598185381,0.0030111452797427773,0.0038201742184658842,0.012061906978487968
96,1f9ab28a9ee5a0cda956da35d0c77a3a4c4bcd55,0.00017562965257910258,0.0001091213936927498,0.0030078768031671643,0.0038219162573417025,0.012005994096398354
97,0437b83a931c5cc24296deecaa52d825e4d377e1,0.00016934560641409857,0.0001074651102583433,0.003007487626746297,0.0038213759350279966,0.012075040955096483
98,2eedaa4cf94cf54bbd4d8428aa39271410f22e9f,0.00017562052725177062,0.00010977883357554674,0.0030130883678793907,0.0038234577514231205,0.01201446307823062
99,8a1592844f98e26a181ab2c1fc8f2e6fd3647f00,0.00016771387150984698,0.00010917795931591707,0.0029638553969562054,0.0038209273479878902,0.012011929880827665
100,cd02ddc9c0ea2b7f5f879c0564709eabcec6f1af,0.00019515026360750198,0.00011487040940797732,0.0029827196849510074,0.003823511147250732,0.012053480371832848
101,4edd4375472f23c43048e078ba2db1826957f0e7,0.00019618123769760132,0.00010834524996186558,0.003008439438417554,0.003824534515539805,0.01203072490170598
102,60f539b37514a9eb13c1ebfb8a252934f9084d30,0.00016988566594904866,0.00011182583504072998,0.002989225904457271,0.0038220385710398355,0.01202844688668847
103,4d2b5850488013319ff8354a1e764a0a2064fe63,0.00016998160251621475,0.00010975216966621654,0.0029623544542118907,0.00381974255045255,0.012053318787366152
104,5eff78bb16df99ffe2e9cad86c4ec649893c0646,0.00017313365290155176,0.00011160392498615944,0.0029687779024243355,0.0038210373992721243,0.012080096174031496
105,df40e550d442e910826e4817d38cebb902f48d77,0.0001681020987204841,0.00011070338322928077,0.0030060424469411373,0.0038180813814202947,0.012065067887306213
106,760800d2c602b1c4e1a10d3a0ba12944df28cc73,0.00019841641187667847,0.0001132810164404952,0.002987609594129026,0.0038207238540053368,0.01207582838833332
107,f1a247f9952085db72c3f8248f8336a0961d825c,0.00019958242774009705,0.00011174705772039792,0.002977282158099115,0.0038253236562013626,0.012122484389692545
108,473a68a53028f8a24b88bb9fc08b38dc3b69800e,0.0002073049545288086,0.00010802643373608589,0.00300697551574558,0.0038254990552862482,0.01205536862835288
109,3963ed0ea4e7d89174b1e992d84b47c0751f533f,0.00016691418914277045,0.00010882696027264874,0.0030171520775184035,0.003821658125768105,0.012127134017646313
110,9b1acd42e8d4cfd476dc97b8d5bfe12b0c229d9d,0.00017532469483755403,0.00011497366006721506,0.0030261881183832884,0.0038232177806397276,0.012083113193511963
111,de446a536903f906969a1c5860a32ba11078a5ae,0.00020221015438437462,0.00010940750129520893,0.0030176059808582067,0.003821679235746463,0.01211154693737626
112,b2545d01be561f7f8bb71c6064ba48de3d3e8dc1,0.00017653580881276374,0.00011207320009513448,0.0030375589849427342,0.0038221289093295736,0.012153952848166227
113,b6c7048bfd72a999f0cd948a346de94fe13f8123,0.00020716851577162743,0.00010842265267121165,0.0030017101671546698,0.0038247054132322473,0.012064572889357805
114,670ac4fc50e82f6f162b2dd776de2ef28fac2a4f,0.0001731758549188574,0.00010785635695168653,0.0030123370233923197,0.0038192913246651488,0.012066558934748173
115,124dc4ebed8b805206e9ec1f25963877011ed93a,0.00017867032912070467,0.00011346495992849381,0.003327679820358753,0.0038218355427185697,0.013021301478147507
116,a7adfda540f88d765f10ae8963abe4ae43cbfb34,0.000179056487656359,0.0001169954446832771,0.002990197273902595,0.0038266723665098348,0.012096092570573092
117,ee3e17a7c3e3efdeafe907b394de56aed01a70e0,0.0001600715000035159,0.00010477718935309664,0.0030069684999034507,0.0038268990004629204,0.012045899500662927
118,3cdc3ffb779733e7d9136ecb66a22bce31021c6b,0.00017159337896314797,0.00011525180210962085,0.002989180000440683,0.003822653332463233,0.012037943000905216
119,40fad321343dd8a28129c668c8037a35e9b33989,0.00016573843743117322,0.000112326942674675,0.0030045128751226002,0.0038232763302706494,0.012034821003908291
120,acba24414487e0e171bedbc8d1ae3cfc63f4b2c7,0.00017967872959981504,0.00011751897750145055,0.003008191750268452,0.00382195066534526,0.012061438996170182
121,e6c2765d428bdce57b6d5bf0554d177ab0b45bf5,0.0001761788574055702,0.00011391482452775554,0.003006547747645527,0.003820157833009337,0.012023839488392696
122,7eaac94d183888639422c7b55471613f1d5bce18,0.0001710078338094588,0.0001125055702868849,0.003002586126967799,0.003822887665592134,0.01203294302104041
123,62991d50511f75e58c4c57f40e84de25a8d7e7dd,0.0001734148245304823,0.00011310392415687215,0.0029731777467532083,0.003827727836323902,0.012046135030686855
124,94d3302039856667988f82d637f9a35998d19a79,0.00017201752376018301,0.00011177626276417569,0.0029688735012314282,0.0038252363350087153,0.012064214533893391
125,eb167a3fe540780f397a14817f54a95333fbcc6c,0.0001839717546225352,0.00011868045198410669,0.003015898371813819,0.0038255760058139763,0.012067416508216411
126,cea994fac86dbc5af7bee3f15fc5b475a99163fa,0.00017414638072267056,0.0001118773335209963,0.0030140852541080676,0.0038224456560177105,0.012064652983099222
127,917c6f18ba6691bd29e7e103b65dff75af735faf,0.0001718115157610367,0.00010848331003217026,0.0030173776249284856,0.0038216783335277187,0.012076463492121547
128,84ddedadaee13fe22cc36a0c67c3cb73e818ee9f,0.00017573486023093955,0.00011513197387102991,0.003006940009072423,0.0038223519998913007,0.01206874501076527
129,e180d2aec3fe18bfc5ad1505659a23003929c76e,0.0001756129099330941,0.00011754772794019016,0.003011015127412975,0.003821547667030245,0.012057178013492376
130,2fd9ff8277ad25aa386c3432b6ebc35322879d91,0.00017402797299116078,0.00011441704497955154,0.0030062886216910556,0.0038203108318460486,0.012047034048009664
131,3296617cc4c0d4a82520caa411050f7c0aeb9aa5,0.00017615976136513666,0.00011550434493008501,0.003009466629009694,0.003826323508595427,0.01205779699375853
132,6894bbc6d396b87464cbc21516d239d5f94f13b7,0.00017852192326306792,0.00011707035857556468,0.003010124506545253,0.00382746218626077,0.012065505026839674
133,d5064d4ab5152c71c4b639fe581cc80b74a103e4,0.00016831026952122413,0.00011217145827723687,0.003007055856869556,0.0038211686575474837,0.012046388525050133
134,1b3543cc456c352df8550ae2f0db0a5cfe422f35,0.00017738420436097706,0.00011446176305119145,0.0030147162469802424,0.0038278379943221807,0.012070361990481615
135,9331e55b0c16d9b8611132a4ce0fd24e52d6e629,0.00017197886970074427,0.00011103486534781181,0.0030052527581574395,0.003820461337454617,0.012070779455825686
136,91411eea6306d5b9aabab4b5abf5a16df4c3396b,0.00017158929052041663,0.00011005176753370148,0.003009543986991048,0.0038198279992987714,0.012072238489054143
137,459bfb4af46de23e01e215784520aa2b81393dfe,0.00017266198354322585,0.00010683545187224172,0.0030018431280041113,0.0038194234754579766,0.012054660532157868
138,0c32bb4140215f99b935eae9001eabb10e3c47dc,0.00017074151574412273,0.00011037447433354276,0.00301097561896313,0.0038219511819382506,0.012070858967490494
139,901211eddd5e17c8c7c85bc5f791679559d4efb5,0.0001692487858235836,0.00011073028879989054,0.0030099522409727797,0.003822089172899723,0.0120500159682706
140,ff4cfe7ecd46ee15fd88297964f6a5cb5423c291,0.0001737509495190655,0.00011204897830458847,0.00296927074668929,0.0038221783470362425,0.01200587849598378
141,31ff7f34809c5d1b9c35de8ccea262d8f480bbef,0.00017364632296976786,0.00011926569087613049,0.002976604751893319,0.003819227994730075,0.011986311990767717
142,5db7e2e6f805c180a0f117c6faa204f757b512ca,0.00017121274231612915,0.00011670970828466429,0.002962427999591455,0.003828369837719947,0.011982333497144282
143,2c36dbbd6dd13b449c43dca85493f94022f19f9d,0.00017930033036618162,0.00011503556803897179,0.0029621776193380356,0.003826052842972179,0.012012326449621469
144,8087e1de04d011f7ce66bf80dbef4a0599b14f7a,0.00016855700778251048,0.00011493798355450448,0.0029599591362057254,0.0038245391527501242,0.011998628498986363
145,24192935730d6dbb24e3d11b7f40f309b786c0ad,0.00016960161343787706,0.00011254003951691237,0.002972139380290173,0.003821055327231685,0.012012225459329784
146,105e175a7708a05886d06a24ed2b60bdd6cf329c,0.0001748131061369767,0.00011163863018737175,0.0029686108755413443,0.003828465317686399,0.012052883976139128
147,9da90debf54029a50502fd759c8de56f2dc47129,0.00017429514085514502,0.0001148148525604292,0.002964954124763608,0.0038187518560638027,0.012023105984553695
148,928425156abfa65a613fac016f86d6a3b6c03768,0.00017514784812485264,0.00011503110764567385,0.002993903588503599,0.0038227331824600697,0.012016908964142203
149,5a59087fa5badc20e2cd5264f7cfc6911fc6fb12,0.0001756772876060644,0.00010954861110546674,0.0029976437508594245,0.0038212975487113,0.011980919633060694
150,c9bfd4eb68e61c67aa27ed0cb2788f60d11cf354,0.00017729569264056703,0.00011327488650327797,0.0029663317545782775,0.0038278061353291077,0.012012604856863618
151,2e9169601aff252a661b845399ec61c3e575407f,0.00018403948268900483,0.00011887656955388926,0.003012063418282196,0.003823356508898238,0.012030628975480795
152,59a97520cf0aa68b92a775d809e1cb67d886b50c,0.0001744069750649763,0.00011372102543394616,0.002992843888932839,0.0038255058461800218,0.01199241797439754
153,b074b21c326ecaa6b6519fc7dfcf54fa4e4457af,0.00017532676593550752,0.00011285441497000314,0.0030071147775743157,0.003824641346000135,0.012031307443976402
154,ef0957302c6383524448cef2cd4cf18c7da18ea8,0.00017026956418469068,0.00011075057146936348,0.0030078568670433015,0.0038219313525284333,0.012033910606987774
155,5cfc2d3ca06fb6afc95c16db172f710ed6e7eed4,0.00016913497783539315,0.00010872168250080913,0.0029999137623235583,0.0038245773563782373,0.012025256408378482
156,aba1b4a7864752b005c9f5d1bd58fa02e08ccff4,0.0001747722403266497,0.00011290372085287091,0.003008046100148931,0.0038244530248145265,0.01197908550966531
157,32f382c86f384a02eeb87f67fea806e6b9961b5c,0.0001647116496314993,0.00011021322693283621,0.003010199754498899,0.0038236456845576567,0.012021517031826079
158,33351f646e0b523139fbba4986eba54a3bfe55a7,0.0001734341100110846,0.00011371001043395759,0.0029778573662042618,0.00382457048787425,0.011990653001703322
159,90133e16d02c67206e350ce222d76f938596706f,0.00017674854813864635,0.00011427533946574685,0.003007266845088452,0.0038251663791015744,0.011973822489380836
160,26527695f9ee7b7bc3fdd3af67d7e8b068cb1e0b,0.0001753383568332841,0.00011392046345714876,0.0030463710136245936,0.0038287699765836196,0.01211642287671566
161,5b16107a537c0ebd2e4517c02ecfb9a24f54c827,0.00017882631703590354,0.0001088726693893423,0.0029923791298642755,0.00382803485263139,0.012014436419121921
162,cd3b44d5f0915245138d44fdb3ee376601e34716,0.00017517361406897827,0.00011282720335639349,0.003009969281265512,0.003821136701541642,0.012020991533063352
163,f77c5e83c07985aacbddb89525785a3f66ce1b3b,0.0001684192571819069,0.0001063173274613089,0.003008391155162826,0.0038209396492068968,0.012022067094221711
164,4f2b219647ae6a7928590be2b709894ae2403274,0.00017620331310041126,0.00011579339441500212,0.0030043781152926385,0.003823264501988888,0.012132221017964184
165,c71ce0e6dbd9ec67b3ac7fb5ac3eb609f8a56829,0.00017665360498715912,0.00011265441784729258,0.003001215896802023,0.003824010685396691,0.012132196919992566
166,2fc96a0bc15624d7f1f74750bddffeca46f1e73c,0.00017830038885191334,0.00011519197505549528,0.002984821010613814,0.0038234313639501733,0.012122233514674008
167,20f22d849002d80485787adeb8a7340dab159f94,0.00017160902516768565,0.00011426787559403893,0.0030055459938012064,0.0038256646366789937,0.012125030509196222
168,cdbc935201f3c322a312e8ae8b78d044cbe27bf4,0.00016814993807312214,0.00010921180864438565,0.0030040545389056206,0.0038217254914343357,0.012107325484976172
169,5134132ae9cc9c3fba1d5420353277cf3d96eb90,0.0001674790237302659,0.00011122561799189478,0.0030107005150057375,0.003824615540603797,0.012111937860026956
170,c2dd245047ff2eb80972600163ecac9048d74e1f,0.00016941370568164285,0.00011245223703150898,0.0029891479935031384,0.0038248684722930193,0.012093069148249924
171,965b41d418e6100c1afae0b6f818a7ef152bc25d,0.00016791504029123512,0.00011293600546196103,0.0029996925150044262,0.0038246018424009285,0.012203423539176583
172,0b9b176dcef7f14f56dbd543c89e6da6c6b7b2e4,0.0001787187918255638,0.00011746464348346978,0.003006085637025535,0.0038259881936634583,0.012177449651062489
173,1be88ff070cce6ac720804e861583682564f7e0d,0.00017572114349252753,0.000112894590587375,0.0030066677718423307,0.0038192954380065203,0.012105778325349092
174,bcce3ac27e05ffd10584c3c8c666dade21714d1f,0.00017240758038937086,0.00011181880692296689,0.003002519253641367,0.003825785204147299,0.012058248743414879
175,5b126f882bc90a22f7fe20518f727eafe8238d86,0.0001741939689964056,0.00011519295594064139,0.0029909301083534956,0.003821938531473279,0.0121249258518219
176,ad0049026f4afa5d6e8312c1a46b3777be396104,0.00017813035989539666,0.00011756870475026869,0.0029859589994885027,0.003823150647804141,0.012117460602894425
177,9ae4a0d1ebc52a556ed13248172e8280ad9fc6bd,0.00017055460355348058,0.00011413199581990116,0.002977013762574643,0.0038207208272069693,0.01213359390385449
178,d5010b129e4f3714dcad04eb7115372848fbce36,0.00017634164312946017,0.0001153881523430675,0.0030068722553551197,0.0038198738669355707,0.012104355031624436
179,b3f41eeafd2708a6b519cf3c7ba3576dfa1cc5b3,0.00017333118614323178,0.00011299424287345675,0.0030073088710196316,0.0038264325509468713,0.012118148617446423
180,637af579ef5985bd8c267817cf445aca5bb34531,0.0001785911777655461,0.00011230762158468198,0.003010294574778527,0.0038261283965160446,0.012087399372830987
181,e1968acbedfb312b47993ac2869a5f544383195b,0.00016979690020283063,0.00011112550040706992,0.0029927808209322393,0.0038241910127302012,0.012083697598427534
182,974a54058fe52ead24bc54a0015d3e065f78f5e3,0.00017276839124130423,0.00011940911028753309,0.003011999244336039,0.0038228001600752277,0.012069715186953545
183,54c2a266780c02852003330f59bf3bf20e36eaa0,0.00017415929459414239,0.00011088524119371606,0.0030043793958611786,0.0038225654667864246,0.012112638913094997
184,fed47a489e3da26fffb98a6dda32dbc9ba0f63c3,0.00017019046936184168,0.00011201043809322934,0.003004893660545349,0.0038228648093839484,0.01209673285484314
185,b03c575834a68f3a8dad5e2974ccee7fa76003ac,0.00017746374166260163,0.00011693130592616756,0.003008319705259055,0.003821341786533594,0.01213188236579299
186,68439794b84836f43ec389be0e702ff64ee76d44,0.00020189397037029266,0.00011126439479228697,0.003012022643815726,0.0038286423465857906,0.012127405032515526
187,dfd4c9de8d849363e3d4cda7a0792ed0670165cf,0.0002104917075484991,0.00011640407869385348,0.002985041297506541,0.0038221648428589106,0.012151200557127595
188,5ff70eb0fd61a39207d5166479507e1b099cb707,0.00020631798543035984,0.00011012475106424542,0.0029784002690576017,0.003825203826030095,0.012134287506341934
189,1c58504eec43f9ba18ac835131fed496fb59772d,0.0001726277740830082,0.0001138239858446868,0.0030054328963160515,0.0038198096832881374,0.012158812023699284
190,1cb387128f66895b42c19578ccd60c34649de988,0.00020255357958376408,0.00011410713195800782,0.0029980565304867923,0.003822578427692254,0.012159755453467369
191,2582c681082e6c2c74d424e255afa8efefa4f899,0.00016992067122050832,0.00010949768577270286,0.003011054650414735,0.003822162359332045,0.01216770289465785
192,43ca3a5bd882dc69bca0fa777113e6821c9f44e0,0.00017487513451058356,0.00011818194608357582,0.0030018524266779423,0.0038217961943397922,0.012156672077253461
193,22356fc0ec8ca50aeb8f40633f7c7d906a648ab8,0.00020404462702572346,0.00011877443857218433,0.003015624766703695,0.003820192456866304,0.012156229699030519
194,243dc1e90e59daf18b17a6a1ebb705cc7bc66e92,0.0002057619858533144,0.00011597025570356183,0.0030097690178081393,0.0038234829747428494,0.01208966365084052
195,078ac01a85c4db46e7f148829c2e0d0e0f30c36f,0.0002145199105143547,0.0001122836751784099,0.0030065616592764854,0.0038246494562675553,0.012105779256671667
196,77c5841b93873bb1d71c38be3e41cf81ede59743,0.00017277569677986082,0.000110552660189569,0.0030134417465887964,0.003823884529992938,0.012073046062141657
197,f0a74b2d4e50a1b4f9d9189c6b2e31b920913a8b,0.00016929000811350921,0.00011146464385092258,0.0029938892694190145,0.003826237206036846,0.012094782432541251
198,5d8bcae56a337d21d7bf60d042c7dff32d91b451,0.0002130724024027586,0.00011813053285723992,0.0029626062605530024,0.003822807998706897,0.012078711297363043
199,642181c76b11bd1cc87ee7443d3ee215744df0fd,0.00020517944358289242,0.00011458459630375728,0.0030124838813208044,0.0038268487745275097,0.01210501417517662
200,f01b4e54a4b46a84a5a79b03bd2bd2f21b190f12,0.0002128169871866703,0.00010736967728595541,0.002991769986692816,0.003822119440883398,0.012094514444470406
201,170d1bbf566937452fd9bf14a84a69c9edb43277,0.0002077289391309023,0.00011183595671219394,0.0029997745295986533,0.003823241762196024,0.012090816162526608
202,18bfeaf2716001afa8785638a75f90259dbc8aa1,0.00016693925229652274,0.00011329799356947963,0.0030120626324787736,0.003824009948099653,0.012098533101379871
203,12f9da5615e6c1e387a9101a8923867343dfaeca,0.00020209746435284615,0.00011222426837775856,0.0030092080123722553,0.003824211036165555,0.012088726507499814
204,3310cd0e8f1b36d7da8c1352441b1240be4bedc5,0.00017674164458488426,0.00011363777969228594,0.0029686330817639828,0.003821010235697031,0.012075741542503238
205,9ccb42d02f7b3fb2b47854bbd4ab418676e6be42,0.00017250752619778117,0.00011555532303949198,0.0029610065976157784,0.003824153759827216,0.012110206065699458
206,ad5d58c29ab4793cd66afa07eed0f77c7ad59dc4,0.0001775435327241818,0.00011154795013200702,0.003010837303008884,0.0038224483529726667,0.012151065282523632
207,081c7230546861259bac75a316338b1c00005d5e,0.00017347478414656687,0.00011233041379792789,0.0030041818972676992,0.003818027287100752,0.012125537265092134
208,3f6dba405c259a41e91077868f54722ef0a2a325,0.0001787505151393513,0.00011772496773946014,0.00298727722838521,0.003821049661686023,0.0121377173345536
209,2ac14a153ed79377130a38e1425574e97602455e,0.0001730013413932817,0.00011175641427851386,0.00300477520795539,0.0038250992074608803,0.012150428025051951
210,8c2112dfb073c069a56d8840a21ac2ee69f920e0,0.000209941528737545,0.00011562207805832009,0.0030045784078538418,0.0038210943651696043,0.012135819997638464
211,8626a559680d9d6e681c02e703bcaf3de389fc6d,0.00017860364409741657,0.00011626455522272536,0.0029825231758877635,0.003821813501417637,0.012108193943277001
212,caa9b6045cedfaf0a4735bd2be55164549a4ddcf,0.0001737020726575226,0.00011321326390780666,0.002998484706040472,0.003823948558419943,0.012131513329222798
213,c67396b805291e1a880084e701f160b21d2b4b1d,0.000173349868865651,0.00011332469814001245,0.0029873455641791224,0.003819782752543688,0.012127618305385113
214,063b3140ec3792f0420da9f386d8240693213ec9,0.00020915758796036243,0.00011652641494393996,0.003007967781741172,0.003816775667170684,0.012129011563956738
215,569dfcd79aeb2a584e008861e5e29b7b5115d94e,0.00016737514958968237,0.00011432181883563278,0.0030274856835603714,0.0038279896446814137,0.012206210987642407
216,0f6a3aaa34fe72586f8c66ecc4744fc960d62ae2,0.0001760425434137384,0.00011666293846823836,0.003005498612765223,0.003823835402727127,0.012146019842475653
217,0ce156413feb21a4f2a8eae3b1cd954d04240edd,0.00017579344178860387,0.00011506617570725772,0.0030057235271669924,0.0038237293871740503,0.012123435968533158
218,e78d0764d414952716ec75e3c44a74359643cffc,0.00017763162440244566,0.00011762138208414012,0.0029909047298133373,0.0038228261594971022,0.012131277937442064
219,76b711ad87d114f0f7926877adccf14dce04614c,0.00020358175970613956,0.00011483422774625452,0.0030072915251366794,0.003821837715804577,0.012251698412001133
220,42228fcb513c08729f822fa6be70e16a7a68067f,0.00020601763390004635,0.00011483468374030457,0.0029753802227787673,0.0038247025416543083,0.012229903135448694
221,1f3650643f341af8ca5c12529a479d73d3103895,0.00017836255331834156,0.00011279208395349723,0.0030079606221988797,0.003825381863862276,0.01216570707038045
222,9005d7df9b644b3b3de55118b7f7ffa026e4284b,0.00021119811572134495,0.00012309418248367452,0.0029781843186356127,0.0038252350253363447,0.012199405580759048
223,51d1a99a84f5e2183b79dcc04713ffd90cb0caf2,0.00017595715277517835,0.00010831393959997881,0.0030038683908060193,0.0038225778068105383,0.012128375703468919
224,8f7adad487ebac177964a577f5d263da975d8333,0.00016897156338898403,0.00011017521783868049,0.002974918868858367,0.0038184593431651592,0.012133710319176316
225,3ac8f65681e2ee55c8b8bbb25f1d4aacba07d9bc,0.00018012400700204205,0.0001233026385307312,0.002974634524434805,0.0038209691798935337,0.012135762022808194
226,e44d0ecad9a8565b5f159c674e2001e725e58bfc,0.00020541157573461533,0.00014479528181254864,0.0029994798242114484,0.0038269319726775093,0.012184722116217017
227,4b9f7b54219c1a653ca8fa2fb53f96ea54a765d8,0.00018016000053492086,0.00011748882114059395,0.0030069079366512597,0.0038204008402923746,0.012150379363447428
228,b489287af94b32d6a6d550c6e05f1cf92adf3248,0.00017828712027454587,0.00011790676724685485,0.0030079878633841872,0.0038225628280391293,0.012159640435129404
229,efa7bad30d92f5f58448e753b3d280d3bea157be,0.00017553123500968878,0.00011786717154523905,0.0030085276812314987,0.003824751513699691,0.012134003918617964
230,c6916f44904b46c7c7bdb92ceb5242f3f6e00474,0.00017368814442306758,0.00011607842840334421,0.0030086860060691833,0.0038208910264074802,0.012160885147750378
231,fc1f196584ff6dd530982febba2322679317c632,0.0001736249255596614,0.00011736822004119556,0.0030166993383318186,0.0038235212365786237,0.012197856791317463
232,c31ba764540a12843b3caf711b447fe3e08c5a46,0.0001985812559723854,0.00011064051862128756,0.0030050056520849466,0.0038210895533363027,0.012147712521255016
233,52c9e6f2e3e72081576fc7f629fe3eb0c67b143b,0.00017757330216088539,0.00011771832489305072,0.003012576140463352,0.0038274556087950864,0.012224836274981499
234,b38ccec64c502579f48c1fc13d0b34f689171f25,0.00020774360746145248,0.00011302004365817359,0.002998323179781437,0.0038246270269155502,0.012197177391499281
235,40d5ce5437db00f6507580651ec5c6dffc161134,0.00017095818105390518,0.00010858225383951017,0.0029946070862933993,0.0038203854734698934,0.012191775720566511
236,0b516d28e606d97266a95234a8deea268ecc3ec8,0.000172609234449722,0.00011176121250916553,0.003006658283993602,0.0038246599336465197,0.012180448975414038
237,e51992aa22f9868ac4ab09608c5ba98cc93fb590,0.00017130902403446495,0.0001095312375885745,0.0030087068444117904,0.0038228191745777926,0.012088124640285969
238,73e7d8e82efde0fbed5b888f31bd894d5d7d6936,0.000214266125112772,0.00011910453668973419,0.0030137485591694713,0.0038245595060288906,0.012155578937381506
239,11c1e161be588da14a501f54d8a3974bee7a03f3,0.00017840522578207112,0.00011304626736710681,0.0030085091711953282,0.0038212927368779974,0.012136210221797228
240,1d598997543637b9882d1663117b573210a20583,0.00017953582369444662,0.00011536695804166537,0.0030136698624119163,0.003825277866174777,0.012105198577046394
241,99d056fde04538ffacc877cfaea926ab979ea824,0.00017822559102106904,0.00011504712798025298,0.002996537950821221,0.0038283364847302437,0.012124996166676283
242,2f790d8768095a7c237794eaff31b8ae4a0411f9,0.00017853414541796635,0.00011761846778156993,0.0030118166469037533,0.003819707625856002,0.012103375978767872
243,9eb7560e77c43af561f5242cf30df6b1d7442e83,0.0002243751659989357,0.00011343229562044144,0.0030193646671250463,0.0038236731973787146,0.012103985995054245
244,8dfaa4a5e0ca329e16a853d5982ea5af5d044b47,0.00016890914800266423,0.00011001892562489957,0.002970280824229121,0.003824550348023574,0.012116133701056242
245,482625dd29b4f3f3c43a731611063286f8bffb73,0.0001721559480453531,0.00010893016707958635,0.003009484033100307,0.0038233762606978416,0.01210236782208085
246,dc854841806549086812aeeaa6d5c2e98799a4be,0.00019821664318442345,0.0001118945969288708,0.0029702273895964026,0.003821487228075663,0.012108698952943087
247,cf7b712691a960cbcd6a744350c83a95f8d0154e,0.000216800719499588,0.00012071106767097672,0.0030175556894391775,0.003824747633188963,0.012105654925107956
248,b57c5349442d11f7f72aacec299e2c6740ec0a32,0.00017726701516352717,0.00011771831886617693,0.0030111781088635325,0.003820258347938458,0.012110773473978043
249,630f094b99afa8c693652066a3fb8918b9f3e142,0.0002043931744992733,0.00011014540896120696,0.002964736195281148,0.003826469338188569,0.012126937508583069
250,897431cc9207af9cbc34ce6295dd44256aad5db0,0.00017309098814924557,0.00011680382621389899,0.0029731481336057186,0.0038286747100452585,0.012143853586167097
251,e800a3e08a1cc4cff200e5b837d5e027cc55c82a,0.00020781299099326134,0.00011371835231936225,0.0029633487574756145,0.0038255685940384865,0.012115531601011753
252,517f53dc91164f4249de9dbaf31be65df02ffde7,0.0001788596018103131,0.00011692236256884768,0.0030158370500430465,0.0038287049780289335,0.012108962051570415
253,96c21f037679c0766142fa8dc3fb143b5927439f,0.00017435425671480468,0.00010962265948153506,0.0029733673436567187,0.0038197274940709276,0.012094184756278992
254,bcb036a58aac566d4050b163a0f6b77e09c40123,0.00017314402696986994,0.0001109099054398636,0.002952130977064371,0.003823647120346626,0.012093398720026016
255,6d6df47fefdc503fbcffd8cb14a5daaa956ef220,0.00017427630567302306,0.00011275612075436623,0.00301150802988559,0.0038215390716989832,0.012208601459860802
256,6ee49178517088966e63c2aedf6a8a5779ad5384,0.0001681346291055282,0.00011140217644755136,0.0030132593819871545,0.003821692119042079,0.012202121317386627
257,59984a3596e00e088b10c58f02856e8088fcd4df,0.0001808330084064177,0.00011431850725784898,0.003004704019986093,0.0038260002620518208,0.012058987747877836
258,619422b493eaf88c42373af1725ac0aa2297fa91,0.00017827448614856652,0.00011215324175881816,0.0030081969453021884,0.003823629890878995,0.01205743569880724
259,017f717934274e481f1304d3c2f52bfaa193e7f2,0.0001989593729376793,0.0001126269512262541,0.0030166245996952057,0.0038234911238153777,0.012080369051545858
260,f80584a48ca9bcb2ff451a017bee2479ad78aa28,0.00017497350151340167,0.0001157908086347711,0.0030087855411693454,0.0038245359125236673,0.01205869996920228
261,651bb25d6b409b9031c40cf33f991d24f350edd3,0.00016946938713310194,0.00011634851967834908,0.0029725978383794427,0.003819701572259267,0.012033583596348763
262,a695a9f240922790c8062b3349fe07812eabd251,0.00016982530503243697,0.00011199700605610143,0.0030061183497309685,0.0038236721108357115,0.012026095762848854
263,87964f1c5738492b152e80f7e38010c69214e5ae,0.00016899048587528325,0.00011574370100309974,0.0029757285956293344,0.003822917894770702,0.012021932285279036
264,389f56c80c9d940d79fe4136b7a99f8d29aef8d8,0.0002010655589401722,0.00011346766110905941,0.0029838421614840627,0.0038260410850246744,0.012049418408423662
265,20f10762fc20a29923b6943235c2577b8e3ac9f3,0.00017451815370280864,0.00011708137098249498,0.0030491465004161,0.0038246919090549154,0.012027787044644356
266,cc7038fb59f8dbe8ff08cae4723aca38169a5a59,0.00017341773294038691,0.00011264593891238654,0.003385895087073247,0.0038229248796900115,0.01297791674733162
267,05595e9afdb11b664898a5eacaec6c7d1e284cf9,0.00017869240475882744,0.0001108082989230752,0.0029761355835944414,0.003824260241041581,0.012032087426632643
268,92b880f64024c0694c69a6397568ce758102f9d8,0.00017483738424666856,0.00011256148370549731,0.002993627917021513,0.003819630015641451,0.0120288603939116
269,7e3fd81c039b0e22715c4e6eb63439bdf5a620bf,0.00016607184604298874,0.00011428274497713731,0.0029676412232220173,0.003823822674651941,0.012032025959342718
270,e67737e2e63e36161c8f80715c0a347e46a06d91,0.0001750353534342879,0.00011068850775094083,0.0030138028087094426,0.0038231291497747106,0.01203702250495553
271,d13a4f06ea84da112d5069b3fde148e307e7f94c,0.00017822991614624607,0.00011896784923484792,0.0029765742365270853,0.0038198583448926606,0.012030975427478552
272,4cd98714b665b389833f1d8b4b1d2df9e12685ad,0.00017672583808080625,0.00011239660282929738,0.002998213516548276,0.0038207215256989002,0.012051515746861696
273,909d6b8fabe2f0fcdeba6927e4506f19aae52f2e,0.0001733351241925667,0.00011206702179005069,0.002983163227327168,0.003824989466617505,0.012041189707815647
274,44e26f24621ce86ed6b24bfba4a04e82319d7bf0,0.0001821129893263181,0.00011600352720253997,0.0029863694217056036,0.0038243443705141544,0.012065686751157045
275,4753652c605833e2398d7e46b754a71729a54713,0.00016913706591973704,0.00011624466202667226,0.002970546018332243,0.00382084787512819,0.012051234021782875
276,92bda60074d0afcc3d29a0131037f11b350a99d7,0.00017665077425670203,0.00011257150617893785,0.0029686480993404984,0.003822180287291606,0.012050566729158163
277,6f8d7fd467b69229c0a7ed3662966573e8b3d85c,0.00017254059202969073,0.00010914928420926586,0.0033797795573870344,0.0038250084035098553,0.012993978336453438
278,ae6ba5d215451273990f2826f2cf28f091d71446,0.0001802262459172138,0.00011988409660675231,0.002986167249673599,0.0038299891669642725,0.012020228499750374
279,4200221ea22bf6c49a4038908aca75b2b07af0fe,0.00017385408870224285,0.00011310206523178394,0.0029780075001326622,0.0038201008337637177,0.012035652998747537
280,100e7b8459858805bc66af122445495fb840bdca,0.00018387636842625828,0.00011369778190357388,0.0030163910000737815,0.003825205666847372,0.012088520001270808
281,6c9ecdf2847d03d04f5111d6df427a29fbb36319,0.00025252050545532256,0.00012017345455784711,0.0030211773737391923,0.0038438016660317467,0.012154293995990884
282,22724bac3465e6f699313cb6301722cddc6351b3,0.00017476448392112468,0.00012149864778621122,0.0029745721258223057,0.0038358601644479977,0.011994334985502064
283,7309a004dc0f206f7dfc8d355711a2d8d7c9c62c,0.00017293479525461243,0.00011857009552984258,0.0029945264977868646,0.003825525166272807,0.012002925999695435
284,2ded173ae40ef8368e93367a02fc7db0b02cd34c,0.00016986220316539402,0.00011183024500496685,0.0029961826257931534,0.003824731170122201,0.012065396003890783
285,14c3c183aa6b8bf504e8b763a3ce0c8ddd0ef6b6,0.00017352978558471752,0.00011409338672895022,0.0029723582483711652,0.003823690004840804,0.01201739499811083
286,58dbafac8dec98557fb99e7884a970e2ed9a9973,0.00018592072049968764,0.00011931279991080778,0.002972522248455789,0.003825813827764553,0.01235413399990648
287,ad5ad8a3e6a3e8533c5c5ec6e40bd90fa4d733c5,0.0001773959032312456,0.00011935909336258831,0.0030123510005068965,0.0038200951627610875,0.012075674021616578
288,30bf46c0538266ade0ac0e1a18486a226196b738,0.00018155320770650482,0.0001150669156279611,0.002969084496726282,0.0038425330033836263,0.01202585650025867
289,b022f204f697e8ef6c719fc8e84bcf5dad8ba6c3,0.00017358003266262592,0.00011490436463645892,0.0030036078751436435,0.0038244168390519917,0.011992329498752952
290,deb794394108dd27f27a5a2781bf3b5131ffff65,0.0001785011610932528,0.0001125116751063615,0.0030142532486934215,0.003832410332203532,0.012084873975254595
291,1a5462651bbf61adcf1816f2253eeca2b26ca162,0.00020832900190725923,0.000120243446285566,0.0030246998721850105,0.00382808200083673,0.012088710471289232
292,e525a8f83f84fadc3f80d3be3b497066022d108b,0.00020588398911058903,0.00011644005678238865,0.0030293197560240515,0.0038501496698396904,0.012225168495206162
293,13080b05787e1379cc30e18840ce704475b56179,0.0001750530650643932,0.00011347350002986124,0.0030205720031517558,0.003828749341967826,0.012084931513527408
294,9babf6596876be7be02e823688a2b359756e27f3,0.00017404583612930214,0.0001154794522432333,0.0030120147494017147,0.003823376163685073,0.012087671493645757
295,86721b1a6f3cb941365b8dd785691d56e5fe2c22,0.00018035153513202412,0.00012016067921649665,0.002999637756147422,0.003824295330559835,0.012098478502593935
296,ecf407ec846324cabaa0afd4bcfbe90899c94da1,0.0001751961316302663,0.00012343340495135635,0.003010802247445099,0.00382599849641944,0.012088619027053937
297,666b17976e1ee7bb2079259831ccba41d37cf078,0.0002287310198880732,0.00012104479376123183,0.0030634175054728985,0.0038867261609993875,0.012460609490517527
298,2f3b82638a24204a13c9b16a3a36a59f199df41d,0.00030683446675539017,0.00014677002931980847,0.0031830475199967623,0.0040431130134190125,0.012871019542217255
299,8931a70dbe29e0964cffbbf7637464229688c833,0.00021386198932304978,0.00011182423267099592,0.0029801957571180537,0.0038314381575522325,0.012071848032064736
300,872c6b7de255059a580de414d0030f86471193b1,0.00021540297893807292,0.00013191636389819905,0.003024462130269967,0.003835435665678233,0.012110745010431856
301,d3e64fcf2b1c97d75bae731107cf01d6c0e37caa,0.00017608504088956022,0.00011196709529031068,0.0030114396358840168,0.00383307181376343,0.012016292952466756
302,e66453568b685dee47d6e6e634b3a47edffcaeed,0.00018085361348072948,0.00011679779361103378,0.0030216337618185207,0.003838613338302821,0.012096628488507122
303,ae821835fdb8732aa2bb4ff10f45fb7981fb92ff,0.00020850147120654583,0.00011732864057582417,0.003015263137058355,0.003823075656934331,0.012136913079302758
304,9ff05dc5d5afd4e801f1acf27b33ca2ed74c48f8,0.0002191134844906628,0.0001228605440701358,0.0030295430042315274,0.0038234566648801165,0.012139742029830813
305,ba9f93d8ad9763ef9867bac5761a40fa4770aa82,0.00017083945294871228,0.00011085916150321243,0.003066143879550509,0.0038292138488031924,0.012050750490743667
306,bb402268b0fdc403b05a38a20b7bc324759b41f1,0.00021834700601175427,0.000120652823791127,0.0030203128699213266,0.003831194170440237,0.012080769462045282
307,c6e27fb0188d77e86fa30c8bb3fcce8f1b398202,0.00018018293868456232,0.00011864215951760883,0.0030779900116613135,0.0038583493248249097,0.012186540989205241
308,84a4c4b03a43c915151193685588f80759f2ea44,0.0002884535351768136,0.00017917123463406575,0.0038648503444467983,0.004485032501785705,0.012949291034601629
309,7f836a9aca57de7fcae188b66ee1d8b60c6fc7b1,0.00017192955148579963,0.00011319280179872454,0.003012306260643527,0.003825152836119135,0.012052592530380934
310,e4a8977758f56d4e1b5efc6117e515490b278b46,0.00020110620948065434,0.00011786135260278925,0.0031384646281367168,0.003867539344355464,0.0127354864962399
311,5d683506587aad4acf689db4145f41a6d6f6ca52,0.00016670735931256786,0.00011160858290774436,0.003824698835766564,0.003842116663387666,0.01308742951368913
312,94df9336010b9515cbad0d9754edf1ec94d54f27,0.00023895215690572513,0.0001161623453318151,0.003054313870961778,0.0038360028217236204,0.012093405006453395
313,823c59c659832c0a9b95829dbc5ebe7f5c81e1d2,0.00017131465363256153,0.00011464676564618786,0.003013594265212305,0.003827926508771877,0.01204752252670005
314,beb031d64b42f4643d1ba5186c091fb1328ac8c9,0.00017324322930033334,0.00011673474441619313,0.0030241304921219125,0.0038234794822831946,0.012069024029187858
315,5294c82afa7d5f20152ee5b0d1406a909b735307,0.0001744908551054616,0.00011879445274213427,0.0030182726040948182,0.0038283543738846975,0.012044682633131742
316,1327a530ea88b83cac8591a402a61bd9a00ecd0a,0.0001736521048264371,0.00011431389904924129,0.003021701122634113,0.0038257465154553456,0.01218102895654738
317,56f444a0c50d949bf9eba653bb91346fdb8f1069,0.000176692265085876,0.00011715453658853807,0.00302025000564754,0.003827380365692079,0.012119678896851838
318,5f7114ca823736e3f55176cf6a3fbeb77efe0279,0.0001781803127544533,0.00011497648913373656,0.003015405993210152,0.003822367832375069,0.012068049050867558
319,3d99ec9df4d90656286d0482f0f50af886616a96,0.00017501129272592361,0.00011722501459540707,0.0029722244944423437,0.0038220020166287822,0.011984374490566552
320,59e8fc601bf38c94bf1ee0a7153a7ee385133e4b,0.0001752492380402391,0.00011402119119512908,0.0030253567383624613,0.00383049532926331,0.013380359509028494
321,a813a5feb53cef3b22d60599ec330cc945f1b85c,0.00017403444708806687,0.0001131621352636937,0.0030119952571112663,0.003820705382774274,0.011999006499536335
322,8b81727c50fd7dcb99e4644e8d76f2eaedc4d066,0.00017963913463366527,0.00011255648981508179,0.0029646389884874225,0.003831349507284661,0.01199118047952652
323,bb63a1a49bf1fe766ceab3237e0003aef5f19854,0.00017176748305145238,0.00011505378147666441,0.0030161659815348685,0.0038263608003035188,0.012086549075320363
324,50ce0fce70cac779919d97578381a9d762f42594,0.0001852699089795351,0.00012104772284384008,0.003011345979757607,0.003825045151946445,0.012023495510220528
325,3ba84d2fedf30aba7d47f81e36bbf265745c4e1c,0.00017357210538560344,0.00011592851098774388,0.003043614618945867,0.0038416141566510005,0.012117231381125748
326,892a3fa83ca8ef2db9d896efb482f88ad21d6b5b,0.00017742977982734218,0.00011456305847356194,0.0030107928614597768,0.003829754190519452,0.012022548471577466
327,411fa9ba04f904f3038175fc05722adb545fe954,0.00017479646565585303,0.00011827870596038258,0.0030377095099538565,0.003844821165936689,0.012064055423252285
328,125b0c82053c42c43d1b4b36c6184ae71c75c548,0.00017814669276081156,0.00011244738569623361,0.0030088989879004657,0.0038226466470708447,0.012044001370668411
329,bd8be5417632c019dbc1d36400052805f95a372c,0.00017148158398502675,0.00011024159768154633,0.0030104572360869497,0.003821537325469156,0.012032431084662676
330,b58bbb72ae0e24d7e03fd18f6f3fbdfe95481f8e,0.00016940342667963237,0.00011245226364974913,0.0029856014589313418,0.003821401856839657,0.012023954535834491
331,4f88a0267a3a4992aacde45df7719fdef713bedc,0.00017029581950275135,0.00011356019045312688,0.0030094379908405244,0.0038229922065511346,0.012033977545797825
332,a6b4b2bdd6baf2afde27284097426e93912452e9,0.0001726379676256329,0.00011145453199103316,0.0030117438873276114,0.003821670000130932,0.012030504061840475
333,fe610388a1f25c8d8ad80fbedd8117d91fdce9db,0.00016991614029393531,0.00011513102674476242,0.0030091685184743255,0.0038246791809797287,0.012033956474624574
334,32ae22722fc1f665a90d16b110c219b1c24c857e,0.00017934347494717753,0.00012209059681788265,0.003012820379808545,0.0038241329602897167,0.01212399045471102
335,0eb532de60c9caaaa568ea294e7e1427265b6552,0.0001768338008938978,0.00011471871782661132,0.0030115097179077566,0.0038207522981489697,0.012053858139552176
336,19efe2199845d1ba5464795eed89a347c70d22d8,0.00017140321821595232,0.00011038620698642223,0.0030023701256141067,0.0038237908156588674,0.012041553389281034
337,5e8ad11b75245caf2d158eacf369b011ef262795,0.00017663190087883687,0.00011755501158362212,0.0030047017498873174,0.0038240401772782207,0.01204818650148809
338,8cb86fd7b454b40c7b822146d5e26c55fdc183ec,0.00017990157859207228,0.0001202534454373213,0.0029721286264248192,0.003821015978852908,0.012056158971972764
339,84c63b626c640a2473bd8cd0f8c38270d6ef5d3b,0.00017836450896193757,0.00011769404149143606,0.0029685616318602115,0.003819250812133153,0.01202372892294079
340,249198b3df5fa16da4417501fa8a329043ddd20d,0.0001737108292310672,0.0001174146111341233,0.0029796984745189548,0.0038234561604137225,0.012048852979205549
341,8ab709c26db9d10fb9365c8faf05b395822482c0,0.0001847031646697172,0.00011294818313051295,0.0030202990164980292,0.0038277663600941496,0.012078146450221539
342,d329a66dbb9710aefd03cce6a8b0f46da51490ca,0.00021042313892394304,0.00012039423043675284,0.00301744241733104,0.003824815813762446,0.012047015479765832
343,f10a3df5f0b8434bf7c33faf00719c84333e65a0,0.0001755946882525986,0.00011611185778587402,0.0030124327167868614,0.0038228188641369343,0.012034003506414592
344,29f0b532988640cf2441b5eeaf57f87296ea111f,0.00017934603521884497,0.00011092041849449117,0.003011999244336039,0.003822298798089226,0.013333315844647586
345,f6196441b7240c0fa862790efdfb1a62bf557744,0.00021197961177676916,0.00011238068147756896,0.003001255972776562,0.0038286975274483366,0.012061087996698916
346,dcf1614dfc11f9004e408ed8c833980c951c541e,0.0001784532676161877,0.00011920902167036329,0.003012032131664455,0.0038293912075459957,0.012021563947200775
347,78d7ab3d0c35cb8aa0cdf449e0db1472e6ad60dc,0.0002052744384855032,0.00011204362663468629,0.002969623892568052,0.0038270216900855303,0.011999454931356013
348,84809accddc771d525319c227d78c0152b1f7874,0.00018037947352397544,0.00012057870328642948,0.002962158090667799,0.003823486661228041,0.012133696465753019
349,d41b43ebdac8ae6110598649401dfd780194fc3d,0.00017322112749940875,0.00011269126682438783,0.0030087890045251697,0.003822557511739433,0.012005743104964495
350,6ce63913d3533bdf4028ab6bfcf0e1d3a91820ee,0.0001744339591823518,0.00011810838255319702,0.0029647868941538036,0.0038256663441037135,0.01199454558081925
351,41e254f96e8d5bd558d2edbf8b198eb4143e8b74,0.00017200847486815144,0.00011173779178837624,0.0030132583633530885,0.0038188837934285402,0.012026556651107967
352,66c756ce333dc40120d4dd77b14517c6819cd410,0.00018372768617905022,0.00012049160973537108,0.0030174709972925484,0.0038329783516625566,0.012026509968563914
353,a7e65a0bfced15f1ebee9c9d4a6b49d6008007a6,0.00017882228760262493,0.00011783581415310184,0.0030119806178845465,0.0038275821910550194,0.012044930597767234
354,16692b1a3c241245fabb98741c0e90e630ab3822,0.0002509435658187916,0.00015934861449340543,0.003756116871954873,0.004153457664263746,0.01355747296474874
355,fc2518ba6b11fc52b0ff477b9e83576be90562d8,0.0002128139603883028,0.00011549927396597443,0.0030161151371430606,0.0038269893266260624,0.012103384011425078
356,78593a1059f0a9c04385f97b2c1caa221efefa5f,0.00017718591735208942,0.00011344404861410247,0.0030118299764581025,0.003829137305729091,0.012053240556269884
357,fc92666e6331a0b9b7832a3ff0e6dd5b2822a0de,0.00017220693482686918,0.0001119228669422421,0.0029677932616323233,0.0038246791809797287,0.012031161459162831
358,471a2ceaf3f0b77ca63003b196e8ba8c54283806,0.00021083804313093424,0.00011521891260949464,0.0030088787607382983,0.0038410106596226496,0.012055916478857398
359,a699f2879ab3836fe6d1619c518c85956a3075c1,0.00017503811977803707,0.00011659406774332015,0.003019784897333011,0.003824934208144744,0.012056308565661311
360,ba5205c1b8a7bebdf37535c701ffcd8bd79362bb,0.00017339658418980737,0.00011064747983861403,0.00300744385458529,0.003846211009658873,0.012229808024130762
361,a597fe9e738768d97c398a869fd188860b3047b2,0.00016836749321063522,0.00010846103403237787,0.003009892243426293,0.0038242470085,0.012070884462445974
362,daffccfa95251024a814139a622feb367e7c74c0,0.0001755674582732431,0.00011660489605653078,0.003010667016496882,0.0038232695078477263,0.012059433036483824
363,da0d66baff4731e13017e7e0802eded966b85664,0.00017746285884641112,0.0001177727231859333,0.0029965550056658685,0.003821351138564448,0.012045875075273216
364,c65e5dc7c91bbb257e98e6b61e5e827db49c1552,0.00018245841265987543,0.00012145261280238628,0.0030132989049889147,0.00382118330647548,0.012065913062542677
365,37d2ec8dc68aef30f784eb35cdd64f78dbcd076c,0.0001680199677745501,0.00011053880406243185,0.003003531019203365,0.0038208544719964266,0.012054665014147758
366,3f11db40d80b6ff122f41185b0b93637bdff0e39,0.00017956465793152648,0.0001165134057965736,0.003013372595887631,0.0038253228800992174,0.012049214448779821
367,543655176a05e2f6a54dbbadfb754416f14fb215,0.000175178742095355,0.00011609289847481786,0.0030045659514144063,0.0038206278501699367,0.012034788494929671
368,e4894aef5c93c845081388818a2eb4264c5e1d72,0.0001753291380109972,0.00011583774751268848,0.003015064517967403,0.0038244188763201237,0.012046911986544728
369,c02feb9c70befed4cc078902d28f9df37d9f984f,0.00017341930556614868,0.00011516779195517302,0.0030107420752756298,0.003821810008957982,0.012136744800955057
370,171ea2a856e7b40d0806501613f7361e09f0a2f8,0.0001988660078495741,0.00011128058131942724,0.002998924523126334,0.003859992449482282,0.012087906245142221
371,b5b417b3d3d988178a844ce6f20457966509b038,0.00017157559438298146,0.00011315207128696467,0.0030297782504931092,0.0038315568429728346,0.012091463198885322
372,74ad82c422f53dcf8637970a6f399adb37c1a67a,0.0001741256902835542,0.00011570023090233295,0.003019920375663787,0.0038238252357890206,0.012090560048818588
373,36e017194c32a53cf2965a513243cb3c348095df,0.0001748849051715485,0.0001146787079051137,0.0030152684776112437,0.0038219145499169827,0.011994484346359968
374,aa874275d41d924523b718b961515eb8a1665dee,0.00020140036940574646,0.00014290749095380306,0.003010340384207666,0.0038261838878194494,0.012008423916995525
375,27aeb6f71183635e3adcab602118b3d8912e006d,0.0001722818368204659,0.00011656179655498514,0.003005514037795365,0.0038195440235237283,0.012009697500616312
376,4262a9c717a1504d0548d74c3276e296b04a8826,0.00016601251009556035,0.0001088538338815925,0.003011498600244522,0.003823069001858433,0.012024363037198782
377,671804035cda35211f97f6cf9f80d16152a872fd,0.00017242719510906053,0.00011612054584746031,0.003009996726177633,0.00382079502257208,0.012004187563434243
378,58cce65ce37a3e68c82878b77c844ce69a489caf,0.00017892730621887106,0.00012147979324926501,0.002992483088746667,0.0038330541768421727,0.01204594410955906
379,ba4e4b6558050e0ef0fa3a312a46d65a5f021c16,0.00017369087297646772,0.000113294799424087,0.0030114231631159782,0.003822809550911188,0.011997674126178026
380,5a4140d722117afc89869d5772ddd7a67448cfbc,0.00021577253937721252,0.00013860214191178483,0.003266997868195176,0.004044489391768972,0.012037916574627161
381,076c599f25255d991f59056bd16f80aa72631ffe,0.00016968415622584153,0.00011467063286749834,0.003356574879338344,0.0038225658548374972,0.012945856433361769
382,f9e161df7113350b6a0f83d975dbbb5c2fe93ee7,0.00017728237435221672,0.00011817387798253228,0.003007060382515192,0.0038197665320088463,0.01201137388125062
383,470c783b50e82ff43fe3e808071b2f95f8f85f31,0.00016601049222998203,0.00010915861697867513,0.002958657976705581,0.0038230739689121642,0.01200963300652802
384,a96b18e3d4d11be31a321999cda4b795ea9eccaa,0.00017304843547002923,0.00011469595173889017,0.0030023097642697394,0.003821535501629114,0.012002635514363647
385,a906c1fa8cb68e937c87bfe63df07073e983338b,0.00017080121924952855,0.00010841262298933368,0.0029661277076229453,0.003820225441207488,0.011997468303889036
386,ce6c68aebab74ce82ef83e1c6983faffe462066d,0.00021464377641677856,0.00012164269062894874,0.002962422731798142,0.0038221563057353096,0.01202356768772006
387,d7d65c9d56ddbda8f48ad4b988aecad03fe3a8c5,0.0001740240927052791,0.00011937232984864449,0.002972960763145238,0.003825872205197811,0.012010117061436176
388,5c4b58674f80cbc3a29546bba32df7f16e11d68e,0.00017348521311456958,0.00011345141830694194,0.002964673738460988,0.0038262658442060156,0.011993502965196967
389,cbde47818a821ef951ca73e851579ca75d23a82b,0.00020309211686253548,0.00011694830443177904,0.002995745569933206,0.003822657046839595,0.012033237842842937
390,84d84293bec9d17548097b41fa273aee44285f5d,0.00017119556820640962,0.00011307584225303598,0.0030099019641056657,0.0038226735002050796,0.011989299673587084
391,7bb4697b2ec2425bfb41410079841854b2abdd18,0.00016813505030537058,0.00011357122541515417,0.003008158237207681,0.0038208719342947006,0.01200245413929224
392,8b901c7f33b7dd76e04df53203c19e1afd80dce7,0.00017149763212340776,0.00010942100047988375,0.0029582881252281368,0.0038227795157581568,0.01199929229915142
393,a0e136b0e0f21b241e97f0ed47f56f131d69f913,0.00020347093231976032,0.00011399007340954556,0.0030061164870858192,0.0038193924507747097,0.012050976511090994
394,55ecf648d68f3fb9691fbe0f9c1d5e6168cc5cec,0.00018095759803365017,0.00011999497655779123,0.0030151066021062434,0.003825452256326874,0.012020432623103261
395,1b212bda1c2833467177eb0d62c6de6c224c6a80,0.00017006718935292276,0.00011000960003784908,0.0030062335426919162,0.003823584644123912,0.012060509994626045
396,bdd4e2e29c4b011cf455a72f85c92010656d2722,0.00017372759106426926,0.00011294287548440954,0.0029736317228525877,0.0038232237566262484,0.012044576928019524
397,c25557e0a9b2d80950a8501062fc337913a3549f,0.0001784701889846474,0.0001186990987632301,0.002990024513565004,0.0038227554565916457,0.012078277999535203
398,266f40a00c04bf502093778c99a0cc06eda1865b,0.00017483613346932364,0.00011170031552381338,0.002995468385051936,0.0038200456959505877,0.012048337608575821
399,211d5c193113f3e49e18422bd9926db9fb07f78b,0.00017301407337310862,0.00011189170414581894,0.002969184482935816,0.003822241521750887,0.01203869073651731
400,64b64cddba55312b3f49686ba7aaf72760166b29,0.00017242046592176938,0.0001153562830663041,0.0029651927179656923,0.003820868985106548,0.012055323924869299
401,fb314a390851d4c21f3f6a2a87cffd329219c524,0.00017019996659890297,0.00011477704780797163,0.003013961249962449,0.003820505148420731,0.012042913353070617
402,9ec27a3f5b81e6a7e808836410c9b6a73204c27e,0.0002104125451296568,0.00011943520287111881,0.002967648673802614,0.0038253438348571462,0.012232633074745536
403,489de42a9585615ca9962a83882896069357ab97,0.0001706751139803988,0.00011008179513737558,0.002988746913615614,0.003821864646549026,0.012084946734830737
404,924cbe4dadcabd337a6d8b0ef6efa3091a3ed5fc,0.00017929221503436564,0.00011490633202351861,0.0030082996236160398,0.0038223396986722946,0.012041128240525723
405,821a18e55916d0d40227c58ea75f589ea3d9f078,0.00017440487172896578,0.000112083252813471,0.0029971046024002135,0.00382116863814493,0.012111013988032937
406,abce2a0604a4db5d8072a0b1478c7af439882ed7,0.00017053433017985475,0.00010917413278876506,0.0030098232673481107,0.003828782122582197,0.012125846464186907
407,a5d021a1b6f439a19812926bc4d796ef5f346c44,0.00016743413007427605,0.00011123714756478768,0.0030095649999566376,0.0038228029540429516,0.01212585554458201
408,f1671076c80bd972421751f2d48186ee9ac808aa,0.00017429787100704968,0.00012138135110338529,0.002987315645441413,0.0038265205609301725,0.012094743316993117
409,9439b56f8762b8c9b48d2f9e54dfb467aaa2b3f9,0.0002088933251798153,0.00011599023315695024,0.0030092410161159933,0.003819881162295739,0.012039843713864684
410,4abd2a845d0723732f26dd9bbba34d076cb7321d,0.00017552696609575498,0.00011875735759571358,0.003006566781550646,0.003824912089233597,0.012053446611389518
411,c8a5ff07e5bda47eab870671634b107da5ab7934,0.0001748714130371809,0.00011217120133907251,0.003012601751834154,0.0038255638598153987,0.012056009843945503
412,267621f07a902eceffc179fa01f984f3e2d4bdcd,0.0001645976626605261,0.00011225308522044383,0.003012182773090899,0.003821022653331359,0.01205199002288282
413,581eab37b5d558ba9b8035f3fa82cfa617e70e26,0.00017331844842913798,0.00011489372426534401,0.0029634624952450395,0.003823992796242237,0.012066350784152746
414,6f822d20fe5d0596e2b284d3e246e38cb7cea7fc,0.000171672537038892,0.00011587437692579332,0.0029649948701262474,0.003823017158235113,0.012035336811095476
415,a60d5e8d7652641b861587f1fc8efa3cf2081bb5,0.00017729264749377443,0.00011134986304725059,0.0029785321676172316,0.0038245758817841606,0.012055184692144394
416,9e2d66a110090ee7416f4686593fdf9142ce6cbc,0.00019276199269701135,0.00013083384192761886,0.0029775361181236804,0.0038253148086369038,0.01204431732185185
417,d3ec3cb274fdb1a7d25cf7ee4bf2c94a8aeab281,0.00019205983897501773,0.00013121898308486108,0.002977025113068521,0.003826997708529234,0.012021503411233425
418,5451fcb06d5ae7cd3f4a9a02314d6e574bd4c83c,0.00019426209377652068,0.00013152345221627642,0.002969060209579766,0.003824389927710096,0.01204619649797678
419,ee60cc9164e5a20b98ee6722e25b0df41e411675,0.00019023313403262624,0.00012957100989297032,0.0030037619872018695,0.003822421267007788,0.012047336902469397
420,f1c4ba3e97cbf5c494f29531b35da6144cac5aec,0.00019156066964398015,0.00013320541031481255,0.002981167985126376,0.003821934262911479,0.012077168561518192
421,8f8603dd18c9c70191fd75d98793dc94c8ac30fa,0.0001929476006458012,0.0001264916367786513,0.003004671074450016,0.003822110205267866,0.01209208695217967
422,d647ef2d98852e322d487d6045d5860223dcda79,0.00019585164801145974,0.00013863961833218734,0.002999159798491746,0.003828701640789707,0.012062360532581806
423,e73c8e5479297f235b37fba91d6d0e8464be66a6,0.00019707841324215789,0.00013517996549238393,0.002976836636662483,0.0038274521939456463,0.01212424598634243
424,ad30b31af0bb3fbfdc0f11486807edc76cec2680,0.00020544834928039243,0.00013801315217278897,0.0030096835107542574,0.0038236902716259165,0.01206317450851202
425,073316d25d24b7cb4ffc09fc705448b0e17dc2dc,0.00019715837417886808,0.0001331486717043888,0.0029812438879162073,0.0038236922894914946,0.012064034817740321
426,e0d27e381889cc30ac0d5ab906146b7c2794ecc7,0.00019620834903504985,0.00013304624455766036,0.0030116705456748605,0.0038249245068679256,0.012101772706955671
427,fdec5a5d3dcd7fdf46886a162147d073546537cb,0.0001909143549190568,0.0001307543105922821,0.003016123257111758,0.003824056126177311,0.012085721362382174
428,d0928f871ccb42484c7e03c456ce489dea908313,0.0002047591535198801,0.00013445182412397116,0.0030066862236708403,0.003824776348968347,0.012074534548446536
429,0ac02d3819157a9c64b78157428336200632cff8,0.00019939057528972626,0.00013102105040621907,0.003007031453307718,0.0038216589018702507,0.012046684511005878
430,68ebc2bad1ad6a99e9939eff205a1a6d936cf4fd,0.00019591319459405813,0.00012996172992206073,0.0029835081077180803,0.00382422492839396,0.012072006473317742
431,02d66ecd80a1851c3b206f4d778687b38c9d2c36,0.000199140866620923,0.00013317696894297288,0.0030135202105157077,0.0038218575840195017,0.012044413480907679
432,0c384dad6a0a7bfc9842e92253c5f02b810b8bbd,0.00022613792680203915,0.00013146839208073087,0.002986051607877016,0.003832449981321891,0.012113365810364485
433,19bc8bbe37044b9f23d80bb282758071d0d8bf15,0.0002004930241541429,0.00013552250081225287,0.0029978223028592765,0.0038240747526288033,0.012083215871825814
434,f1206ddb24d35781328266b2b02fa27e6fbb9846,0.00019399317574094642,0.00012859410924624795,0.003007388731930405,0.003826144306610028,0.012079629814252257
435,a89f3ebaec7441f4ba5e30eb07206c2a7269778e,0.0002010171666887461,0.0001329453717473717,0.0029750223620794713,0.0038262472953647375,0.012082416098564863
436,9eabe2f87dbe087e878983bdd69edd8a9084c358,0.00021451616283649433,0.00013328527650201177,0.0030095315887592733,0.003825693391263485,0.012095129583030939
437,5345c2575a28fa2dfbbec83c99636669476c2745,0.0002516214484097184,0.00016533291772386784,0.0034793918021023273,0.004124700014169018,0.013361554127186537
438,ccb971d169e75c35ae0360e0949f31d2c0c49107,0.0003208352718502283,0.00013527552558419603,0.00300522951874882,0.0038234466531624394,0.01205270504578948
439,cb98ad400c701f189d4e4043ee2cb44857733df4,0.00022529357542785315,0.00014121159790204718,0.0029818930197507143,0.0038273033375541368,0.012045965064316988
440,a0350ed099d1265dd86627280b03ea7070920092,0.00019605873967520893,0.00012616323444738305,0.00302581333865722,0.0038262175706525645,0.012071438366547227
441,9e85b3701f80a5e48ca5e7fc5281af2aba591870,0.00019548669542101296,0.00013753632658425671,0.002964291605167091,0.0038216961547732353,0.012071465840563178
442,f3ff68e5fe874f9626fcbe85000549083f4f222a,0.00019284034183678718,0.0001293181478765539,0.0029715828131884336,0.003824720236783226,0.01208771881647408
443,56315089b048160d7c013f257ebf7ea9fea70d91,0.00022837799042463303,0.00012834788641974897,0.003023690078407526,0.003831311284253995,0.012077949242666364
444,8d225d918ed052a259331722b4eaf66d54a212d3,0.00019808010592196995,0.00013518931131951416,0.003018452087417245,0.0038226585990438857,0.012051361612975597
445,ea7f5ebbda0016438dc1b80c98ea3de8dfec7ca9,0.00019434253380705532,0.0001364470094065123,0.0029653951060026884,0.0038222006987780333,0.012055670376867056
446,b26c86f65f2217578665998db3f3512bca613167,0.00020448951981961728,0.0001359188375122185,0.0030305528198368847,0.0038256996776908636,0.012121024541556835
447,a0be9d0615f10e5a1098466a58e18a215ff427a6,0.0001907230411046024,0.00013441207842264749,0.00301275379024446,0.003824044018983841,0.012127890484407544
448,0991b083bb0ee8bbd767deadbe237994397e79c5,0.0001956189433777971,0.00012686405112437995,0.003011512919329107,0.0038195270268867416,0.012114848010241985
449,da1621637b7c59c155ec29466fb5f810ebd902ac,0.0001925050867079147,0.00013215474609751254,0.00301416649017483,0.0038294187591721616,0.012103528948500752
450,1fb7047b0ceba98d43b50ebb398be899ff8f6a1c,0.00022507086396217346,0.00012607261648072917,0.002981965197250247,0.0038232312072068453,0.01204818137921393
451,95a6774007d1d7898c7da40d9989e9f1dd1b0f40,0.00019333227801154244,0.00013086161660877139,0.002981099591124803,0.003826013688618938,0.012094109319150448
452,02883d85b5d3f68c12cb1df75f96e0fed741d4a4,0.0002045099641762528,0.00013356375180788942,0.0029914856422692537,0.0038249238083759942,0.012088105315342546
453,8245b392a344a1ae0db6e569ab68b368ad8883c1,0.00019743503966870217,0.00013298959238454698,0.003009590844158083,0.003824466761822502,0.012077504536136985
454,cdf83879fd0d050cade0fe7852550fcbcc177648,0.00018174646896097744,0.00013603499435164312,0.0030179202440194786,0.0038244758422176046,0.012122798012569547
455,b3f7132e0bf378eaf21af9194f447036b66c70b9,0.00020210282402295692,0.0001318109832936898,0.003009711392223835,0.0038172641458610697,0.012052381411194801
456,240f7c9d95e60d14cf3f09decc3e61a451d78bf8,0.0002178535796701908,0.00012748929882599484,0.002974538190755993,0.0038185931431750455,0.01204854971729219
457,eb22fe8f82b8c7b0561b25614cb0863b71b4427a,0.00019176074473017994,0.00012368639261367616,0.0030098719871602952,0.0038180636086811623,0.012013409286737442
458,a69ce0652b27b55d680a9d6def2a05c4376653c9,0.00022267084568738937,0.00012865779270608742,0.003004057565703988,0.0038254695634047193,0.01203129906207323
459,e8c78e09ab38b80b586108dfb4151cbe70c7a694,0.00019232996107478227,0.00013072631770262013,0.0030101905576884747,0.003822183236479759,0.012084245216101408
460,f253a7e39204142e3cf82d6beeef1ce22f5500cd,0.00019106222316622734,0.00012294863945389367,0.003012284403666854,0.003831956846018632,0.012090441305190325
461,2f156d8e3eb4f57067209fa4499eaeed8551c4ae,0.0002250969409942627,0.0001346144184935838,0.0030039125122129917,0.003818469432493051,0.01208405289798975
462,69555f52b2e2c5032cf70d40d9f9b8ec9a048500,0.0001931961202485995,0.00012741584352971542,0.002971364068798721,0.0038237477031846843,0.012072267010807991
463,209499058705258d60194f7d06890a6825778d6a,0.00022706203162670135,0.0001370134064927697,0.0030050325440242887,0.0038173566572368145,0.012082737404853106
464,5390a021ca3842e237d75e328bd47fb334e647f6,0.0002750721760094166,0.00012924440670758486,0.003010207088664174,0.0038192087473968663,0.012074840255081654
465,be8ab91f789c3b688d707940016b4c2d262913e9,0.0001966039334157748,0.00013067792169749737,0.002976875053718686,0.003821182685593764,0.01206332491710782
466,6d4895cc9fe614cf3164891b1f502453312f64ca,0.00022500474005937576,0.0001346228095010305,0.0030061249854043126,0.003823111765086651,0.012088527902960777
467,0b9dcb2edef710bb35f1d5f8848fb5ba97990f7a,0.00022078678011894226,0.00013227659192952245,0.0030038937693461776,0.0038206057312587896,0.012105024419724941
468,dba16cd9f155c858bdddb530cab9971bf9af75fc,0.00018589447219190855,0.00012615842702375215,0.003005731850862503,0.003818663613249858,0.012069076765328646
469,ab37e1b29214bbfbe1fed28db68661160ca4acb6,0.00019350029134119934,0.00012638258802540162,0.0030115379486232996,0.0038220424515505633,0.012055391445755959
470,a41d513df0bc100e36973d634b95ba86f710a508,0.0001896431702854378,0.00013270314084365964,0.0030092233791947365,0.0038215459013978643,0.012051544152200222
471,a87ee593c3f5da5dcb42a8033ecbab0f0c9b7903,0.00022710533812642097,0.00013266795260064742,0.0029683513566851616,0.0038197363416353864,0.012037648819386959
472,942add94ed3bbe479c2e6f5ca8e2a8a6d4ca4831,0.00019745668396353722,0.00013744149687169472,0.002971194568090141,0.0038164216093719006,0.012036112137138844
473,3cf4c289067b6df2ddf019eed3c9f73946d960a2,0.00019106507863638535,0.00012611128940162334,0.003007712075486779,0.0038187246148784952,0.012049135286360979
474,6e3be61d6113e63a1d1be54e6c8341760ded5842,0.00022668857127428055,0.00012880247086286543,0.003013073350302875,0.0038192506569127245,0.012035890016704798
475,9298eeb4f6c73ca1259f627860abe98b63f89da4,0.00023301271721720695,0.0001320138448713029,0.0029991361079737544,0.0038210850519438586,0.01203786488622427
476,4771e3f30f53c33dd9e27eb9dcbe2b938a38e9ae,0.00022231647744774818,0.00013121645426071143,0.002984222024679184,0.0038162541265288987,0.012049764394760132
477,4317dadcf0758a287d3a0a2902d6064913b49b0f,0.000193234910872185,0.0001318573973379856,0.0029885744443163276,0.00381749231989185,0.012037583626806736
478,e641d8b35484d786f399e8cd9349b2a6c09269d1,0.00019560973825199265,0.00013327953854092847,0.0030092166271060705,0.00381993455812335,0.012067355681210756
479,2ccfd794011ece560ba4bbeca6f9171176428a77,0.00022520869970321655,0.00012875599028585954,0.0029932083562016487,0.0038196792205174765,0.012042838148772717
480,245525514ed55258521ed0cfb2a1b00bad85aadb,0.00019524690202053855,0.00013098523883921343,0.003009816980920732,0.00382266566157341,0.012053993064910173
481,d0be29809a4c526d30afdb998bd6d0110b657dad,0.00019556794421009299,0.00013823616900481283,0.002994801849126816,0.0038180594953397913,0.012054167222231627
482,c3cd5414426b0e61c331671a69a58103dabacf5b,0.00019753269632073007,0.00013497742120085693,0.0029803449288010597,0.0038241540702680745,0.012060090899467468
483,f7268a392b55430e968f67c51ed71799d4b02c2c,0.00019007485492953232,0.0001357738943531727,0.003005835460498929,0.0038201455026865005,0.012058614287525415
484,777894c478153272a8a5ff37f3199c6e2800e5d4,0.0001904738908809311,0.0001292770029976964,0.0029662123415619135,0.003823332643757264,0.012058914173394442
485,190dab07e0b88abafab2b6687d53a0c55b7a5b59,0.00021830573678016663,0.00013605265275520436,0.0030316804768517613,0.0038177467261751494,0.012164827436208725
486,5925773e51fc427ba5d5dca9e72f5e28a6e7ade5,0.00023041851818561554,0.0001280931924211692,0.0029773199930787086,0.0038229178947707014,0.012037468142807484
487,ded4fa6a0246e963a9fe2066c882d81981be906b,0.00020165072824313956,0.00014546376342574756,0.0029825042001903057,0.0038186032325029373,0.012025805190205574
488,7abe543492fe1741cecf574885dcf0bba36f7057,0.000192878061327441,0.00013570771734048795,0.003010228741914034,0.0038201206674178443,0.012041911948472261
489,3e8a54175b5b39700ddff4729f9764a5f789a445,0.00019974544571310865,0.000133663809503473,0.00301279837731272,0.003821596348037322,0.01202957984060049
490,084c1dc7524016a59248b811270e8e4d210b7c1d,0.00023521529510617256,0.00013511613942682744,0.0030265807872638106,0.003834189847111702,0.012095917016267776
491,d1add332f833a52baa69bba7f8d378e9dec37343,0.00022901222109794617,0.00013588580768555402,0.0029719920130446553,0.003823535361637672,0.012069317046552896
492,8bcf6bc30f33a6a36aea0eee2c72f06516b4b6bb,0.00022089481353759766,0.00014181299741531527,0.002971830661408603,0.003832089714705944,0.012096363119781017
493,1c8efa16b296258e059a334e27e68428cf3cb48b,0.0002330690622329712,0.0001358992031103448,0.0029734158888459206,0.0038221526580552263,0.012038121465593576
494,2c2291136aca50b58cd7c09b29a25490c89c9b8a,0.0001980129822666915,0.00013782357006040337,0.002967525739222765,0.003815433631340663,0.01204002182930708
495,996e6419e44668a6daa28f58efcc0d2c07b3a9da,0.00023515382781624794,0.00013194998748423088,0.0030210086842998862,0.003820296532164017,0.012117204256355762
496,86fcce61c9cddbc354ba67b2f818670f5822c688,0.00019332829185507514,0.00013621356683196845,0.0030101091833785176,0.003819971500585477,0.012054093647748232
497,90177d698c61b9550e1e3033dd041e91f8e3c6c4,0.00019452200337712253,0.00013379255173409858,0.0029669615905731916,0.003820281631002824,0.012065412476658821
498,18a6e3e505ee416ddfc617f3e9afdff5a031c2c2,0.00019192301468657594,0.00012705474574532772,0.0029762996127828956,0.0038317576982080936,0.012062689289450645
499,c43b2bfb15281e170cc5006829ebc559bd1915e3,0.00019659405960789265,0.00013214099523891886,0.0029693283140659332,0.00382469284037749,0.01202075881883502
500,58da484abf6f466a9e8bf55c188cb5b501d31ceb,0.00020382369868457317,0.0001448692600655405,0.0029797872994095087,0.003822844475507736,0.012075945734977722
