,hash,num_lines-10,num_lines-100,num_lines-10000,num_lines-100000
0,03164d2d819f9b38e1c684d6d9e128f11867dc3c,0.0007613609611455882,0.006065105670131743,0.598182569956407,6.066498386440799
1,60df9b1eb6375e3decf12ba7506404c46af0469a,0.0007588732821334686,0.006062783184461296,0.5953920551110059,6.040988672524691
2,772c80b1ce1db7e30497fcf555ac9af56b0d7fce,0.0007776275742799044,0.006149770459160209,0.6094116852618754,6.149368971120566
3,66d357ae3aedcd324a1c607e037adc65d3ae1c02,0.0007667192756863578,0.006091969786211848,0.6021293150261045,6.099087222479284
4,cec39effb1739ae0a7690e56d58d3e9432569d5f,0.0007780997190051354,0.006089637172408402,0.5991200355347246,6.092014762572944
5,8ae543cb13769a0afa6e176898824db7fd992d27,0.0007663517691461103,0.00605640874709934,0.5944172760937363,6.06581487855874
6,c890b10a8ade5df19f97b02a2b10a75f9f6075e9,0.0007732039174208274,0.006099936901591718,0.5987437753938138,6.066494346130639
7,c9a83043c0669fd17306843eb21abd236b675537,0.0007626768035281982,0.006013762555085123,0.5875679140444845,6.026272821938619
8,4d87d909bab7a7dd4bb570444cf35d98d551668f,0.0007662906012098704,0.006086831446737051,0.5987227575387806,6.0850329583045095
9,a280f5e5d725de732a906b67172114b263ac3bfa,0.0007759075826750351,0.0061286845011636615,0.6066219140775502,6.153250832576305
10,c303c9b77afbc7fe6f4049683c3ccaabdebe7be3,0.000781103502959013,0.006125302868895233,0.6023200233466923,6.165308102965355
11,fdfc4807cbe2de71f74053c45ae0de383332c4e1,0.0007717716507613659,0.005998735432513058,0.5877177275251597,6.027046780800447
12,537d35c2cf49cae0a496c37564fa282ec80e3695,0.0007615621434524655,0.006021357956342399,0.5927157334517688,5.996917244512588
13,1b6831be8dc33308e77f3d3253f5ee777e3bb178,0.0007664162133421217,0.006053911871276796,0.5938211299944669,5.990007271524519
14,7ef145115fede2c20df2cfc51ed28fcc9742b696,0.000766851706430316,0.006038417108356953,0.5886436188593507,6.051315226359293
15,175476fec763984573e60485a447978cbcb381c0,0.0007733845760902533,0.0060647326754406095,0.5963688143528998,6.0171050084754825
16,c3c2b689cd4e1ccc24b18e764f105ed0e400ae92,0.0007613387424498796,0.0060732042184099555,0.5945558878593147,6.070015066536143
17,93240e0d8ea23644a5b7874037e658c54966ff54,0.0007632734985756023,0.006038429099135101,0.6003707710187882,6.059378032339737
18,e1f191c46f2eebd6cb892a4bfe14d9dd43a06c4e,0.0007703880047691719,0.006044416455551982,0.5939142301212996,6.071790945949033
19,8eedd3e911b7e3f5f35961871ddb8ee1559d4225,0.0007699158293409989,0.006071382784284651,0.5957616437226534,6.042548569617793
20,ade91ea2f28284668fbf78971538ac4827d653b8,0.0007726708068870581,0.006076000048778951,0.5996566936373711,6.094232948496938
21,b0a6e5583f2952a040c45d0d50f5e93372dc175b,0.0007622140359931759,0.0060899610398337245,0.5934068786446005,6.025024284143001
22,94b36b557ce7d88bbfe4091c59aa376764b7047d,0.0007676747461248722,0.006072811549529433,0.5918170718941838,6.018905703211203
23,ce6d3ffc991c63c1a91fd806b4eb3d0008caace2,0.0007590270002505609,0.005974570754915476,0.5846805654000491,5.915395179064944
24,aab7993af0f6f3b9ac0d76952933b19163d65496,0.0007764855937029307,0.00612362171523273,0.5987996105104685,6.0515816698316485
25,b94c2b01ff7ef5b8dc44726512cfa232e9054882,0.0007775864707162747,0.006124499486759305,0.5998944509774446,6.077956273918971
26,f737b354e6ab2aef8b4c05bca0011de46a4b53b0,0.000778134697331832,0.006173914764076471,0.6082560673821718,6.130899723852053
27,bbd5a7750fbed42a4aaf12f196282a9504a1e865,0.0007692077197134495,0.006010256591252983,0.5934721634257585,6.032760096713901
28,66f1b8a5411e8265ed87ff7bf97c67960af2624d,0.0007730455746730933,0.006027592811733484,0.5932158534415066,6.120014323154464
29,d9347181d825d9426e783cfeafee304735bd25aa,0.0007191688288003205,0.005642008269205689,0.5554184666834772,5.7159920304547995
30,fc159a547f091d1d6f75db470a0b8e9b2e7acea6,0.0007220580342358776,0.005568358115851879,0.5504093503113836,5.593648377573118
31,857125603f3cf72e2078ed2effd0f6ce40f0ca28,0.0007269354204514197,0.005721213296055794,0.56136554479599,5.772905806545168
32,847119387dedec1ce7a85c1c0f29bcf86bc0348d,0.0007138386679192384,0.005621116724796593,0.5497115780599415,5.608071792172268
33,deb4be85025088553d80d6637dbc17d7f8101f41,0.0007087698206305504,0.005477608763612807,0.5435274105984718,5.555237863911316
34,0c06b0b8593d947c5d63b72b6d84ecf83ae5da5b,0.0007196093876180904,0.00568978046067059,0.5597408206667751,5.700965665979311
35,c003e6ef6e421d23b5bf98f01df20f1350f61ea1,0.0007112635454783837,0.005580247030593455,0.5470968966837972,5.587436263216659
36,a0c5f64f4f1a7f6ee80dc9b95aa813df28a87d72,0.0007131410297006368,0.0055804140865802765,0.5482029735576361,5.559179729549214
37,c53c89f0d8572086dd13cbe1c3c98a4e73b41d09,0.0007088419826080402,0.0055257627973333,0.5423535930458456,5.55447186389938
38,767744c86e1e4a27bf77f90a85f17e564c9b94ea,0.0007228310319728085,0.005670964485034347,0.5585634072776884,5.671983980340883
39,e657629bbc2bfb880a1b2fa24a39c5921c1f965e,0.0007102746982127428,0.005562879028730094,0.5478408155031502,5.570645253174007
40,3d0c041ca162d69cc5bbb4d9d051eca7933f12bd,0.0007104516029357911,0.005563062150031328,0.5479811138939112,5.608510079327971
41,ce140e8d5c28f1f057db1102cf78263e48f86d61,0.0006202983615152975,0.004142160605018338,0.39834014791995287,4.063192409463227
42,c18ab2c3975c8fa8b59724fe6855c528d72fef8c,0.0006238885278649189,0.004154439317062497,0.39974086941219866,4.0852802391164005
43,3d2205dfd1d28fb8106e60223cf7207a3c05dbab,0.0006340671679936349,0.004198761967321237,0.4034309624694288,4.101551018888131
44,c3fd79150bc183e8852f1330ea6e8cb4ca7ce7bc,0.000629761557587806,0.004100431377689043,0.395833617541939,4.023285924689844
45,71555c48be7f07833bd540dacb50deb8069b551f,0.000632432330509319,0.004221769282594323,0.4047751317266375,4.13883583759889
46,5324067c702a41e901354a01a5f0d05ff49b6cb4,0.0006277491475510247,0.004264431695143381,0.40487765800207853,4.095101080136374
47,20cb312563b2e7c0b180db8dffbcd71d7dfd0bee,0.0006225800881271853,0.004221018015717467,0.4030008125118911,4.077019504737109
48,45ee22fa2fdd2bace756ed62685a346da91c4cb2,0.0006259992951527238,0.004194672297065456,0.4088770083617419,4.128171681659296
49,798aee26bdb9dcc0e806ca9271f0f98297188dec,0.0006119077888262622,0.0041224230856945114,0.3996269879862666,4.08410832635127
50,1c50f244d4d1eba4f3f63e93a05a2b2f938685a4,0.0006084204514456145,0.004101397159198919,0.398453232832253,4.053353080758825
51,fca7a15f30776ebce9e6814eb927e837f567a518,0.0006218675030943226,0.0041746313994129505,0.40411510970443487,4.108787817880511
52,26311ed7bf80e02c827189e80084602d72e4f284,0.000618293580106076,0.008564832853153348,0.39800691651180387,4.059035733342171
53,b5e01bcb668da0413170a886c258e00d2540e752,0.0006282450083424063,0.004166960483416915,0.40471652732230723,4.117096731904894
54,ab30683fe1277a7fd471be63975a02ed8d766f94,0.0006199521286522641,0.004145923303440213,0.40320122870616615,4.093282842542976
55,3c89e2f913406f55b6e998017c1149e3ba383bcc,0.0006167481187731028,0.004153335156540075,0.40411038463935256,4.154125371016562
56,590f07121dc55e6d9d9ce514887c9bbc253fb266,0.0007329200494236179,0.005095744505524635,0.49456181307323277,5.020054066320881
57,872372bd56ccb5fe98faae8be7d14e4a8c69e037,0.000760429389109569,0.005175627185963094,0.4977697201538831,5.073118427535519
58,70a84c3192b4f231925e8e36f50d6a26bff3b46d,0.0007444802072963544,0.005106687895022333,0.4935529374051839,5.034079916076735
59,9d416356baf4a653b2c647a921ae24ba7d39e8df,0.0007518425617100938,0.005139846121892333,0.4964329176582396,5.042968638241291
60,09dd75e9e2139bc9742e6009b7babe41d4c002df,0.0007636165578982659,0.00519956648349762,0.5058377748355269,5.138451921753585
61,85d64e375f53f6028519d3aaad0b421934dcbe24,0.0007443132677248546,0.005138467880897224,0.4989382750354707,5.037410761928186
62,09e04dcbe3d0c836437b2d4745b353b256ec6265,0.0007725223146665555,0.005242074374109507,0.509576955344528,5.224849286023527
63,cdd7ab252988ff4254705e0a89874edeb5cea8eb,0.0007663988175668887,0.0051763339433819056,0.4991947344969958,5.141346332617104
64,06da877ceae914a875bd1a55cd8e271332358803,0.0007800791734972826,0.005324596189893782,0.5111381709575653,5.226246509701014
65,8529dfaaec65248420faffe095bac03c23881735,0.0007573204846786602,0.0051482297712937,0.5000395246315747,5.095962945139036
66,171a3e5811e43643788c20075be9ba52efb83b81,0.0007634456435750638,0.005142895970493555,0.4931803580839187,5.038229020545259
67,5bf9ab98edd254dee1162d6f1863053e040cf828,0.0007627450727990695,0.005195966572500765,0.5005715212319046,5.108504028059542
68,9776a73cee9eaaff6af40e971fa2bb7f8f1086c5,0.0008191129264350121,0.005616323440335691,0.5458741271868348,5.532192619051784
69,37a1ad069a800f5ef98286f25fb3fb632375168d,0.000822493233359777,0.005725672701373696,0.5513438095804304,5.646750761428848
70,1cb2230bb1bfb9b2544dab798dffeedce64ad39f,0.0008142219963841713,0.00562715926207602,0.5419825166463852,5.532313683070242
71,044f5131450f38cdfbab63d6999b60e7e3bbabe5,0.0008188263119126742,0.005658599664457142,0.548457017634064,5.551570339361206
72,dc089026b4ad0d2d9ea992c7f1b9b5e716dd82cd,0.000815516642223184,0.005693627172149718,0.551288886461407,5.600112522020936
73,53adf81bc503d749b13160a27e49160c5bbe48d7,0.0008326689175401742,0.005780935985967517,0.5613592413719743,5.630583863938227
74,49e00940a82f9590d774539cd188b634c29fc39f,0.0008334221978050966,0.005799121456220746,0.5568426186218858,5.6848416230641305
75,7b9b41a4c7dbd7b719d62f343f57f841f5809693,0.0008322107068334634,0.005784453707747161,0.5585513790138066,5.703847355674952
76,ae88e02a48c4744afd22c63be388870037f3c84c,0.0008322696129863078,0.005786234280094504,0.5577608770690858,5.666519523132592
77,0aeab48b9e914d1dc7041b7e3f3b7e575ffcbbed,0.0007718724126999194,0.005283422768115997,0.50856230314821,5.197824836708605
78,c18b3f59b5f5752ab038224fd3bdf2dadba55ecf,0.0007729609995814306,0.005277702817693353,0.5113029545173049,5.19090772070922
79,a5e5e51187d4476841503ce816924ea99936dba0,0.0007841661393355865,0.005324032856151462,0.5093381644692272,5.227121663512662
80,b1e69da5058846e4fbe538c5641597c49f34f9a2,0.0009107559453696012,0.005300981574691832,0.5151729104109108,5.228805554797873
81,388e8197e15403345950edc23ae5fc7a3cb0f644,0.0007753221210665428,0.005296159186400473,0.5147866015322506,5.2311547552235425
82,9b7e890b014f6ad3b4288246f0565f7afd6eca84,0.0007741808991080948,0.005258408724330366,0.5102890259586275,5.206499461084604
83,96727cf007217256700a1d805569a73d2171f1d5,0.0007659675154302802,0.0052813277579844,0.5072398500051349,5.132336677517742
84,330435bb3420d798de08f86bf47287e55cf9e516,0.00080074742436409,0.005172402015887201,0.5035834624432027,5.120188580360264
85,dae4f67c797176c66281101be8f3b4d6c424735c,0.0007687610341235995,0.005247576511465013,0.5100081425625831,5.2015990994405
86,615b6a5ef4040e5602a21aa2ff528c90d3ec6dd4,0.0007756155055875962,0.005265954765491188,0.5111228828318417,5.231929945759475
87,19b66496e248a4e4954a2a43f7100169a355236f,0.0008175682742148638,0.005262566381134093,0.51136434241198,5.263257349608466
88,7b4c8731353586b50756be3b5c6e134211840876,0.0007715614942403941,0.005296069080941379,0.5155343259684741,5.276033685542643
89,cef4dc9d91d980c3df816de00154a22e96439fa4,0.0007736234961507411,0.005283896345645189,0.5110893549863249,5.239942414918914
90,af0dfce126a1d83cc33b8da9d91bce664f5d5297,0.0007726482760447722,0.005266040796414018,0.5133290390949696,5.234200670616701
91,1bc8dfc55c512c569f8f9de360cf49ace5f2cb39,0.0007749505770894197,0.005316484486684203,0.5113148489035666,5.283436707686633
92,8bd5dddda46805928bba355a288815831c50c96c,0.0007782467067814791,0.005363789154216647,0.5174027741886675,5.318550529424101
93,abdd996ee5a40889ac627445ebfda19bfec326d0,0.0007684302981942892,0.005277302814647555,0.5123879760503769,5.219216914381832
94,74afdda39be21af56b8f9ea9abdb1e8f994e5350,0.000777946738526225,0.005291552748531103,0.5129338074475527,5.200488402042538
95,491f41acd2c6a0e7886662a2448b3d245ae432a9,0.0007657478896102735,0.0051822061650455,0.5005404124967754,5.169353383593261
96,1f9ab28a9ee5a0cda956da35d0c77a3a4c4bcd55,0.0007642213521259172,0.005219309125095606,0.5017939601093531,5.115504130255431
97,0437b83a931c5cc24296deecaa52d825e4d377e1,0.0013402239419519901,0.005261473590508103,0.5072284946218133,5.145249089691788
98,2eedaa4cf94cf54bbd4d8428aa39271410f22e9f,0.0007675951014139823,0.005261449376121163,0.511045727878809,5.200882336590439
99,8a1592844f98e26a181ab2c1fc8f2e6fd3647f00,0.0007779053054176844,0.005294022150337696,0.515994870569557,5.227704808115959
100,cd02ddc9c0ea2b7f5f879c0564709eabcec6f1af,0.0007641858953450407,0.005219648825004697,0.5054313875734806,5.151903505437076
101,4edd4375472f23c43048e078ba2db1826957f0e7,0.0008628317154943943,0.005280883051455021,0.5122846593149006,5.24532096227631
102,60f539b37514a9eb13c1ebfb8a252934f9084d30,0.0007844920485065533,0.005392683437094092,0.514641874935478,5.247200810816139
103,4d2b5850488013319ff8354a1e764a0a2064fe63,0.0007725837998665296,0.005256110103800893,0.5049058077856898,5.155929370317608
104,5eff78bb16df99ffe2e9cad86c4ec649893c0646,0.0009051570668816566,0.005224415799602866,0.5047879591584206,5.1650548074394464
105,df40e550d442e910826e4817d38cebb902f48d77,0.0007765130605548621,0.005237195873633027,0.5051886718720198,5.176347451750189
106,760800d2c602b1c4e1a10d3a0ba12944df28cc73,0.000769356838785685,0.0052447516936808825,0.5084316758438945,5.20482288626954
107,f1a247f9952085db72c3f8248f8336a0961d825c,0.0008663996122777462,0.005184339126572013,0.5027944268658757,5.0947669125162065
108,473a68a53028f8a24b88bb9fc08b38dc3b69800e,0.0007736362660160431,0.0053023966029286385,0.5128433755598962,5.239555649925023
109,3963ed0ea4e7d89174b1e992d84b47c0751f533f,0.0007598854135721922,0.005251947557553649,0.5066838399507105,5.152116521261632
110,9b1acd42e8d4cfd476dc97b8d5bfe12b0c229d9d,0.0007851711975840422,0.005372381303459406,0.5184126771055162,5.277840249240398
111,de446a536903f906969a1c5860a32ba11078a5ae,0.0009603085927665234,0.0052559394389390945,0.5080538666807115,5.192566835321486
112,b2545d01be561f7f8bb71c6064ba48de3d3e8dc1,0.001907761674374342,0.005261157406494021,0.50451819319278,5.1486806278117
113,b6c7048bfd72a999f0cd948a346de94fe13f8123,0.0035432097502052784,0.005279431585222483,0.5123228593729436,5.2056275103241205
114,670ac4fc50e82f6f162b2dd776de2ef28fac2a4f,0.0009123878553509712,0.005216747522354126,0.5069593070074916,5.174620563630015
115,124dc4ebed8b805206e9ec1f25963877011ed93a,0.0008836556226015091,0.005239510675892234,0.5079624624922872,5.188997276593
116,a7adfda540f88d765f10ae8963abe4ae43cbfb34,0.0007763448386238171,0.005308513529598713,0.5117006027139723,5.247651187237352
117,ee3e17a7c3e3efdeafe907b394de56aed01a70e0,0.0007736391537316823,0.005319628749930416,0.5141155140008777,5.222802857995703
118,3cdc3ffb779733e7d9136ecb66a22bce31021c6b,0.0007658582500360872,0.005260462001388078,0.5076959024991083,5.217129548498633
119,40fad321343dd8a28129c668c8037a35e9b33989,0.0008486952914002662,0.00603283374584862,0.5829519714970957,5.905000070990354
120,acba24414487e0e171bedbc8d1ae3cfc63f4b2c7,0.0008548465836308121,0.006114067749876995,0.5901732230049674,5.962040143000195
121,e6c2765d428bdce57b6d5bf0554d177ab0b45bf5,0.0008614869196511183,0.006048208495485596,0.5903599610028323,5.944762922503287
122,7eaac94d183888639422c7b55471613f1d5bce18,0.0008590849999260779,0.0060978459805483,0.5920537170022726,6.053327825036831
123,62991d50511f75e58c4c57f40e84de25a8d7e7dd,0.0008489212923450395,0.006039655505446717,0.5818396065151319,5.9234887284983415
124,94d3302039856667988f82d637f9a35998d19a79,0.0008513733725218723,0.006134141745860688,0.5849008795048576,5.964326591521967
125,eb167a3fe540780f397a14817f54a95333fbcc6c,0.0008578532506362535,0.006101702500018291,0.5849864470364992,5.975295560492668
126,cea994fac86dbc5af7bee3f15fc5b475a99163fa,0.0008542716241208836,0.006066592744900845,0.5893633530067746,5.970794171997113
127,917c6f18ba6691bd29e7e103b65dff75af735faf,0.0008627650822745636,0.006143892489490099,0.5906508885091171,6.018278915522387
128,84ddedadaee13fe22cc36a0c67c3cb73e818ee9f,0.0008860022086688939,0.006117278506280854,0.5933533419738524,6.161960952507798
129,e180d2aec3fe18bfc5ad1505659a23003929c76e,0.0008567421270223956,0.006067318725399673,0.5874395705177449,5.97603227494983
130,2fd9ff8277ad25aa386c3432b6ebc35322879d91,0.000856564753727677,0.006061039253836498,0.5875765770324506,5.993867092416622
131,3296617cc4c0d4a82520caa411050f7c0aeb9aa5,0.0008574016246711835,0.0061171754787210375,0.5918705154908821,6.059958511497825
132,6894bbc6d396b87464cbc21516d239d5f94f13b7,0.0008672140393173322,0.006121665763203055,0.5930759150069207,6.060415845538955
133,d5064d4ab5152c71c4b639fe581cc80b74a103e4,0.0008613760001026094,0.006074839737266302,0.5892020729952492,6.030875180964358
134,1b3543cc456c352df8550ae2f0db0a5cfe422f35,0.0008363121257085975,0.005965577729512006,0.5728376589831896,5.883902994508389
135,9331e55b0c16d9b8611132a4ce0fd24e52d6e629,0.0008709447089737902,0.006204000994330272,0.5991376420133747,6.115708606492262
136,91411eea6306d5b9aabab4b5abf5a16df4c3396b,0.0008679655002197251,0.006190298474393785,0.5944567009573802,6.066760821500793
137,459bfb4af46de23e01e215784520aa2b81393dfe,0.000852594831182311,0.006134018505690619,0.5863049799809232,5.924324145016726
138,0c32bb4140215f99b935eae9001eabb10e3c47dc,0.0008560486652034645,0.006129715475253761,0.5941851114621386,6.013060932513326
139,901211eddd5e17c8c7c85bc5f791679559d4efb5,0.0008567107094374176,0.006131157482741401,0.5906241304473951,5.979377540992573
140,ff4cfe7ecd46ee15fd88297964f6a5cb5423c291,0.0008473588774601618,0.006023932481184602,0.5804871849832125,5.892247172421776
141,31ff7f34809c5d1b9c35de8ccea262d8f480bbef,0.0008622258756076917,0.0060909515304956585,0.5887431305018254,5.985659205936827
142,5db7e2e6f805c180a0f117c6faa204f757b512ca,0.0008714534196769819,0.006194066780153662,0.5940532849635929,6.058504591987003
143,2c36dbbd6dd13b449c43dca85493f94022f19f9d,0.0008658552493822451,0.006126895023044199,0.592825218453072,6.007777392514981
144,8087e1de04d011f7ce66bf80dbef4a0599b14f7a,0.0008607502095401287,0.006081996252760291,0.5867929515079595,6.03292548150057
145,24192935730d6dbb24e3d11b7f40f309b786c0ad,0.0008528376250372578,0.006039235508069396,0.5855645970441401,5.955363188055344
146,105e175a7708a05886d06a24ed2b60bdd6cf329c,0.0008442659648911406,0.006038417515810579,0.5832399179926142,5.927776736090891
147,9da90debf54029a50502fd759c8de56f2dc47129,0.0008573017839808017,0.006096396711654961,0.5956673785112798,5.998070554458536
148,928425156abfa65a613fac016f86d6a3b6c03768,0.000852879243514811,0.006093069503549486,0.587000833475031,5.949936425546184
149,5a59087fa5badc20e2cd5264f7cfc6911fc6fb12,0.0008496748244700333,0.006063185748644173,0.5837780790170655,5.9611804040614516
150,c9bfd4eb68e61c67aa27ed0cb2788f60d11cf354,0.0008564244587129604,0.006084029970224947,0.5879672964802012,5.989529431913979
151,2e9169601aff252a661b845399ec61c3e575407f,0.0008502470833870273,0.006064924818929285,0.5874193870695308,6.000170890474692
152,59a97520cf0aa68b92a775d809e1cb67d886b50c,0.0008655596272243807,0.006104696774855256,0.5950512430863455,6.030217863037251
153,b074b21c326ecaa6b6519fc7dfcf54fa4e4457af,0.0008643408849214514,0.006076480553019792,0.589830141980201,6.061811818974093
154,ef0957302c6383524448cef2cd4cf18c7da18ea8,0.000869649675829957,0.006122171471361071,0.5909783254610375,5.9917854719096795
155,5cfc2d3ca06fb6afc95c16db172f710ed6e7eed4,0.0008751258331661423,0.006126475753262639,0.5972170995082706,6.109261153033003
156,aba1b4a7864752b005c9f5d1bd58fa02e08ccff4,0.0008507577877026051,0.006060927757062018,0.5878293809946626,6.013023604056798
157,32f382c86f384a02eeb87f67fea806e6b9961b5c,0.0008511140864963332,0.006098888756241649,0.5928049025824293,6.027901452966034
158,33351f646e0b523139fbba4986eba54a3bfe55a7,0.0008580399638352294,0.006239178765099496,0.5961798799689859,6.070954943075776
159,90133e16d02c67206e350ce222d76f938596706f,0.0008521978743374348,0.006037726008798927,0.5878418965730816,5.94370138051454
160,26527695f9ee7b7bc3fdd3af67d7e8b068cb1e0b,0.0008596780438286562,0.006115797266829759,0.5929899980546907,6.013241757871583
161,5b16107a537c0ebd2e4517c02ecfb9a24f54c827,0.0008601813363687445,0.006151121517177671,0.5950873144902289,6.007998314453289
162,cd3b44d5f0915245138d44fdb3ee376601e34716,0.0008638558404830594,0.006152908725198358,0.5933698274893686,6.020263939048164
163,f77c5e83c07985aacbddb89525785a3f66ce1b3b,0.0008509167431232829,0.006089437520131469,0.5861575580202043,5.978438141406514
164,4f2b219647ae6a7928590be2b709894ae2403274,0.0008506196997283647,0.006077480502426624,0.5875129520427436,5.970875467523001
165,c71ce0e6dbd9ec67b3ac7fb5ac3eb609f8a56829,0.0008515542043217768,0.006050073017831892,0.5842552094254643,5.986791972536594
166,2fc96a0bc15624d7f1f74750bddffeca46f1e73c,0.000941435107961297,0.006102428014855832,0.5864505115896463,5.972464386955835
167,20f22d849002d80485787adeb8a7340dab159f94,0.0008598133378351728,0.00610296824015677,0.5889371420489624,5.994173727114685
168,cdbc935201f3c322a312e8ae8b78d044cbe27bf4,0.0008485460033019383,0.006130204303190112,0.5890229800716043,5.9921769021311775
169,5134132ae9cc9c3fba1d5420353277cf3d96eb90,0.0008591445027074466,0.006152091023977846,0.5920089205028489,6.051656540017575
170,c2dd245047ff2eb80972600163ecac9048d74e1f,0.0008670068734015028,0.006194405257701874,0.5939960180548951,6.069813014939427
171,965b41d418e6100c1afae0b6f818a7ef152bc25d,0.0008515164178485671,0.006051662261597812,0.587467199889943,5.941010722424835
172,0b9b176dcef7f14f56dbd543c89e6da6c6b7b2e4,0.0009770289761945605,0.006129964487627149,0.5910002579912543,6.031113413511775
173,1be88ff070cce6ac720804e861583682564f7e0d,0.000981716439127922,0.006147647742182016,0.5973721530754119,6.042503852164373
174,bcce3ac27e05ffd10584c3c8c666dade21714d1f,0.000848962595531096,0.006094146519899368,0.5876868604682386,6.033081013010815
175,5b126f882bc90a22f7fe20518f727eafe8238d86,0.0010126035194844007,0.006098845507949591,0.591387068387121,6.0454340213909745
176,ad0049026f4afa5d6e8312c1a46b3777be396104,0.000868594836598883,0.006149392924271524,0.5945210189092904,6.08075950993225
177,9ae4a0d1ebc52a556ed13248172e8280ad9fc6bd,0.0009041239973157644,0.006087487563490868,0.5872389804571867,5.968199203023687
178,d5010b129e4f3714dcad04eb7115372848fbce36,0.0008432421212395032,0.006008659489452839,0.5802138689905405,5.911685025319457
179,b3f41eeafd2708a6b519cf3c7ba3576dfa1cc5b3,0.000991766108199954,0.00618027348536998,0.5961698123719543,6.078021285124123
180,637af579ef5985bd8c267817cf445aca5bb34531,0.0008665144947978357,0.006123939179815352,0.5984134676400572,6.05469880416058
181,e1968acbedfb312b47993ac2869a5f544383195b,0.0009539041202515364,0.006019649212248623,0.5826563772279769,5.906404258450493
182,974a54058fe52ead24bc54a0015d3e065f78f5e3,0.0009595337323844433,0.006020986940711737,0.5818629080895334,5.967405781382695
183,54c2a266780c02852003330f59bf3bf20e36eaa0,0.0008987016044557095,0.006070482661016285,0.5851917658001184,5.922790782060474
184,fed47a489e3da26fffb98a6dda32dbc9ba0f63c3,0.000847876537591219,0.006048034527339041,0.5833488192874938,5.9421586317475885
185,b03c575834a68f3a8dad5e2974ccee7fa76003ac,0.0009527972433716059,0.006084763212129474,0.5898277014493942,6.038605760317296
186,68439794b84836f43ec389be0e702ff64ee76d44,0.000982155790552497,0.006079477956518531,0.5894055438693613,5.995034326100722
187,dfd4c9de8d849363e3d4cda7a0792ed0670165cf,0.0009642343502491713,0.006139140808954835,0.6001149180810899,6.064332454930991
188,5ff70eb0fd61a39207d5166479507e1b099cb707,0.0010067354887723923,0.006142822443507612,0.594380005961284,6.0142784679774195
189,1c58504eec43f9ba18ac835131fed496fb59772d,0.0009947873186320066,0.006069479044526815,0.5861909457016736,5.999366004019976
190,1cb387128f66895b42c19578ccd60c34649de988,0.0010597365908324718,0.006079167244024575,0.5882903947494924,6.004752106033266
191,2582c681082e6c2c74d424e255afa8efefa4f899,0.0008591027969184022,0.006154337781481445,0.5950785840395838,6.055092272348702
192,43ca3a5bd882dc69bca0fa777113e6821c9f44e0,0.000968849053606391,0.006201346637681127,0.6009695869870484,6.063875645399094
193,22356fc0ec8ca50aeb8f40633f7c7d906a648ab8,0.0009894473478198051,0.0061044052708894014,0.5928169582039118,5.986382362432778
194,243dc1e90e59daf18b17a6a1ebb705cc7bc66e92,0.0008700084484492738,0.006072123069316149,0.5915940960403532,6.036507184384391
195,078ac01a85c4db46e7f148829c2e0d0e0f30c36f,0.003351606195792556,0.006160396384075284,0.5966604703571647,6.066290359245613
196,77c5841b93873bb1d71c38be3e41cf81ede59743,0.001078686909750104,0.0061597388703376055,0.5977599830366671,6.082593323895708
197,f0a74b2d4e50a1b4f9d9189c6b2e31b920913a8b,0.002154082991182804,0.006054903729818761,0.5905167104210705,6.006614973302931
198,5d8bcae56a337d21d7bf60d042c7dff32d91b451,0.0009854643139988184,0.006083479034714401,0.5908985575661063,6.0094295216258615
199,642181c76b11bd1cc87ee7443d3ee215744df0fd,0.0010080905631184578,0.006124795065261424,0.5938774640671909,6.0500150171574205
200,f01b4e54a4b46a84a5a79b03bd2bd2f21b190f12,0.000988005893304944,0.006106983870267868,0.5880467609968036,6.005904992343858
201,170d1bbf566937452fd9bf14a84a69c9edb43277,0.000996498391032219,0.006081924308091402,0.587206723401323,5.968701745616272
202,18bfeaf2716001afa8785638a75f90259dbc8aa1,0.0009665116667747498,0.006168997497297823,0.5972363175824285,6.047233924502507
203,12f9da5615e6c1e387a9101a8923867343dfaeca,0.000996498391032219,0.006187175982631743,0.5967116625979543,6.05567910335958
204,3310cd0e8f1b36d7da8c1352441b1240be4bedc5,0.000987780513241887,0.006055431091226637,0.5860523704905063,5.930137677351013
205,9ccb42d02f7b3fb2b47854bbd4ab418676e6be42,0.0009733410552144051,0.006111002527177334,0.588645746698603,5.9918564290273935
206,ad5d58c29ab4793cd66afa07eed0f77c7ad59dc4,0.0012086790520697832,0.006065846886485815,0.5856858429033309,5.971452985191718
207,081c7230546861259bac75a316338b1c00005d5e,0.0010140037629753351,0.006160052260383964,0.5943412915803492,6.010531360283494
208,3f6dba405c259a41e91077868f54722ef0a2a325,0.0011100536212325096,0.006096218712627888,0.5928850704804063,5.982341370778158
209,2ac14a153ed79377130a38e1425574e97602455e,0.001022248063236475,0.006222832482308149,0.600159551948309,6.090819371165708
210,8c2112dfb073c069a56d8840a21ac2ee69f920e0,0.0019375395495444536,0.006152573507279158,0.593664854997769,5.994126082397997
211,8626a559680d9d6e681c02e703bcaf3de389fc6d,0.0009802295826375484,0.006141766090877354,0.5929058017209172,6.026093795429915
212,caa9b6045cedfaf0a4735bd2be55164549a4ddcf,0.000866343538897733,0.006144033512100577,0.5905803637579083,6.030323927523568
213,c67396b805291e1a880084e701f160b21d2b4b1d,0.0009773350320756435,0.0061042881570756435,0.5853645359165967,5.971708443481475
214,063b3140ec3792f0420da9f386d8240693213ec9,0.0009695687331259251,0.006150784669443965,0.5928201354108751,6.019867370137945
215,569dfcd79aeb2a584e008861e5e29b7b5115d94e,0.0009514812845736742,0.006075558252632618,0.5867718625813723,5.966342138824984
216,0f6a3aaa34fe72586f8c66ecc4744fc960d62ae2,0.0009451867081224918,0.006156951189041138,0.5939719525631517,6.088761771563441
217,0ce156413feb21a4f2a8eae3b1cd954d04240edd,0.0009431245271116495,0.006084014545194805,0.5869864039123058,6.010940061649308
218,e78d0764d414952716ec75e3c44a74359643cffc,0.0009745641145855188,0.00613856187555939,0.593199213501066,6.024260743986815
219,76b711ad87d114f0f7926877adccf14dce04614c,0.0009803101420402527,0.006203516270034015,0.5967375314794481,6.016599586233497
220,42228fcb513c08729f822fa6be70e16a7a68067f,0.0009385864250361919,0.006010677665472031,0.5813961895182729,5.925177738536149
221,1f3650643f341af8ca5c12529a479d73d3103895,0.000976824900135398,0.006067618494853377,0.5869377283379436,5.99999196943827
222,9005d7df9b644b3b3de55118b7f7ffa026e4284b,0.0009921628516167402,0.006118663353845477,0.5897798738442361,5.97562077594921
223,51d1a99a84f5e2183b79dcc04713ffd90cb0caf2,0.0009498498402535915,0.006067907554097474,0.5852109058760107,5.983269627904519
224,8f7adad487ebac177964a577f5d263da975d8333,0.0009475925471633673,0.006146995117887855,0.5902383709326386,5.983486782526597
225,3ac8f65681e2ee55c8b8bbb25f1d4aacba07d9bc,0.000939670018851757,0.00611969328019768,0.587251559831202,5.967842106008902
226,e44d0ecad9a8565b5f159c674e2001e725e58bfc,0.000985774677246809,0.006230982020497322,0.6043989495374262,6.084160273661837
227,4b9f7b54219c1a653ca8fa2fb53f96ea54a765d8,0.0009426181204617023,0.00604822114109993,0.5847195028327405,5.906954056583345
228,b489287af94b32d6a6d550c6e05f1cf92adf3248,0.0009798365645110607,0.006096921977587044,0.5915372893214226,6.002863032976165
229,efa7bad30d92f5f58448e753b3d280d3bea157be,0.0009773424826562405,0.00604834093246609,0.5824047781061381,5.923979602986947
230,c6916f44904b46c7c7bdb92ceb5242f3f6e00474,0.0009743780829012394,0.006048208801075816,0.5824606083333492,5.917552676517516
231,fc1f196584ff6dd530982febba2322679317c632,0.001178012229502201,0.006072279764339328,0.5936160110868514,5.9635709202848375
232,c31ba764540a12843b3caf711b447fe3e08c5a46,0.0009675882756710052,0.006128104403614998,0.5898877922445536,5.991477871313691
233,52c9e6f2e3e72081576fc7f629fe3eb0c67b143b,0.0009510712698101997,0.006088439142331481,0.586584638338536,5.961727642454207
234,b38ccec64c502579f48c1fc13d0b34f689171f25,0.0009504943154752254,0.006077127531170845,0.5822528437711298,5.925817530602217
235,40d5ce5437db00f6507580651ec5c6dffc161134,0.0009475396946072578,0.006050570402294397,0.5869783242233098,5.992007570341229
236,0b516d28e606d97266a95234a8deea268ecc3ec8,0.0035139108076691628,0.006256085354834795,0.6050289180129766,6.145487055648118
237,e51992aa22f9868ac4ab09608c5ba98cc93fb590,0.0010948553681373596,0.006051520351320505,0.5895753144286573,5.936261990573257
238,73e7d8e82efde0fbed5b888f31bd894d5d7d6936,0.001149514690041542,0.006177102215588093,0.5966605213470757,6.038012831937522
239,11c1e161be588da14a501f54d8a3974bee7a03f3,0.0011061439290642738,0.006100371014326811,0.5893295807763934,5.987653201911598
240,1d598997543637b9882d1663117b573210a20583,0.004330613184720278,0.0060980000998824835,0.5943986438214779,6.037327282130718
241,99d056fde04538ffacc877cfaea926ab979ea824,0.0011199521832168102,0.006143498932942748,0.596729698125273,6.13889199309051
242,2f790d8768095a7c237794eaff31b8ae4a0411f9,0.0011247997172176838,0.006264473777264357,0.6030263677239418,6.150984560139477
243,9eb7560e77c43af561f5242cf30df6b1d7442e83,0.0011074733920395374,0.006116213975474238,0.5909328735433519,6.011007785797119
244,8dfaa4a5e0ca329e16a853d5982ea5af5d044b47,0.0011426876299083233,0.006052093813195825,0.5872914735227823,5.956699238624424
245,482625dd29b4f3f3c43a731611063286f8bffb73,0.0011671916581690311,0.006060352316126227,0.586373349186033,5.988461685366929
246,dc854841806549086812aeeaa6d5c2e98799a4be,0.0011634794063866138,0.006081381114199758,0.5894812596961856,5.9820178328081965
247,cf7b712691a960cbcd6a744350c83a95f8d0154e,0.0011828625574707985,0.006148085230961442,0.5939607811160386,6.0684220478869975
248,b57c5349442d11f7f72aacec299e2c6740ec0a32,0.0011075879447162151,0.0061244063545018435,0.5887344987131655,5.962187040131539
249,630f094b99afa8c693652066a3fb8918b9f3e142,0.0012133913114666939,0.006135149160400033,0.5907555129379034,5.996968921273947
250,897431cc9207af9cbc34ce6295dd44256aad5db0,0.0040768287144601345,0.006193065084517002,0.5981382220052183,6.1055644210428
251,e800a3e08a1cc4cff200e5b837d5e027cc55c82a,0.0011244872584939003,0.006029698299244046,0.5831591603346169,5.9237995143048465
252,517f53dc91164f4249de9dbaf31be65df02ffde7,0.0023987488821148872,0.006145513849332929,0.5938004492782056,6.082081689499319
253,96c21f037679c0766142fa8dc3fb143b5927439f,0.0026256609708070755,0.006098084384575486,0.5862300964072347,5.931884032674134
254,bcb036a58aac566d4050b163a0f6b77e09c40123,0.0009985538199543953,0.00611193454824388,0.5900104031898081,5.973433916922659
255,6d6df47fefdc503fbcffd8cb14a5daaa956ef220,0.004141817335039377,0.0061605870723724365,0.5942372758872807,6.110563390422612
256,6ee49178517088966e63c2aedf6a8a5779ad5384,0.0010407506488263607,0.006047016708180308,0.5812096996232867,5.963461221195757
257,59984a3596e00e088b10c58f02856e8088fcd4df,0.0012157736346125603,0.006119257537648082,0.5905503542162478,6.044872723519802
258,619422b493eaf88c42373af1725ac0aa2297fa91,0.0010655936785042286,0.006247818935662508,0.6025849743746221,6.112071861047298
259,017f717934274e481f1304d3c2f52bfaa193e7f2,0.0010745842009782791,0.006156683899462223,0.5923461490310729,6.04882080713287
260,f80584a48ca9bcb2ff451a017bee2479ad78aa28,0.00348771084100008,0.0061289186123758554,0.5920593091286719,6.009269498754293
261,651bb25d6b409b9031c40cf33f991d24f350edd3,0.005670774262398481,0.006200033472850919,0.5955390227027237,6.053404008504003
262,a695a9f240922790c8062b3349fe07812eabd251,0.001181981060653925,0.006162403849884868,0.5919502363540232,6.0489058108069
263,87964f1c5738492b152e80f7e38010c69214e5ae,0.001195020042359829,0.0060190847143530846,0.5801533763296902,5.8956119264476
264,389f56c80c9d940d79fe4136b7a99f8d29aef8d8,0.0012004990130662918,0.006139758741483092,0.5919512584805489,6.055055932607502
265,20f10762fc20a29923b6943235c2577b8e3ac9f3,0.0011531696654856205,0.006104104453697801,0.5924924411810935,6.007012579590082
266,cc7038fb59f8dbe8ff08cae4723aca38169a5a59,0.002013079822063446,0.006161724915727973,0.5929397069849074,6.04357345495373
267,05595e9afdb11b664898a5eacaec6c7d1e284cf9,0.0011204546317458153,0.006088295252993703,0.5854507624171674,5.937282362021506
268,92b880f64024c0694c69a6397568ce758102f9d8,0.0011859359219670296,0.006049128016456962,0.5840942398644984,5.908513073809445
269,7e3fd81c039b0e22715c4e6eb63439bdf5a620bf,0.0011538593098521233,0.006088983500376344,0.5867361640557647,5.970585957169533
270,e67737e2e63e36161c8f80715c0a347e46a06d91,0.001125816721469164,0.0060605991166085005,0.5854913499206305,5.949557205662131
271,d13a4f06ea84da112d5069b3fde148e307e7f94c,0.003406182397156954,0.006125780986621976,0.5911059519276023,6.010707070119679
272,4cd98714b665b389833f1d8b4b1d2df9e12685ad,0.0008585595642216504,0.006148708984255791,0.5927855554036796,6.027676812838763
273,909d6b8fabe2f0fcdeba6927e4506f19aae52f2e,0.0011805878020823002,0.006063566310331225,0.5853895386680961,6.0053925155662
274,44e26f24621ce86ed6b24bfba4a04e82319d7bf0,0.0011912323534488678,0.006075968034565449,0.5873732748441398,5.965033779386431
275,4753652c605833e2398d7e46b754a71729a54713,0.004204281605780125,0.005994516192004085,0.5784064857289195,5.887832721695304
276,92bda60074d0afcc3d29a0131037f11b350a99d7,0.0012130686081945896,0.0061122390907257795,0.5875166850164533,5.990439193788916
277,6f8d7fd467b69229c0a7ed3662966573e8b3d85c,0.0009672143496572971,0.0060615576803684235,0.5805825730785728,5.95073422184214
278,ae6ba5d215451273990f2826f2cf28f091d71446,0.0008612309167498704,0.006082598500142922,0.5863041759985208,6.0447535529983725
279,4200221ea22bf6c49a4038908aca75b2b07af0fe,0.0008641977915431198,0.006183607000821212,0.5952526589990157,6.2103709949988115
280,100e7b8459858805bc66af122445495fb840bdca,0.0008540695418256898,0.00607326125009422,0.5911286449991167,6.039357078001558
281,6c9ecdf2847d03d04f5111d6df427a29fbb36319,0.0009577675009495579,0.006148884498543339,0.5998908054971253,6.053104317004909
282,22724bac3465e6f699313cb6301722cddc6351b3,0.0009113444163328193,0.0061864349991083145,0.5976786630053539,6.119768361008028
283,7309a004dc0f206f7dfc8d355711a2d8d7c9c62c,0.0008525551675120369,0.006049042749509681,0.5956442869937746,6.364798570488347
284,2ded173ae40ef8368e93367a02fc7db0b02cd34c,0.0008489320838028409,0.006133498995041009,0.5876607505197171,6.082325963492622
285,14c3c183aa6b8bf504e8b763a3ce0c8ddd0ef6b6,0.0008509078337131843,0.006068935006624088,0.5856932199967559,5.940928185504163
286,58dbafac8dec98557fb99e7884a970e2ed9a9973,0.0009128780075116083,0.006206532001669984,0.5988648185011698,6.12796447450819
287,ad5ad8a3e6a3e8533c5c5ec6e40bd90fa4d733c5,0.0008643731683453855,0.0061554354906547815,0.5963173694908619,6.045988641970325
288,30bf46c0538266ade0ac0e1a18486a226196b738,0.0008950818349452069,0.006317173014394939,0.6027502689976245,6.2619028044864535
289,b022f204f697e8ef6c719fc8e84bcf5dad8ba6c3,0.0008518924587406218,0.006099201244069263,0.5904015364940278,6.040344462991925
290,deb794394108dd27f27a5a2781bf3b5131ffff65,0.001573322486365214,0.006168484498630278,0.6100794814992696,6.106752596999286
291,1a5462651bbf61adcf1816f2253eeca2b26ca162,0.001003085490083322,0.006134094248409383,0.604825329995947,6.2882430799654685
292,e525a8f83f84fadc3f80d3be3b497066022d108b,0.0009722030081320554,0.00611588399624452,0.5942128600145224,6.064749359473353
293,13080b05787e1379cc30e18840ce704475b56179,0.0009448339696973562,0.006084904991439544,0.5891137970029376,5.990987983503146
294,9babf6596876be7be02e823688a2b359756e27f3,0.0009213299781549722,0.006170575245050713,0.5930969375185668,6.085069756023586
295,86721b1a6f3cb941365b8dd785691d56e5fe2c22,0.0009832559735514224,0.006126312480773777,0.5906557049893308,6.020354587992188
296,ecf407ec846324cabaa0afd4bcfbe90899c94da1,0.0010018290195148438,0.006155222741654143,0.6331354215217289,6.020509618479991
297,666b17976e1ee7bb2079259831ccba41d37cf078,0.0009550489485263824,0.006141889258287847,0.5941609895089641,6.294989736983553
298,2f3b82638a24204a13c9b16a3a36a59f199df41d,0.0010577040375210345,0.0062181462708394974,0.6158134244615212,6.523000580025837
299,8931a70dbe29e0964cffbbf7637464229688c833,0.0009498669533059001,0.006103860505390912,0.5977429419290274,6.079083401535172
300,872c6b7de255059a580de414d0030f86471193b1,0.0009538325248286128,0.0061868685006629676,0.5913027114584111,6.014093538513407
301,d3e64fcf2b1c97d75bae731107cf01d6c0e37caa,0.0009992719278670847,0.006134382769232616,0.5981989859719761,6.159354784991592
302,e66453568b685dee47d6e6e634b3a47edffcaeed,0.0009769710595719516,0.006132272246759385,0.5954139104578644,6.024906239006668
303,ae821835fdb8732aa2bb4ff10f45fb7981fb92ff,0.0009701609960757196,0.006120734993601218,0.5936912340694107,6.214454386965372
304,9ff05dc5d5afd4e801f1acf27b33ca2ed74c48f8,0.0011635709670372307,0.006108149740612134,0.5934093935065903,6.123513916973025
305,ba9f93d8ad9763ef9867bac5761a40fa4770aa82,0.0011458744993433356,0.006168442749185488,0.5943518654676154,6.035229928500485
306,bb402268b0fdc403b05a38a20b7bc324759b41f1,0.005183116532862186,0.006401105230906978,0.6576474655303173,6.609478970000055
307,c6e27fb0188d77e86fa30c8bb3fcce8f1b398202,0.0010312069789506495,0.0062554577307309955,0.6093188869999722,6.196253776550293
308,84a4c4b03a43c915151193685588f80759f2ea44,0.0010910124401561916,0.006126233492977917,0.5886087930412032,6.047541786567308
309,7f836a9aca57de7fcae188b66ee1d8b60c6fc7b1,0.0009568585082888603,0.006088762485887855,0.5878861130331643,5.996179581503384
310,e4a8977758f56d4e1b5efc6117e515490b278b46,0.0008578097525363166,0.006115897005656734,0.5898195410263725,6.064725624513812
311,5d683506587aad4acf689db4145f41a6d6f6ca52,0.0008639599594365184,0.00617395099834539,0.5947260844986886,6.081731042533647
312,94df9336010b9515cbad0d9754edf1ec94d54f27,0.0008547155399962018,0.006138856493635103,0.5917063619708642,6.007040568511002
313,823c59c659832c0a9b95829dbc5ebe7f5c81e1d2,0.0008450539171462879,0.00603591074468568,0.5801321614417247,5.9325414969353005
314,beb031d64b42f4643d1ba5186c091fb1328ac8c9,0.0008619385431908693,0.00612288573756814,0.5926851050462574,6.019719833042473
315,5294c82afa7d5f20152ee5b0d1406a909b735307,0.0008600634658553948,0.006132961076218635,0.5928856919053942,6.0193200134672225
316,1327a530ea88b83cac8591a402a61bd9a00ecd0a,0.0008521886193193495,0.006090721290092915,0.5879559374880046,5.982622521929443
317,56f444a0c50d949bf9eba653bb91346fdb8f1069,0.0008647582435514778,0.0060219442239031196,0.5858030095696449,6.002243802533485
318,5f7114ca823736e3f55176cf6a3fbeb77efe0279,0.0008520599512849003,0.006123638479039073,0.5903405124554411,6.064673452405259
319,3d99ec9df4d90656286d0482f0f50af886616a96,0.0008584590395912528,0.006121128215454519,0.5850465773837641,5.949859589454718
320,59e8fc601bf38c94bf1ee0a7153a7ee385133e4b,0.0008608244243077934,0.006125643500126898,0.5900026035960764,5.9653785025002435
321,a813a5feb53cef3b22d60599ec330cc945f1b85c,0.0008548852444315951,0.00611295469570905,0.5887857379857451,6.025642970576882
322,8b81727c50fd7dcb99e4644e8d76f2eaedc4d066,0.0009176299208775163,0.0060442209942266345,0.5814750948920846,5.953110106056556
323,bb63a1a49bf1fe766ceab3237e0003aef5f19854,0.0008563876617699862,0.006031398253981024,0.5827760464744642,5.913471939973533
324,50ce0fce70cac779919d97578381a9d762f42594,0.0008567694167140871,0.006057491060346365,0.5843937024474144,5.952539279474877
325,3ba84d2fedf30aba7d47f81e36bbf265745c4e1c,0.0008544358715880662,0.006100502272602171,0.588317702524364,5.982752062031068
326,892a3fa83ca8ef2db9d896efb482f88ad21d6b5b,0.0008494633207605643,0.006054782483261079,0.5850839315680787,5.998793998500332
327,411fa9ba04f904f3038175fc05722adb545fe954,0.0010174635099247098,0.006202835706062615,0.5884650180814788,6.361275237053633
328,125b0c82053c42c43d1b4b36c6184ae71c75c548,0.0009403304429724813,0.006174032459966838,0.5966746094636619,6.156588453100994
329,bd8be5417632c019dbc1d36400052805f95a372c,0.0008589777474602063,0.006083544983994216,0.5886162698734552,6.08956597559154
330,b58bbb72ae0e24d7e03fd18f6f3fbdfe95481f8e,0.0008508416164355974,0.006108074972871691,0.5880845075007528,6.030919107957743
331,4f88a0267a3a4992aacde45df7719fdef713bedc,0.0008652523295798649,0.006070778239518404,0.5873764974530786,6.040224828990176
332,a6b4b2bdd6baf2afde27284097426e93912452e9,0.0009514039847999811,0.0061011085053905845,0.5908851119456813,6.013938980526291
333,fe610388a1f25c8d8ad80fbedd8117d91fdce9db,0.0009649974526837468,0.006085513276048005,0.5820564350578934,5.951797179528512
334,32ae22722fc1f665a90d16b110c219b1c24c857e,0.0010069990530610085,0.006135725532658398,0.5948978238739073,6.0889898128807545
335,0eb532de60c9caaaa568ea294e7e1427265b6552,0.0011345278471708298,0.006183744757436216,0.5938084330409765,6.028893442940898
336,19efe2199845d1ba5464795eed89a347c70d22d8,0.0008558158394104491,0.006070191040635109,0.5881367935799062,6.108194428496063
337,5e8ad11b75245caf2d158eacf369b011ef262795,0.0012374750804156065,0.006090121285524219,0.5900940139545128,5.988005728111602
338,8cb86fd7b454b40c7b822146d5e26c55fdc183ec,0.0011494134087115526,0.0062195389764383435,0.5991512044565752,6.1534465085715055
339,84c63b626c640a2473bd8cd0f8c38270d6ef5d3b,0.0010380279272794724,0.006031941506080329,0.5814545340836048,6.009848059969954
340,249198b3df5fa16da4417501fa8a329043ddd20d,0.0009855938842520118,0.006165371451061219,0.5929789955262095,6.085633721435443
341,8ab709c26db9d10fb9365c8faf05b395822482c0,0.0008685551292728633,0.00624721753410995,0.5995178074808791,6.141866193036549
342,d329a66dbb9710aefd03cce6a8b0f46da51490ca,0.0011440860107541084,0.006194903515279293,0.5992603644262999,6.243894889601506
343,f10a3df5f0b8434bf7c33faf00719c84333e65a0,0.001192080439068377,0.006105132983066142,0.5887897425564006,6.001791583024897
344,29f0b532988640cf2441b5eeaf57f87296ea111f,0.0011708290548995137,0.006074748525861651,0.5906873779604211,6.054199654958211
345,f6196441b7240c0fa862790efdfb1a62bf557744,0.005873364978469908,0.006105877750087529,0.5912694110302255,6.120389881543815
346,dcf1614dfc11f9004e408ed8c833980c951c541e,0.001191511983051896,0.006043049739673734,0.5834793009562418,5.92477388761472
347,78d7ab3d0c35cb8aa0cdf449e0db1472e6ad60dc,0.0010151739697903395,0.006101485749240965,0.5884234515251592,5.944627554039471
348,84809accddc771d525319c227d78c0152b1f7874,0.0009857889963313937,0.006078884471207857,0.5863147360505536,5.996455309912562
349,d41b43ebdac8ae6110598649401dfd780194fc3d,0.0011700136819854379,0.006045127694960684,0.5836928690550849,5.9580197664909065
350,6ce63913d3533bdf4028ab6bfcf0e1d3a91820ee,0.0011597744887694716,0.006079974235035479,0.5899868370033801,6.0172849430236965
351,41e254f96e8d5bd558d2edbf8b198eb4143e8b74,0.00524487835355103,0.0061253918102011085,0.5924377150367945,6.006875523016788
352,66c756ce333dc40120d4dd77b14517c6819cd410,0.0012138655874878168,0.006001552217639983,0.5809340249979869,5.937411185936071
353,a7e65a0bfced15f1ebee9c9d4a6b49d6008007a6,0.0012155475560575724,0.006071011244785041,0.5865887784166262,5.990617858944461
354,16692b1a3c241245fabb98741c0e90e630ab3822,0.003290549968369305,0.006103146763052791,0.59326194843743,6.036670956411399
355,fc2518ba6b11fc52b0ff477b9e83576be90562d8,0.0026925349375233054,0.006092708266805857,0.5894866761518642,6.025237558525987
356,78593a1059f0a9c04385f97b2c1caa221efefa5f,0.0014805799582973123,0.006114715477451682,0.5891891999635845,6.012190184555948
357,fc92666e6331a0b9b7832a3ff0e6dd5b2822a0de,0.005838878569193184,0.006006670475471765,0.5839781846152619,5.953887774143368
358,471a2ceaf3f0b77ca63003b196e8ba8c54283806,0.002077187062241137,0.006061136780772358,0.5896588155301288,6.081072390428744
359,a699f2879ab3836fe6d1619c518c85956a3075c1,0.001436768565326929,0.006010104494635016,0.582520795520395,5.967719028471038
360,ba5205c1b8a7bebdf37535c701ffcd8bd79362bb,0.0023491360479965806,0.006117571494542062,0.5922386465827003,6.203817922971211
361,a597fe9e738768d97c398a869fd188860b3047b2,0.004354438977316022,0.006241414754185826,0.589200792950578,6.038788001635112
362,daffccfa95251024a814139a622feb367e7c74c0,0.0011196736013516784,0.006076381774619222,0.5881490994943306,6.028034079121426
363,da0d66baff4731e13017e7e0802eded966b85664,0.0010863860370591283,0.006064876972232014,0.5877026484813541,5.968661421793513
364,c65e5dc7c91bbb257e98e6b61e5e827db49c1552,0.0011734203435480595,0.006101235747337341,0.5896314806304872,6.0963146379217505
365,37d2ec8dc68aef30f784eb35cdd64f78dbcd076c,0.0011576325632631779,0.006150638801045716,0.5937377023510635,6.077725362032652
366,3f11db40d80b6ff122f41185b0b93637bdff0e39,0.001175848301500082,0.0059767026687040925,0.5794575235340744,5.940846596611664
367,543655176a05e2f6a54dbbadfb754416f14fb215,0.0012084359768778086,0.00605998164974153,0.5876385665033013,5.982359422603622
368,e4894aef5c93c845081388818a2eb4264c5e1d72,0.0011269282549619675,0.006053564720787108,0.5852891446556896,6.018029464641586
369,c02feb9c70befed4cc078902d28f9df37d9f984f,0.0022446324583142996,0.006051108590327203,0.5846025128848851,5.982892467873171
370,171ea2a856e7b40d0806501613f7361e09f0a2f8,0.0013021465856581926,0.006277166889049113,0.5853059785440564,5.986521785380319
371,b5b417b3d3d988178a844ce6f20457966509b038,0.002543005160987377,0.0060674333944916725,0.5877113060560077,6.050353868398815
372,74ad82c422f53dcf8637970a6f399adb37c1a67a,0.008683871943503618,0.0060859485529363155,0.5900695738382638,6.069688933901489
373,36e017194c32a53cf2965a513243cb3c348095df,0.0011423402465879917,0.0060496918158605695,0.5829291129484773,5.982983191264793
374,aa874275d41d924523b718b961515eb8a1665dee,0.0008528819307684898,0.00602507044095546,0.5842636446468532,5.933613548986614
375,27aeb6f71183635e3adcab602118b3d8912e006d,0.0011132368817925453,0.006022020010277629,0.5850716233253479,5.988824188010767
376,4262a9c717a1504d0548d74c3276e296b04a8826,0.0011388214770704508,0.006053261458873749,0.5823635580018163,5.95351703511551
377,671804035cda35211f97f6cf9f80d16152a872fd,0.001097479835152626,0.006126612774096429,0.5894386910367757,6.007196239195764
378,58cce65ce37a3e68c82878b77c844ce69a489caf,0.0011455286294221878,0.00608701107557863,0.5924173935782164,6.024841615231708
379,ba4e4b6558050e0ef0fa3a312a46d65a5f021c16,0.0011432610917836428,0.0060056435177102685,0.5836841457057744,5.989814891014248
380,5a4140d722117afc89869d5772ddd7a67448cfbc,0.0011713465210050344,0.006656504701822996,0.6443860530853271,6.050363845191896
381,076c599f25255d991f59056bd16f80aa72631ffe,0.0010529824066907167,0.006180551368743181,0.5954736224375665,6.087403793120757
382,f9e161df7113350b6a0f83d975dbbb5c2fe93ee7,0.0011376063339412212,0.006073956028558314,0.5882952169049531,5.985546720214188
383,470c783b50e82ff43fe3e808071b2f95f8f85f31,0.0011842146050184965,0.006113852257840335,0.5938298553228378,6.089617893798277
384,a96b18e3d4d11be31a321999cda4b795ea9eccaa,0.0010723890736699104,0.006103835068643093,0.5897451255004853,5.986219373997301
385,a906c1fa8cb68e937c87bfe63df07073e983338b,0.0011470939498394728,0.006138329277746379,0.5975880259647965,6.053522046422586
386,ce6c68aebab74ce82ef83e1c6983faffe462066d,0.0011364736128598452,0.0060385402757674456,0.5903212805278599,6.017612779513001
387,d7d65c9d56ddbda8f48ad4b988aecad03fe3a8c5,0.0011194504331797361,0.0060395789332687855,0.583565903827548,6.133074097801
388,5c4b58674f80cbc3a29546bba32df7f16e11d68e,0.004609303316101432,0.0059732337249442935,0.5799455833621323,5.952026704559103
389,cbde47818a821ef951ca73e851579ca75d23a82b,0.0011261855252087116,0.0060604193713516,0.5855133596342057,6.029420590260997
390,84d84293bec9d17548097b41fa273aee44285f5d,0.004853116814047098,0.006117131095379591,0.5868669035844505,6.041265571955591
391,7bb4697b2ec2425bfb41410079841854b2abdd18,0.0011012731119990349,0.00604409200605005,0.5840588563587517,5.95234659826383
392,8b901c7f33b7dd76e04df53203c19e1afd80dce7,0.0011899408418685198,0.0060135998064652085,0.5825442050117999,5.970834442647174
393,a0e136b0e0f21b241e97f0ed47f56f131d69f913,0.0008497131639160216,0.006042885826900601,0.583001283928752,5.929605198092759
394,55ecf648d68f3fb9691fbe0f9c1d5e6168cc5cec,0.0011052887421101332,0.006082596839405596,0.5892445750068873,5.995174348121509
395,1b212bda1c2833467177eb0d62c6de6c224c6a80,0.0011240765452384949,0.006147644016891718,0.5895394871477038,6.0037921434268355
396,bdd4e2e29c4b011cf455a72f85c92010656d2722,0.0011538544204086065,0.006155126495286822,0.5983286811970174,6.167396632488817
397,c25557e0a9b2d80950a8501062fc337913a3549f,0.0012023383751511574,0.006157928262837231,0.5936035320628434,6.013403609627858
398,266f40a00c04bf502093778c99a0cc06eda1865b,0.0011605096515268087,0.006050617783330381,0.5864801595453173,6.047295287717134
399,211d5c193113f3e49e18422bd9926db9fb07f78b,0.0011277850717306137,0.0060769920237362385,0.5896856605540961,5.991296840831637
400,64b64cddba55312b3f49686ba7aaf72760166b29,0.0012148465029895306,0.006127502419985831,0.5943334274925292,6.08268439816311
401,fb314a390851d4c21f3f6a2a87cffd329219c524,0.0011232707183808088,0.006056591053493321,0.5855018254369497,5.981368760811165
402,9ec27a3f5b81e6a7e808836410c9b6a73204c27e,0.0011680279858410358,0.006150057772174478,0.5832354901358485,5.919521439354867
403,489de42a9585615ca9962a83882896069357ab97,0.0012102914042770863,0.006069119554013014,0.5897455725353211,6.00396421761252
404,924cbe4dadcabd337a6d8b0ef6efa3091a3ed5fc,0.001215021824464202,0.006067953538149595,0.586697052931413,5.951116660609841
405,821a18e55916d0d40227c58ea75f589ea3d9f078,0.001187261426821351,0.006103162071667612,0.5916647254489362,6.148158731404692
406,abce2a0604a4db5d8072a0b1478c7af439882ed7,0.0050858010072261095,0.005964710959233344,0.5739180587697774,5.881746657658368
407,a5d021a1b6f439a19812926bc4d796ef5f346c44,0.001193975331261754,0.006014083628542721,0.5834223271813244,6.032226770883426
408,f1671076c80bd972421751f2d48186ee9ac808aa,0.003029861953109503,0.006046434515155852,0.5900281486101449,5.996647389605641
409,9439b56f8762b8c9b48d2f9e54dfb467aaa2b3f9,0.006455339724197984,0.006103313760831952,0.5859358930028975,6.022276344243437
410,4abd2a845d0723732f26dd9bbba34d076cb7321d,0.004212732659652829,0.00608217075932771,0.5876495188567787,6.028659778647125
411,c8a5ff07e5bda47eab870671634b107da5ab7934,0.0023015260230749846,0.006056051817722619,0.5850052135065198,5.961683692643419
412,267621f07a902eceffc179fa01f984f3e2d4bdcd,0.000860300671774894,0.006177081377245486,0.5928176098968834,5.99518343154341
413,581eab37b5d558ba9b8035f3fa82cfa617e70e26,0.0011186369229108095,0.006047329632565379,0.585698327049613,6.048851906321943
414,6f822d20fe5d0596e2b284d3e246e38cb7cea7fc,0.001196760218590498,0.00603414757642895,0.5856786300428212,5.945125471800566
415,a60d5e8d7652641b861587f1fc8efa3cf2081bb5,0.0010992761235684156,0.006042720167897642,0.5854722892399877,5.958335675531998
416,9e2d66a110090ee7416f4686593fdf9142ce6cbc,0.001125324983149767,0.006127324886620045,0.5907275518402457,5.991590530145913
417,d3ec3cb274fdb1a7d25cf7ee4bf2c94a8aeab281,0.0011133283842355013,0.006136208074167371,0.5912843178957701,5.994172524195164
418,5451fcb06d5ae7cd3f4a9a02314d6e574bd4c83c,0.0011590470094233751,0.0061159125762060285,0.5871854745782912,5.944147674832493
419,ee60cc9164e5a20b98ee6722e25b0df41e411675,0.0038867744151502848,0.0060807764530181885,0.5910941085312515,6.010715663665906
420,f1c4ba3e97cbf5c494f29531b35da6144cac5aec,0.0011249554809182882,0.006171042798087001,0.5899654729291797,6.003519693389535
421,8f8603dd18c9c70191fd75d98793dc94c8ac30fa,0.0011231410317122936,0.006164042744785547,0.5940742325037718,5.992243193788454
422,d647ef2d98852e322d487d6045d5860223dcda79,0.0011746149975806475,0.00611029623541981,0.5865882528014481,5.929672003956512
423,e73c8e5479297f235b37fba91d6d0e8464be66a6,0.0012099952436983585,0.00611536402720958,0.5829849946312606,5.913526367396116
424,ad30b31af0bb3fbfdc0f11486807edc76cec2680,0.0017226522322744131,0.00602010649163276,0.5850428414996713,5.92076236824505
425,073316d25d24b7cb4ffc09fc705448b0e17dc2dc,0.0011040118988603354,0.006009599310345948,0.5846697099041194,6.025045400718227
426,e0d27e381889cc30ac0d5ab906146b7c2794ecc7,0.0011261934414505959,0.006091378279961646,0.5901939116884023,6.078743838239461
427,fdec5a5d3dcd7fdf46886a162147d073546537cb,0.000864145365388443,0.006054363097064197,0.5918308328837156,6.011638770578429
428,d0928f871ccb42484c7e03c456ce489dea908313,0.004650747869163752,0.006005591829307377,0.5789548179600388,5.912119569955394
429,0ac02d3819157a9c64b78157428336200632cff8,0.0009963666088879108,0.006082520820200443,0.5856120225507766,6.034609081922099
430,68ebc2bad1ad6a99e9939eff205a1a6d936cf4fd,0.0009765364229679108,0.006118998513557017,0.5926469585392624,6.066575128119439
431,02d66ecd80a1851c3b206f4d778687b38c9d2c36,0.0009726099669933319,0.00605725881177932,0.57892703008838,5.903008479392156
432,0c384dad6a0a7bfc9842e92253c5f02b810b8bbd,0.0009974518325179815,0.006061630905605853,0.5883279840927571,5.924065157072619
433,19bc8bbe37044b9f23d80bb282758071d0d8bf15,0.000978259602561593,0.006124686100520194,0.5952092141378671,6.050842481199652
434,f1206ddb24d35781328266b2b02fa27e6fbb9846,0.0009837679099291563,0.005995911196805537,0.5794344786554575,5.857020505936816
435,a89f3ebaec7441f4ba5e30eb07206c2a7269778e,0.001033929642289877,0.006112575763836503,0.5912693296559155,5.987464453559369
436,9eabe2f87dbe087e878983bdd69edd8a9084c358,0.0009399405680596828,0.006204670178703964,0.5976596917025745,6.042075514094904
437,5345c2575a28fa2dfbbec83c99636669476c2745,0.00097983842715621,0.006038268678821623,0.5851115931291133,5.9202557823155075
438,ccb971d169e75c35ae0360e0949f31d2c0c49107,0.000983231933787465,0.006104318774305284,0.5934704984538257,6.0109354541637
439,cb98ad400c701f189d4e4043ee2cb44857733df4,0.0010151173919439316,0.0061402893625199795,0.5923618150409311,6.027919424930587
440,a0350ed099d1265dd86627280b03ea7070920092,0.0010165935382246971,0.006205222103744745,0.6000241739675403,6.099499436095357
441,9e85b3701f80a5e48ca5e7fc5281af2aba591870,0.000978971365839243,0.006087128072977066,0.5887216557748616,6.016159153077751
442,f3ff68e5fe874f9626fcbe85000549083f4f222a,0.0009307849686592817,0.006032127188518643,0.5836418259423226,5.922606569482014
443,56315089b048160d7c013f257ebf7ea9fea70d91,0.0009897018317133188,0.005989417317323387,0.5797714006621391,5.874936966225505
444,8d225d918ed052a259331722b4eaf66d54a212d3,0.0009805073495954275,0.006040017353370786,0.5798788147512823,6.02828246448189
445,ea7f5ebbda0016438dc1b80c98ea3de8dfec7ca9,0.0009987761732190847,0.006073859520256519,0.5881596941035241,5.968208591686562
446,b26c86f65f2217578665998db3f3512bca613167,0.0011896875221282244,0.006097777979448438,0.5921691306866705,6.020681110909209
447,a0be9d0615f10e5a1098466a58e18a215ff427a6,0.0037575066089630127,0.006083852262236178,0.5890515064820647,5.990598361939192
448,0991b083bb0ee8bbd767deadbe237994397e79c5,0.004925346467643976,0.005973098683170974,0.5788949585985392,5.959027855889872
449,da1621637b7c59c155ec29466fb5f810ebd902ac,0.001142964931204915,0.00600796879734844,0.5803752790670842,5.897999374894425
450,1fb7047b0ceba98d43b50ebb398be899ff8f6a1c,0.006517727626487613,0.006024172529578209,0.5837830693926662,5.928741354960948
451,95a6774007d1d7898c7da40d9989e9f1dd1b0f40,0.0020117424428462982,0.005973609280772507,0.5787087881471962,5.918832851108164
452,02883d85b5d3f68c12cb1df75f96e0fed741d4a4,0.006045696092769504,0.006102166255004704,0.5888069248758256,5.998163075419143
453,8245b392a344a1ae0db6e569ab68b368ad8883c1,0.0009576138108968735,0.006104161846451461,0.5930648194625974,6.051066333195195
454,cdf83879fd0d050cade0fe7852550fcbcc177648,0.0009323675185441971,0.006117646931670606,0.5891040950082242,5.9814522648230195
455,b3f7132e0bf378eaf21af9194f447036b66c70b9,0.0009545332286506891,0.006280438043177128,0.601090929005295,6.073841841425747
456,240f7c9d95e60d14cf3f09decc3e61a451d78bf8,0.0009417473338544369,0.0060820612125098705,0.588088805321604,6.076498236041516
457,eb22fe8f82b8c7b0561b25614cb0863b71b4427a,0.0009856280362741513,0.006099133053794503,0.5921549196355045,6.0027906880714
458,a69ce0652b27b55d680a9d6def2a05c4376653c9,0.0009353524073958397,0.006149566965177655,0.5978317940607667,6.041550491005182
459,e8c78e09ab38b80b586108dfb4151cbe70c7a694,0.000941155944019556,0.006137724034488201,0.5913751674816012,6.051354407332838
460,f253a7e39204142e3cf82d6beeef1ce22f5500cd,0.0009752409532666206,0.0062206347938627005,0.5955906603485346,6.034844039939344
461,2f156d8e3eb4f57067209fa4499eaeed8551c4ae,0.000921342521905899,0.005998937180265784,0.5828843405470252,5.942384077236056
462,69555f52b2e2c5032cf70d40d9f9b8ec9a048500,0.0009262822568416595,0.006034948630258441,0.5799169586971402,5.9293902507051826
463,209499058705258d60194f7d06890a6825778d6a,0.0009339996613562107,0.006102260202169418,0.5977618265897036,6.053443296812475
464,5390a021ca3842e237d75e328bd47fb334e647f6,0.0009430753998458385,0.00597559567540884,0.5797720430418849,5.8862002599053085
465,be8ab91f789c3b688d707940016b4c2d262913e9,0.000925431028008461,0.006024171831086278,0.5828830525279045,6.000960160046816
466,6d4895cc9fe614cf3164891b1f502453312f64ca,0.0010823537595570087,0.006112825125455856,0.5884472597390413,6.053206404671073
467,0b9dcb2edef710bb35f1d5f8848fb5ba97990f7a,0.0009465515613555908,0.006019877269864082,0.585054337978363,5.967493819538504
468,dba16cd9f155c858bdddb530cab9971bf9af75fc,0.0008846982382237911,0.006017159670591354,0.5835692300461233,5.96189529588446
469,ab37e1b29214bbfbe1fed28db68661160ca4acb6,0.0008972985669970512,0.00604703719727695,0.5837942841462791,5.953490195795894
470,a41d513df0bc100e36973d634b95ba86f710a508,0.0009720851667225361,0.00600514467805624,0.5816611074842513,5.961090908385813
471,a87ee593c3f5da5dcb42a8033ecbab0f0c9b7903,0.0009795199148356915,0.006046046037226915,0.5871400288306177,6.053240159992129
472,942add94ed3bbe479c2e6f5ca8e2a8a6d4ca4831,0.0009631109423935413,0.0060310945846140385,0.5826908028684556,5.904970409814268
473,3cf4c289067b6df2ddf019eed3c9f73946d960a2,0.0009579742327332497,0.0060537869576364756,0.5859494460746646,5.9534442205913365
474,6e3be61d6113e63a1d1be54e6c8341760ded5842,0.0009482498280704021,0.006005590548738837,0.5852313344366848,5.9281252906657755
475,9298eeb4f6c73ca1259f627860abe98b63f89da4,0.0009746397845447063,0.006060951855033636,0.5896594971418381,6.0736613012850285
476,4771e3f30f53c33dd9e27eb9dcbe2b938a38e9ae,0.0009397231042385101,0.006005096947774291,0.5853421320207417,5.9393202546052635
477,4317dadcf0758a287d3a0a2902d6064913b49b0f,0.0009509739466011524,0.006029437994584441,0.5860543665476143,6.021560447756201
478,e641d8b35484d786f399e8cd9349b2a6c09269d1,0.0009404504671692848,0.0060297970194369555,0.5863567646592855,5.922622085083276
479,2ccfd794011ece560ba4bbeca6f9171176428a77,0.0009425953030586243,0.006090809358283877,0.5923670358024538,5.992712347302586
480,245525514ed55258521ed0cfb2a1b00bad85aadb,0.0009216149337589741,0.006065224763005972,0.5887929308228195,5.97933503985405
481,d0be29809a4c526d30afdb998bd6d0110b657dad,0.0009485464543104172,0.006065233843401074,0.5853815604932606,5.944524200167507
482,c3cd5414426b0e61c331671a69a58103dabacf5b,0.0009359894320368767,0.0060322021599859,0.5842601368203759,5.918245821725577
483,f7268a392b55430e968f67c51ed71799d4b02c2c,0.0009675887413322926,0.006015829276293516,0.582870074082166,5.921635391190648
484,777894c478153272a8a5ff37f3199c6e2800e5d4,0.0009583644568920135,0.005987269803881645,0.576829447876662,5.866633667610586
485,190dab07e0b88abafab2b6687d53a0c55b7a5b59,0.00125093013048172,0.005958077730610967,0.5785724227316678,5.8635156489908695
486,5925773e51fc427ba5d5dca9e72f5e28a6e7ade5,0.0009920299053192139,0.006009284174069762,0.5859971973113716,5.8898036372847855
487,ded4fa6a0246e963a9fe2066c882d81981be906b,0.0009710406884551048,0.005991910584270954,0.5822339891456068,5.903021334670484
488,7abe543492fe1741cecf574885dcf0bba36f7057,0.0009773727506399155,0.006010806420817971,0.5825089518912137,5.923611012753099
489,3e8a54175b5b39700ddff4729f9764a5f789a445,0.0009735892526805401,0.005992224672809243,0.5804550340399146,5.884586354251951
490,084c1dc7524016a59248b811270e8e4d210b7c1d,0.0009554126299917698,0.006009111413732171,0.5854348763823509,5.907498019281775
491,d1add332f833a52baa69bba7f8d378e9dec37343,0.0009719906374812126,0.006072091870009899,0.5858394959941506,5.917927032802254
492,8bcf6bc30f33a6a36aea0eee2c72f06516b4b6bb,0.000989698339253664,0.006183122983202338,0.5958402650430799,6.035217551980168
493,1c8efa16b296258e059a334e27e68428cf3cb48b,0.0009711738675832748,0.006085879635065794,0.5910255913622677,6.012348007410765
494,2c2291136aca50b58cd7c09b29a25490c89c9b8a,0.0009300271049141884,0.006084670312702656,0.5873118406161666,5.920594823081046
495,996e6419e44668a6daa28f58efcc0d2c07b3a9da,0.0014855838380753994,0.008187469094991684,0.586784920655191,5.955545599106699
496,86fcce61c9cddbc354ba67b2f818670f5822c688,0.0009660013020038605,0.006100030150264502,0.5899968915618956,5.949192989617586
497,90177d698c61b9550e1e3033dd041e91f8e3c6c4,0.0009680422954261303,0.005931579042226076,0.5787496948614717,5.923909750767052
498,18a6e3e505ee416ddfc617f3e9afdff5a031c2c2,0.0008738450706005096,0.005618995288386941,0.5473029776476324,5.534939654171467
499,c43b2bfb15281e170cc5006829ebc559bd1915e3,0.0007963565966257682,0.005596597446128726,0.5468226820230484,5.450958924833685
500,58da484abf6f466a9e8bf55c188cb5b501d31ceb,0.0008820602670311928,0.005593420006334782,0.5472554955631495,5.501322220545262
