,hash,type-int16,type-float16,type-int32,type-float32,type-int64,type-float64,type-complex64,type-longfloat,type-complex128,type-complex256
0,9ec27a3f5b81e6a7e808836410c9b6a73204c27e,9.237435985017907e-06,8.972808213609109e-06,8.916919006005748e-06,9.59905626421625e-06,8.936910104359128e-06,8.95337042592392e-06,9.806759613142771e-06,8.879696561282948e-06,9.760893951017684e-06,9.516518637608983e-06
1,489de42a9585615ca9962a83882896069357ab97,9.561654137955471e-06,9.490124542604793e-06,9.502863553775982e-06,9.837427036198851e-06,9.307300841266459e-06,9.579989551143213e-06,1.0220816583695872e-05,9.344554471020754e-06,1.0252938420643814e-05,1.0026748445825595e-05
2,924cbe4dadcabd337a6d8b0ef6efa3091a3ed5fc,5.686929201410582e-06,5.504156815815189e-06,5.535534540996509e-06,5.588928461455933e-06,5.54583592199125e-06,5.7777527493663074e-06,6.088250129374379e-06,5.630814591782281e-06,6.357692359037468e-06,6.2631722775143105e-06
3,821a18e55916d0d40227c58ea75f589ea3d9f078,5.492225447627228e-06,5.374756415910793e-06,5.361351672249999e-06,5.4835384418516595e-06,5.459771079331697e-06,5.5548140425975534e-06,5.89745566208533e-06,5.641417752749106e-06,6.025956745920235e-06,6.222386429176024e-06
4,abce2a0604a4db5d8072a0b1478c7af439882ed7,5.316326026747256e-06,5.2209614311771205e-06,5.183781947393271e-06,5.3703424296941525e-06,5.2448881599163765e-06,5.3943378320780416e-06,5.8680842704951955e-06,5.399010981623311e-06,6.062045670968297e-06,6.019146999734875e-06
5,a5d021a1b6f439a19812926bc4d796ef5f346c44,5.3287595203651705e-06,5.249191190052258e-06,5.348205188084738e-06,5.353529779914832e-06,5.334079613718913e-06,5.612927147546164e-06,5.799694359302521e-06,5.621994293875137e-06,6.336474514143817e-06,6.2241767890537705e-06
6,f1671076c80bd972421751f2d48186ee9ac808aa,5.420670442452485e-06,5.450863037494164e-06,5.4824728974294e-06,5.673640890172417e-06,5.4768467137834675e-06,5.7278386806665626e-06,6.067553013153784e-06,5.628966791198438e-06,6.349772826931811e-06,6.310264444721844e-06
7,9439b56f8762b8c9b48d2f9e54dfb467aaa2b3f9,5.727693737536226e-06,5.721722051060458e-06,5.70351144464655e-06,5.824517980257522e-06,5.698924782070727e-06,5.911747603872281e-06,6.376720700519177e-06,5.7585937803087775e-06,6.698485468392392e-06,6.575519777114321e-06
8,4abd2a845d0723732f26dd9bbba34d076cb7321d,5.2488204682534955e-06,5.330234084265753e-06,5.273859769235863e-06,5.3742272661155045e-06,5.325089307743215e-06,5.603345545318701e-06,5.83699863287187e-06,5.560326203097814e-06,6.249379718481095e-06,6.1299705736949495e-06
9,c8a5ff07e5bda47eab870671634b107da5ab7934,5.554321944286131e-06,5.611967217719082e-06,5.545164835507329e-06,5.812521407289384e-06,5.573032742214142e-06,5.932679552171874e-06,6.0903261958275285e-06,5.680655774015646e-06,6.319087855971904e-06,6.370605509669803e-06
10,267621f07a902eceffc179fa01f984f3e2d4bdcd,5.261130620295817e-06,5.359027427664282e-06,5.296858506005736e-06,5.4401057560990875e-06,5.247408371291475e-06,5.645113294686351e-06,5.794235015045382e-06,5.4647852839143185e-06,6.030834543132116e-06,5.98538433156412e-06
11,581eab37b5d558ba9b8035f3fa82cfa617e70e26,5.352976327728208e-06,5.356095322816224e-06,5.372223189213181e-06,5.497153913116928e-06,5.350688066784411e-06,5.7166658170338015e-06,6.064730366142062e-06,5.416169198955319e-06,6.384008959813289e-06,6.113864116071224e-06
12,6f822d20fe5d0596e2b284d3e246e38cb7cea7fc,5.313554888531675e-06,5.282214860595256e-06,5.2889469327126155e-06,5.3774705800879375e-06,5.292453021925791e-06,5.665001551928866e-06,5.822619195272149e-06,5.483334816687699e-06,6.149354095451235e-06,6.225622174414721e-06
13,a60d5e8d7652641b861587f1fc8efa3cf2081bb5,5.382714895802082e-06,5.2803611749561675e-06,5.405746434900224e-06,5.40203544348552e-06,5.388774675029422e-06,5.659020378955838e-06,5.8039097872951246e-06,5.522840093452852e-06,6.195768864521069e-06,5.972457072492979e-06
14,9e2d66a110090ee7416f4686593fdf9142ce6cbc,5.36431129697559e-06,5.243404359203537e-06,5.268481715645535e-06,5.449306396287053e-06,5.261630286649049e-06,5.5615693274034465e-06,5.917369538453236e-06,5.460274762464652e-06,6.290075237050199e-06,6.239447281571273e-06
15,d3ec3cb274fdb1a7d25cf7ee4bf2c94a8aeab281,5.468999516413991e-06,5.539424849469018e-06,5.580845375236147e-06,5.717331933898522e-06,5.4670360222014625e-06,5.811578359464752e-06,6.201892171668101e-06,5.621451093664383e-06,6.373020239898238e-06,6.012978770260541e-06
16,5451fcb06d5ae7cd3f4a9a02314d6e574bd4c83c,5.351694005473358e-06,5.362890766178236e-06,5.344221343730955e-06,5.557421870628891e-06,5.349750488873774e-06,5.6692788867472245e-06,5.972351074695006e-06,5.5422593835944545e-06,6.3020006045525645e-06,6.097228392518172e-06
17,ee60cc9164e5a20b98ee6722e25b0df41e411675,5.533059128097512e-06,5.425649156347138e-06,5.5300048213322995e-06,5.56121292092916e-06,5.551880976777116e-06,5.746283898784873e-06,6.33970074482241e-06,5.570991099480379e-06,6.4984653037407495e-06,6.169028562942037e-06
18,f1c4ba3e97cbf5c494f29531b35da6144cac5aec,5.3402829115587045e-06,5.263431765739386e-06,5.331844326043969e-06,5.5192390244619384e-06,5.344523932410484e-06,5.55658285436469e-06,6.044934923340987e-06,5.4973256457873845e-06,6.255290899721403e-06,5.984744583912365e-06
19,8f8603dd18c9c70191fd75d98793dc94c8ac30fa,5.697570168503006e-06,5.609992038518144e-06,5.678693389542327e-06,5.861601128609071e-06,5.666346475093734e-06,5.872196044688472e-06,6.606013728935577e-06,5.781903025856093e-06,6.928102055427718e-06,6.431860034426474e-06
20,d647ef2d98852e322d487d6045d5860223dcda79,5.309705643210293e-06,5.269010613241377e-06,5.293961906109948e-06,5.43929636478424e-06,5.297213559640316e-06,5.515894325441583e-06,5.941626821714921e-06,5.49995596140921e-06,6.111943574008329e-06,6.1517783516878755e-06
21,e73c8e5479297f235b37fba91d6d0e8464be66a6,5.210613578098292e-06,5.2080235268231305e-06,5.233707747461112e-06,5.47481697531365e-06,5.214420958642554e-06,5.47175295650959e-06,5.81009511194101e-06,5.43424194412572e-06,6.043838800106059e-06,5.954444754382466e-06
22,ad30b31af0bb3fbfdc0f11486807edc76cec2680,5.396127027671526e-06,5.308477645288335e-06,5.370347666338158e-06,5.644227001312409e-06,5.3663336577446125e-06,5.654136960705122e-06,6.117938642204629e-06,5.474631601127131e-06,6.3362727417641956e-06,6.057733471508706e-06
23,073316d25d24b7cb4ffc09fc705448b0e17dc2dc,5.332380149121252e-06,5.306275494770105e-06,5.3047691709341615e-06,5.585538388297587e-06,5.318060077740992e-06,5.606412596832827e-06,6.062372102927447e-06,5.4428833961440756e-06,6.229074179745194e-06,6.094217184345163e-06
24,e0d27e381889cc30ac0d5ab906146b7c2794ecc7,5.541791346675251e-06,5.4187275395351964e-06,5.55611952118621e-06,5.727640926415304e-06,5.622440374191897e-06,5.898882075705174e-06,6.260739763084456e-06,5.636107041766376e-06,6.4349385147945116e-06,6.142565504517186e-06
25,fdec5a5d3dcd7fdf46886a162147d073546537cb,5.208904925574906e-06,5.1482249563339194e-06,5.194304016599723e-06,5.404921156799265e-06,5.31228168098175e-06,5.500253757953463e-06,5.848917364674449e-06,5.358392541620089e-06,6.1056136023868175e-06,5.86586409351892e-06
26,d0928f871ccb42484c7e03c456ce489dea908313,5.572168290507879e-06,5.490468428104925e-06,5.5486194032267515e-06,5.699862812735359e-06,5.663551713774345e-06,5.81977122437471e-06,6.256401997474431e-06,5.686766003357428e-06,6.329298933179701e-06,6.378289029767286e-06
27,0ac02d3819157a9c64b78157428336200632cff8,5.730739961680858e-06,5.316806034422246e-06,5.350773060537598e-06,5.562613311910944e-06,5.491935330147515e-06,5.707628580798206e-06,6.040542475047709e-06,5.521396298625e-06,6.253362617230621e-06,6.05932805751533e-06
28,68ebc2bad1ad6a99e9939eff205a1a6d936cf4fd,5.444632104066135e-06,5.529190845637622e-06,5.714009840066222e-06,5.884585511096545e-06,5.802253026270826e-06,5.8386412885890735e-06,6.1735785870418485e-06,5.682681206684963e-06,6.462409761289269e-06,6.454884841010813e-06
29,02d66ecd80a1851c3b206f4d778687b38c9d2c36,5.290672192873144e-06,5.180243721978849e-06,5.258428781466363e-06,5.536865854092775e-06,5.328010443638888e-06,5.565977590551165e-06,6.041697000425533e-06,5.361217219859925e-06,6.2491229703090985e-06,6.000490761727355e-06
30,0c384dad6a0a7bfc9842e92253c5f02b810b8bbd,5.734738007914729e-06,5.703407525253247e-06,5.815622873451445e-06,5.971817421931071e-06,5.870283455993381e-06,6.025638508068009e-06,6.496284671773397e-06,5.857735199061522e-06,6.546268668612392e-06,6.275298044711053e-06
31,19bc8bbe37044b9f23d80bb282758071d0d8bf15,5.541472205897902e-06,5.507449276793675e-06,5.533108637787305e-06,5.7609196372499435e-06,5.665400525188202e-06,5.910462591443854e-06,6.227310998814742e-06,5.7670549559433e-06,6.401718573510161e-06,6.252273693915797e-06
32,f1206ddb24d35781328266b2b02fa27e6fbb9846,5.171596880815747e-06,5.15757419227943e-06,5.193723218356671e-06,5.413483300649965e-06,5.268487007418316e-06,5.512198465040239e-06,5.8294461897542415e-06,5.5277192089808445e-06,6.012590236815752e-06,5.999452873015577e-06
33,a89f3ebaec7441f4ba5e30eb07206c2a7269778e,5.238794728331179e-06,5.18141887644588e-06,5.241271866618078e-06,5.45472538317556e-06,5.356394053425318e-06,5.554448804699081e-06,5.915837272522277e-06,5.3609805646295126e-06,6.178415828794074e-06,6.162070293396949e-06
34,9eabe2f87dbe087e878983bdd69edd8a9084c358,5.462245434403776e-06,5.4368336074919405e-06,5.39647973072954e-06,5.41122833836378e-06,5.367161108025961e-06,5.428088344375646e-06,5.8546561046209514e-06,5.641632945711679e-06,5.889543661658136e-06,6.109091034048455e-06
35,5345c2575a28fa2dfbbec83c99636669476c2745,5.214343788974693e-06,5.32445833367328e-06,5.1975652227122195e-06,5.324041182640484e-06,5.208456845763493e-06,5.333166480817049e-06,5.709349375067285e-06,5.450889752749925e-06,5.777006720503171e-06,6.26111945883089e-06
36,ccb971d169e75c35ae0360e0949f31d2c0c49107,5.29649816417774e-06,5.328642494008772e-06,5.25573539317677e-06,5.322626066117664e-06,5.155084785248074e-06,5.341055261746758e-06,5.72595146443118e-06,5.40954406227907e-06,5.7028304147036195e-06,5.928030281253924e-06
37,cb98ad400c701f189d4e4043ee2cb44857733df4,5.234269422565608e-06,5.335254481630295e-06,5.281478906226216e-06,5.308335160725198e-06,5.239064979777237e-06,5.4638442177276715e-06,5.798034667811978e-06,5.441216235476947e-06,5.900302848334069e-06,6.21682529943979e-06
38,a0350ed099d1265dd86627280b03ea7070920092,5.302125096900835e-06,5.371004847234737e-06,5.273763375609433e-06,5.3339022640869315e-06,5.259845153163866e-06,5.404699788550916e-06,5.946902855092001e-06,5.397747808582465e-06,6.020560539203936e-06,6.009554344224901e-06
39,9e85b3701f80a5e48ca5e7fc5281af2aba591870,5.256998781212711e-06,5.422159289875127e-06,5.3968357443663915e-06,5.362120882839961e-06,5.3349330911423645e-06,5.427874038083839e-06,5.996328077932317e-06,5.452416117534541e-06,6.092228189954527e-06,6.042627903405516e-06
40,f3ff68e5fe874f9626fcbe85000549083f4f222a,5.363725634704053e-06,5.5839804780244335e-06,5.448515181192715e-06,5.642188981731773e-06,5.389834520312658e-06,5.472673775446146e-06,5.942818852037175e-06,5.485951736000386e-06,6.172791061474016e-06,6.257906934479251e-06
41,56315089b048160d7c013f257ebf7ea9fea70d91,5.593200085879037e-06,5.462851483159198e-06,5.4652619061371944e-06,5.551123741473802e-06,5.423449952754059e-06,5.6647886585370245e-06,5.916837505137939e-06,5.74638277913838e-06,6.183877765158913e-06,6.221481367983087e-06
42,8d225d918ed052a259331722b4eaf66d54a212d3,5.605217645324251e-06,5.618485108440377e-06,5.525741340655501e-06,5.621874015443123e-06,5.4570656217556325e-06,5.694850125918078e-06,6.13420656045756e-06,5.8801397564887054e-06,6.431277297371256e-06,6.526757704236257e-06
43,ea7f5ebbda0016438dc1b80c98ea3de8dfec7ca9,5.323476449081166e-06,5.243064241586543e-06,5.372152875014075e-06,5.35866847977623e-06,5.331410243455909e-06,5.390135890956539e-06,5.733388873826091e-06,5.5363167667649486e-06,5.754453500518125e-06,6.083483950415528e-06
44,b26c86f65f2217578665998db3f3512bca613167,5.389091584727583e-06,5.338604415894723e-06,5.313709441522904e-06,5.344953071045307e-06,5.248171518439091e-06,5.4205185154554856e-06,5.826566839757817e-06,5.57903499546088e-06,5.737000780323679e-06,5.926884235152733e-06
45,a0be9d0615f10e5a1098466a58e18a215ff427a6,5.348679449461869e-06,5.494012923802593e-06,5.22995944390827e-06,5.421366651019414e-06,5.353997616497416e-06,5.4712069243237465e-06,5.784508794553904e-06,5.576863165667275e-06,5.7463910850008745e-06,6.023685875019633e-06
46,0991b083bb0ee8bbd767deadbe237994397e79c5,5.518759796164131e-06,5.4748156920352605e-06,5.507121470948171e-06,5.466522892528597e-06,5.398632010258546e-06,5.498062118297238e-06,5.856732759013693e-06,5.64727309785973e-06,6.029434460847331e-06,6.143791140632683e-06
47,da1621637b7c59c155ec29466fb5f810ebd902ac,5.376286124532501e-06,5.364557569860081e-06,5.365164311446644e-06,5.338023296163259e-06,5.310844482736741e-06,5.376220178373408e-06,5.7672596722448925e-06,5.566129261324764e-06,5.9179986163558106e-06,6.156151655519751e-06
48,1fb7047b0ceba98d43b50ebb398be899ff8f6a1c,5.4521868795919875e-06,5.466497254713515e-06,5.355450213395253e-06,5.513449605268353e-06,5.375630712308491e-06,5.7349654277375186e-06,6.04502449693786e-06,5.6362305618761935e-06,6.239935259664387e-06,6.248307280802532e-06
49,95a6774007d1d7898c7da40d9989e9f1dd1b0f40,5.506610930530523e-06,5.329027432711336e-06,5.456311476376394e-06,5.4166444108416576e-06,5.420706891614553e-06,5.450871572009387e-06,6.153717078673891e-06,5.4951738941057e-06,6.0353448987419234e-06,6.039362895162614e-06
50,02883d85b5d3f68c12cb1df75f96e0fed741d4a4,5.448541797414517e-06,5.3072754788219694e-06,5.3347075200576144e-06,5.420871071613082e-06,5.323128106437648e-06,5.51332916067466e-06,5.892347111726439e-06,5.654897286348005e-06,5.932592808390702e-06,6.037244985701749e-06
51,8245b392a344a1ae0db6e569ab68b368ad8883c1,5.4980558185150735e-06,5.426927320863134e-06,5.383019158653328e-06,5.448451165206705e-06,5.407656179820069e-06,5.655479749502319e-06,6.075280459407974e-06,5.559183609147223e-06,6.313410041661098e-06,6.426102837792595e-06
52,cdf83879fd0d050cade0fe7852550fcbcc177648,5.689010710697009e-06,5.646197453516299e-06,5.706565274660021e-06,5.912015304219213e-06,5.766186259585206e-06,5.955499251885639e-06,6.397431910012168e-06,6.211908142705225e-06,6.472098920273625e-06,6.7062397337824605e-06
53,b3f7132e0bf378eaf21af9194f447036b66c70b9,5.381997787985108e-06,5.332949417227358e-06,5.412319931940782e-06,5.677608168384743e-06,5.492453844881201e-06,5.593231129087603e-06,6.049607441691327e-06,5.930736549239252e-06,6.17011006319865e-06,6.262787368723469e-06
54,240f7c9d95e60d14cf3f09decc3e61a451d78bf8,5.482825295301038e-06,5.274644106186118e-06,5.376635930247683e-06,5.5543141290392475e-06,5.571906839744473e-06,5.5856441505538145e-06,6.124598857416299e-06,5.81330076355929e-06,6.186260837563176e-06,6.282752296528336e-06
55,eb22fe8f82b8c7b0561b25614cb0863b71b4427a,5.179765061628122e-06,5.16461621748111e-06,5.225010848681531e-06,5.441909450824188e-06,5.36005528972645e-06,5.506441647961638e-06,5.973561615420614e-06,5.781269027309874e-06,6.234356796948469e-06,6.532930515931512e-06
56,a69ce0652b27b55d680a9d6def2a05c4376653c9,5.315774193308634e-06,5.205838592288955e-06,5.37054543118184e-06,5.484250071178e-06,5.46104250883337e-06,5.561784193449214e-06,6.0476905157968515e-06,5.68771052574516e-06,6.2009170350662704e-06,6.133882726850576e-06
57,e8c78e09ab38b80b586108dfb4151cbe70c7a694,5.20611378482507e-06,5.173661966023149e-06,5.215853336657641e-06,5.462386432182358e-06,5.349244835130641e-06,5.444879312668596e-06,5.866532739868438e-06,5.772607669377403e-06,6.028104278253341e-06,6.254883051451061e-06
58,f253a7e39204142e3cf82d6beeef1ce22f5500cd,5.452012177556753e-06,5.497424117658074e-06,5.511189560880536e-06,5.746154542482439e-06,5.7045395770587604e-06,5.889661547668951e-06,6.048024732775773e-06,6.124716600032327e-06,6.249756220988951e-06,6.519510244205377e-06
59,2f156d8e3eb4f57067209fa4499eaeed8551c4ae,5.477224012829393e-06,5.349612458884891e-06,5.518583510118195e-06,5.596900615384992e-06,5.542301107897541e-06,5.7229300223236425e-06,6.257987703221533e-06,5.739895507464285e-06,6.380983213687833e-06,6.367914489845732e-06
60,69555f52b2e2c5032cf70d40d9f9b8ec9a048500,5.251479808803839e-06,5.19254063724397e-06,5.2612793156647146e-06,5.3160810351516085e-06,5.4548512959834375e-06,5.513887811225524e-06,5.778371090219913e-06,5.964875414799929e-06,6.103941963778602e-06,6.310437915085588e-06
61,209499058705258d60194f7d06890a6825778d6a,5.120717590981943e-06,5.194033207509247e-06,5.1944993172662216e-06,5.483704153448344e-06,5.130775278115374e-06,5.467783002619964e-06,5.9483182914974996e-06,5.412005229395525e-06,6.024154645949196e-06,5.92173580654195e-06
62,5390a021ca3842e237d75e328bd47fb334e647f6,5.66392974194013e-06,5.353144965500063e-06,5.363617918174255e-06,5.705810424540897e-06,5.507407246658645e-06,5.793980205426587e-06,6.108511654370176e-06,5.606376590130782e-06,6.239363982666672e-06,6.403148651492497e-06
63,be8ab91f789c3b688d707940016b4c2d262913e9,5.407023514286051e-06,5.201341401084674e-06,5.279930073719333e-06,5.5511063035818055e-06,5.4878766244664826e-06,5.603825479715172e-06,6.061124024864321e-06,5.386885942840476e-06,6.075861215335251e-06,5.921656932246207e-06
64,6d4895cc9fe614cf3164891b1f502453312f64ca,5.36108802605541e-06,5.257402694468241e-06,5.216060449091961e-06,5.5346914524505585e-06,5.415783697130657e-06,5.740172396673655e-06,6.123171874978504e-06,5.686745264781764e-06,6.253638428453013e-06,6.289999912340174e-06
65,0b9dcb2edef710bb35f1d5f8848fb5ba97990f7a,5.4032259662016275e-06,5.403518141633239e-06,5.449123520462998e-06,5.4247113350932414e-06,5.416339263319969e-06,5.624798797981438e-06,6.095907520534216e-06,5.979290037521791e-06,6.361664938075201e-06,6.641728975595011e-06
66,dba16cd9f155c858bdddb530cab9971bf9af75fc,5.394811849345057e-06,5.354025681627508e-06,5.4073975318008e-06,5.5417601922244735e-06,5.421719297927699e-06,5.572725753111529e-06,6.124745418135457e-06,5.7480253658259455e-06,6.22175521213034e-06,6.506916583670735e-06
67,ab37e1b29214bbfbe1fed28db68661160ca4acb6,5.492173449167329e-06,5.551184746820922e-06,5.5323549504600355e-06,5.663263140848541e-06,5.491533244454488e-06,5.679185767978785e-06,6.1182123873680225e-06,5.770683671910057e-06,6.3132094331277594e-06,6.2809297532746285e-06
68,a41d513df0bc100e36973d634b95ba86f710a508,5.5220149182205495e-06,5.663586678935508e-06,5.5309611915882114e-06,5.632111835207415e-06,5.519290268046018e-06,5.636020289169802e-06,6.1506733092159145e-06,5.740645096821267e-06,6.170231452425654e-06,6.290508078489893e-06
69,a87ee593c3f5da5dcb42a8033ecbab0f0c9b7903,5.150842645489578e-06,5.2512417064060135e-06,5.188812686681987e-06,5.243065848402628e-06,5.171776008639871e-06,5.393070337544109e-06,5.723196600305559e-06,5.440690419646596e-06,5.816455655934158e-06,6.097543790988694e-06
70,942add94ed3bbe479c2e6f5ca8e2a8a6d4ca4831,5.192893012514654e-06,5.27325680995562e-06,5.154903774656594e-06,5.268848164207605e-06,5.2106807366485125e-06,5.356312354684934e-06,5.57512727149032e-06,5.45280600280259e-06,5.86238325027972e-06,6.013669163777351e-06
71,3cf4c289067b6df2ddf019eed3c9f73946d960a2,5.149829755254993e-06,5.267518757702805e-06,5.154456307291701e-06,5.2817723478741504e-06,5.165442636108028e-06,5.39005053568251e-06,5.742055149994133e-06,5.41839102712012e-06,5.923129488451566e-06,6.174288609906502e-06
72,6e3be61d6113e63a1d1be54e6c8341760ded5842,5.269414574671276e-06,5.328101746214721e-06,5.236416643594573e-06,5.557533994222143e-06,5.45256373958398e-06,5.555404768848236e-06,6.0574810918981e-06,5.574179491404041e-06,6.07880590860203e-06,6.373526008696642e-06
73,9298eeb4f6c73ca1259f627860abe98b63f89da4,5.173613146697246e-06,5.339279141480802e-06,5.201055299515692e-06,5.2994131210457975e-06,5.209527890130136e-06,5.4073730612203765e-06,5.816192044274473e-06,5.522426371309128e-06,5.975032621906696e-06,6.2636133581039115e-06
74,4771e3f30f53c33dd9e27eb9dcbe2b938a38e9ae,5.570614588594883e-06,5.611146598006242e-06,5.570117439230182e-06,5.5964069750440626e-06,5.574008782967827e-06,5.730086901482957e-06,5.959076414391455e-06,5.806230266040903e-06,6.119328270250884e-06,6.4000578579490655e-06
75,4317dadcf0758a287d3a0a2902d6064913b49b0f,5.4893943008409085e-06,5.538699638058707e-06,5.456414493851195e-06,5.460606680770498e-06,5.48279574779313e-06,5.526662589337141e-06,6.143461755463774e-06,5.714615431149323e-06,6.3509134290647726e-06,6.460072817200504e-06
76,e641d8b35484d786f399e8cd9349b2a6c09269d1,5.351149283924862e-06,5.4367419521376205e-06,5.368269365454094e-06,5.45047926192982e-06,5.3674382471695514e-06,5.5157810426977e-06,5.959868746104946e-06,5.596320324752355e-06,6.12416634692014e-06,6.261069776503731e-06
77,2ccfd794011ece560ba4bbeca6f9171176428a77,5.221007638923112e-06,5.365217080176368e-06,5.292781189872096e-06,5.3136911312187155e-06,5.209996731251238e-06,5.3724317198119505e-06,5.775524379082351e-06,5.621958365886218e-06,5.827090450405819e-06,6.19023032375896e-06
78,245525514ed55258521ed0cfb2a1b00bad85aadb,5.317145114034603e-06,5.448815259528598e-06,5.38059360841599e-06,5.358460622679705e-06,5.397979737572939e-06,5.583375927106645e-06,5.795350283526014e-06,5.696508175508428e-06,6.013832650451411e-06,6.196459603066055e-06
79,d0be29809a4c526d30afdb998bd6d0110b657dad,5.2895436510880245e-06,5.409438666459677e-06,5.314659703248655e-06,5.34006467347859e-06,5.408194269577082e-06,5.545754423314105e-06,5.8684548990541455e-06,5.7005853622729286e-06,6.021858574090611e-06,6.289059801809513e-06
80,c3cd5414426b0e61c331671a69a58103dabacf5b,5.6508460463328676e-06,5.751094603882029e-06,5.6455696688706096e-06,5.729773774711808e-06,5.646761734914335e-06,5.954288629026747e-06,6.2730428355012076e-06,5.934905053016199e-06,6.400743037087025e-06,6.665398847240552e-06
81,f7268a392b55430e968f67c51ed71799d4b02c2c,5.332917880045636e-06,5.222790347165372e-06,5.301431596686798e-06,5.414395467976148e-06,5.234395821096804e-06,5.610288154584756e-06,5.838689764178721e-06,5.491131956396719e-06,6.10598742953498e-06,6.159557402549479e-06
82,777894c478153272a8a5ff37f3199c6e2800e5d4,5.41884272030113e-06,5.290119389909974e-06,5.4033600871551065e-06,5.418417061661388e-06,5.347016880129384e-06,5.657198279323573e-06,5.824866400842361e-06,5.510688595547229e-06,6.239033316221479e-06,6.170625217459146e-06
83,190dab07e0b88abafab2b6687d53a0c55b7a5b59,5.3675816410308725e-06,5.398371978165555e-06,5.393315725035943e-06,5.5595977283653595e-06,5.453018954990503e-06,5.563252990457349e-06,5.95920650464645e-06,5.649612209847058e-06,5.905510073697952e-06,6.119072959945467e-06
84,5925773e51fc427ba5d5dca9e72f5e28a6e7ade5,5.514425039666915e-06,5.50059813888609e-06,5.610154997136681e-06,5.592749027721107e-06,5.51585998831068e-06,5.623447567530953e-06,6.187076797110733e-06,5.855229552760678e-06,6.187184531508497e-06,6.418007802697782e-06
85,ded4fa6a0246e963a9fe2066c882d81981be906b,5.432751559259886e-06,5.336821804084389e-06,5.4654567257354135e-06,5.498078098386181e-06,5.32509940789967e-06,5.514378811125195e-06,6.025174883663231e-06,5.708017949875868e-06,6.000100131194782e-06,6.4064244972957445e-06
86,7abe543492fe1741cecf574885dcf0bba36f7057,5.191363031464914e-06,5.247772556094744e-06,5.274101796502823e-06,5.382760345067078e-06,5.19484801450855e-06,5.517172751890089e-06,5.856452073696685e-06,5.604801917520631e-06,5.950408772313633e-06,6.243585999070179e-06
87,3e8a54175b5b39700ddff4729f9764a5f789a445,5.5151847356618355e-06,5.558790082717647e-06,5.55797870787881e-06,5.7048923218080514e-06,5.552883424358532e-06,5.749915035883501e-06,6.187390630407553e-06,5.978288941461184e-06,6.243865054470374e-06,6.713943143122115e-06
88,084c1dc7524016a59248b811270e8e4d210b7c1d,5.2802781392300775e-06,5.369520940274777e-06,5.333147709623825e-06,5.452351142758409e-06,5.279727876761428e-06,5.523016689423944e-06,5.962489900348354e-06,5.806622272213431e-06,6.191210909261578e-06,6.568401325654426e-06
89,d1add332f833a52baa69bba7f8d378e9dec37343,5.608123347572192e-06,5.371358165182941e-06,5.394662292830786e-06,5.665318684436935e-06,5.365758130196058e-06,5.620303937452443e-06,6.044399097130037e-06,5.767891209011209e-06,6.076148523440485e-06,6.205334792431209e-06
90,8bcf6bc30f33a6a36aea0eee2c72f06516b4b6bb,5.337422001449501e-06,5.297338544201057e-06,5.472133590107113e-06,5.6211668381860845e-06,5.338956683749434e-06,5.47407858940404e-06,6.084971946340038e-06,5.581101697381908e-06,6.126700434321487e-06,6.399056446928507e-06
91,1c8efa16b296258e059a334e27e68428cf3cb48b,5.327482767825131e-06,5.319351476632695e-06,5.338858866492063e-06,5.46914110842894e-06,5.301515724352394e-06,5.519701961687224e-06,6.045185189625254e-06,5.5614709437115875e-06,5.967563805009784e-06,6.210650023210603e-06
92,2c2291136aca50b58cd7c09b29a25490c89c9b8a,5.67496539605275e-06,5.688130153918738e-06,5.7798402140111475e-06,5.866313240658632e-06,5.86280065051467e-06,5.7533095603983964e-06,6.32188084109615e-06,5.862547732656301e-06,6.259109117454041e-06,6.414293462669492e-06
93,996e6419e44668a6daa28f58efcc0d2c07b3a9da,5.441287799881447e-06,5.415240975150251e-06,5.540536773024184e-06,5.635398556778515e-06,5.554294636894396e-06,5.568679737006817e-06,6.1188562115702425e-06,5.568858069422072e-06,6.060611031945396e-06,6.302800748077339e-06
94,86fcce61c9cddbc354ba67b2f818670f5822c688,5.48931015921224e-06,5.5829436834450545e-06,5.577616741988126e-06,5.759130906578339e-06,5.5767203979968295e-06,5.717980866700612e-06,6.165499931999615e-06,5.685333025896119e-06,6.126175603848586e-06,6.339591839965784e-06
95,90177d698c61b9550e1e3033dd041e91f8e3c6c4,5.50677696916332e-06,5.401996970737192e-06,5.626685549281017e-06,5.594480312344013e-06,5.5982010644934785e-06,5.54603671754475e-06,6.063278994747082e-06,5.578773954276289e-06,6.173811926720975e-06,6.067478097975255e-06
96,18a6e3e505ee416ddfc617f3e9afdff5a031c2c2,5.440414915785759e-06,5.424342285261503e-06,5.6030523746338e-06,5.551002097696911e-06,5.524797504016709e-06,5.739659698567767e-06,5.990015727926909e-06,5.617274581331067e-06,6.1464514015784224e-06,6.208430076847409e-06
97,c43b2bfb15281e170cc5006829ebc559bd1915e3,5.401000711489524e-06,5.532195367416751e-06,5.572480559121793e-06,5.521742032800861e-06,5.501573586145476e-06,5.532359785359839e-06,6.0142985297660645e-06,5.597754761912048e-06,6.187868880983672e-06,6.228502498211332e-06
98,58da484abf6f466a9e8bf55c188cb5b501d31ceb,5.430381041261249e-06,5.2102801693367586e-06,5.334196293292796e-06,5.514727513653323e-06,5.465577188296587e-06,5.50117323082455e-06,6.002911690684313e-06,5.621568671776306e-06,6.009655266187107e-06,6.1759016845096066e-06
