,hash,param1-1000.0,param1-1000000.0,param1-100000000.0
0,1cb2230bb1bfb9b2544dab798dffeedce64ad39f,8.463277163531257e-05,0.00010757335639756984,0.00011451064641034757
1,044f5131450f38cdfbab63d6999b60e7e3bbabe5,7.187659031197038e-05,8.77162023647947e-05,9.565072730404886e-05
2,dc089026b4ad0d2d9ea992c7f1b9b5e716dd82cd,7.377913355674238e-05,9.209163635363032e-05,9.762481018966624e-05
3,53adf81bc503d749b13160a27e49160c5bbe48d7,7.080402273069402e-05,8.655356742522036e-05,9.425935948922777e-05
4,49e00940a82f9590d774539cd188b634c29fc39f,7.319820945888971e-05,8.822057022995023e-05,9.478693632858763e-05
5,7b9b41a4c7dbd7b719d62f343f57f841f5809693,7.235581545458463e-05,8.650352460566954e-05,9.442260329518276e-05
6,ae88e02a48c4744afd22c63be388870037f3c84c,7.206118749835648e-05,8.668132231983045e-05,9.522170454477997e-05
7,0aeab48b9e914d1dc7041b7e3f3b7e575ffcbbed,7.172509209627415e-05,8.738394215410048e-05,9.457175205290907e-05
8,c18b3f59b5f5752ab038224fd3bdf2dadba55ecf,7.196938541811606e-05,8.757346370569599e-05,9.503834712819853e-05
9,a5e5e51187d4476841503ce816924ea99936dba0,7.193121999686506e-05,8.664249575519796e-05,9.434547934711002e-05
10,b69cf68a24cffea0a884a102da1797755de8f022,7.122342384604209e-05,8.71324879089145e-05,9.418502478852622e-05
11,ee3e17a7c3e3efdeafe907b394de56aed01a70e0,7.076462258532223e-05,8.73200158619309e-05,9.3298057864626e-05
12,c71ce0e6dbd9ec67b3ac7fb5ac3eb609f8a56829,7.060739031482127e-05,8.807350403942343e-05,9.395159916997473e-05
13,0ce156413feb21a4f2a8eae3b1cd954d04240edd,7.175257895285445e-05,8.668836291338178e-05,9.360216114326564e-05
14,7e3fd81c039b0e22715c4e6eb63439bdf5a620bf,7.184774665802251e-05,8.800085246637865e-05,9.480227272433693e-05
15,a6b4b2bdd6baf2afde27284097426e93912452e9,6.953134810298908e-05,8.504884922403439e-05,9.203153359605891e-05
16,c8a5ff07e5bda47eab870671634b107da5ab7934,7.186621381774067e-05,8.832354544496457e-05,9.449380000164225e-05
17,fafd123410f1ad5c47341c66d8ea4cf541165e77,6.96248051914248e-05,8.489224610030988e-05,9.210121900778628e-05
18,9765987c2ade250c82bfeaba49d1f9301211d63a,7.220892856904274e-05,8.66245772328504e-05,9.464008264541376e-05
19,dbf37449935bced333a3999afa860aaf304ab1a1,7.062489739295391e-05,8.521418249796307e-05,9.355814054739192e-05
20,5e84ac2bf2085d438da2d0dae5d370c4389bbdca,7.096040453210375e-05,8.573334265792788e-05,9.3036120053196e-05
21,c70bff83e452c9b76b7f5de2e6811b800d4f72cf,7.226345448319305e-05,8.842608147505217e-05,9.504038828986982e-05
22,b4fd7a79bc55f17f301d219492528e6f5f40c6f0,7.014859595724585e-05,8.612477047849568e-05,9.303761565334295e-05
23,0311c93c8c43cd913303c529673d69575901475e,6.987834734854044e-05,8.583945952611225e-05,9.228981798514724e-05
24,adf50b93d76fa55d03ccbc4910602cda23b32c7d,7.244267213235426e-05,8.688586170873827e-05,9.409774793311954e-05
25,64619c55896dad1927afe78c0702a58abf0d038f,6.997274805701549e-05,8.476899588495736e-05,9.254706217253134e-05
26,eaa59b4f04a0c75091e332afa95a304eddcd93ab,7.158877959131802e-05,8.626221168059401e-05,9.353054217871063e-05
27,2810becf98e20bfe2bf99311c5f4f3e150d12d09,7.068074018053421e-05,8.574838563799858e-05,9.316751206185945e-05
28,d34b9ead10e28e3a0a62d642a16efdae2030ed76,7.141729437480896e-05,8.65895886935534e-05,9.348460719420398e-05
29,0bd548e287b9e2fd0126f64d8be01a812e3c6a48,7.070514463609265e-05,8.596288746282938e-05,9.309871926565062e-05
30,4cba2d91e1546872d29af6b25ad35947f27e03ac,7.019392647541678e-05,8.497384398998249e-05,9.26904757468661e-05
31,97f9fcb599fec377f35be647afdc2d5c2c6ba1f9,7.007613401432896e-05,8.504164044655138e-05,9.26645959473469e-05
32,67c68b88e4120a84ec516725e322265446fc50e6,7.1346236683138e-05,8.647799709691635e-05,9.371556172316724e-05
33,551773f27ccc955ce24d15eae84eed924250c573,7.002235566361401e-05,8.59089121813812e-05,9.270332761355176e-05
34,196d633cb19274ddffb4ba42928126fd15e3282d,7.063813597684907e-05,8.500217541401821e-05,9.335052560676229e-05
35,1af65ee2225a011b39a9cceac306328be3737aa2,7.037792895590105e-05,8.499795674449868e-05,9.306233899652466e-05
36,b4d2295bb5ba3c866553c1d7c10938f7f00c3286,7.041229633614421e-05,8.582239342291677e-05,9.291367855477186e-05
37,69898992b339e4614780f626ed07c4244a08648b,7.058139028656599e-05,8.580367355006597e-05,9.330675248364525e-05
38,2d43a901ea6b16ff5bf1766177f16cec4eedfe0c,7.159037080698257e-05,8.658806872253696e-05,9.376569439403036e-05
39,fa45695b787070275696e979eb9f476ef3afc5e6,7.126617322986324e-05,8.598290383815766e-05,9.352947135017184e-05
40,6511a143a0bfd2be89799a7db2e9363eba5e7450,7.171804911845567e-05,8.710279343499531e-05,9.392854884605515e-05
41,529c61bdf69356b4a428d48bb5bc72c2417ed0cf,7.073769146310431e-05,8.620968225249459e-05,9.224439724848783e-05
42,97d2db483fc0ffd46f38d0e1c39d5fc001e33197,7.088966141905515e-05,8.571394719183444e-05,9.304579262706366e-05
43,5bf6d68e7241498556ee1b28fc146c1c21fbb5e4,7.200039901314367e-05,8.796555786739943e-05,9.427239102396098e-05
44,e4e0ab8e5ba9cdf17f9bd2c3c9e06e3d12030022,7.194297354273647e-05,8.630195946803665e-05,9.376395874741402e-05
45,a7401aee4d6d465977760e9e4b16f793d60f4ee4,7.097051007133958e-05,8.716288395226003e-05,9.336907412733667e-05
46,32b3f82e4862d85c5aebba2b2b82a931038cd103,7.105367557095313e-05,8.588126999506306e-05,9.29452020921244e-05
47,4cd6e4b336fbc68d88c0e9bc45a435ce7b721f1f,7.146286291324279e-05,8.714738395065069e-05,9.367909871257287e-05
48,53ea3a9dd802c13dc6930504d4a896bba8287cb0,7.089871804338771e-05,8.566543646156788e-05,9.318792864964422e-05
49,e1863f3582e3e8870205f8a9d1ed1cef1bf536b4,7.133772688623714e-05,8.70990230807013e-05,9.353671796342804e-05
50,bbe2cca1925873dea538674b96b53b5cef0a148a,7.14418917931126e-05,8.719815055793915e-05,9.346547082435986e-05
51,f4703789ee8181fb6a71f4250dc8316e81de7f78,7.388180707611385e-05,8.91595846042037e-05,9.386204298554866e-05
52,54811204a63c2606e89c4f053c4b9a7215207079,7.1157087773286e-05,8.723187925023659e-05,9.422141708402841e-05
53,60f9c616aa12800e27baef1db0f964cd9da6623f,7.160483494915657e-05,8.686088869103887e-05,9.453688817452793e-05
54,651fb50e07a8e11d31bed9c202823da2ce558c58,7.16169597581029e-05,8.67482040047161e-05,9.457789173421379e-05
55,72e8904d1074c2eb02558c017880b9a8b3e017db,7.110213133672329e-05,8.718102797865867e-05,9.391344660385089e-05
56,459991afcddfce6fbbae3fa83467fe607f2de7d0,7.131235226504989e-05,8.788142323253616e-05,9.398311299602848e-05
57,263b293d9caf8f54183509275a853de9b8d8839f,7.330823601001785e-05,8.810551506120804e-05,9.587789377705618e-05
58,3fbc84a5662ffd985a071b0bbdcd59e655041ad3,7.370030844437055e-05,8.845261125374705e-05,9.564071901388898e-05
59,db866874ccb8c8c814df57eb1edca4fd05eb1753,7.154402329114738e-05,8.749846939838702e-05,9.375328028743917e-05
60,f7cb42d52f121656b0a96ad5a9bc5c44506d2cce,7.140167412887278e-05,8.626568934790069e-05,9.348187672574658e-05
61,f1d0378d3735aa97a86af3b87b8a9d9ee4575af7,7.14823551204623e-05,8.586130097387283e-05,9.327635461510705e-05
62,6eaf8906c4dccc60592dedd0ec9a7aae0e7db851,7.170170092170961e-05,8.784960054101482e-05,9.384287775240162e-05
63,e3c84a44b68966ab887a3623a0ff57169e508deb,7.222270774311267e-05,8.782093626920318e-05,9.44634868709509e-05
64,1f8ce6341159ebb0731c2c262f4576609210d2c8,7.277774161990456e-05,8.773020037063737e-05,9.521813639862972e-05
65,f842c487da5096bd3e76a716ca033681981821c7,7.182140433729089e-05,8.775265662059668e-05,9.418123648001635e-05
66,04d8d96285e38f1683960611177b360fb1b9718f,7.342566228048368e-05,8.848437949294044e-05,9.727795908520044e-05
67,925f8381009bf63e54984fb4245466f0bef31ab0,7.17654827320458e-05,8.656345533146973e-05,9.395138452922511e-05
68,99bcf99750d7da499bf3887e6acf89f025e0b9f2,7.219964483131964e-05,8.969375678946165e-05,9.446257671479844e-05
69,912790315033d8a2b8d525eb36db410a851ca1f4,7.401312348143807e-05,9.19803236187859e-05,9.527292356572367e-05
70,b95ba5d22c8e567afb5085f6dcc8aa0e499fe525,7.24085932597518e-05,8.849351866986634e-05,9.496289263056083e-05
71,a8c8b63b70ce3303e56e2e89aefa7c9995cc2443,7.214241611789789e-05,8.773513611466172e-05,9.469106824191149e-05
72,02746c9f20b8f491fd2cd40d8807b24ddc6ce26b,7.220469725628694e-05,8.821460295253056e-05,9.439637199475253e-05
73,c970c04cbeb38c80901a02bc573a9333458d4c4a,7.287421276425423e-05,8.77125459707907e-05,9.513380513949827e-05
74,34ab10da8641ec9c98d8241ef94ae1ee0af946e9,7.314336073628607e-05,8.824696863589228e-05,9.517132262275978e-05
75,d73991e45e097d2d23732f5a2fcb1c9cf61f69fc,7.151142040279923e-05,8.630189605481257e-05,9.38555468181687e-05
76,9c9df9c649361fb651f4b2174e779b3036464ab4,7.236786962797244e-05,8.86481058427958e-05,9.497410025108944e-05
77,803386487f14484cfa24af915c24ad75211469e8,7.217581420890148e-05,8.795402508469358e-05,9.415594452976688e-05
78,274d5d64a989e44e99a9defeaf8fa1b11bda46b4,7.254741154611111e-05,8.93675214534656e-05,9.527440309863198e-05
79,459ffe5c008863b58805c9177a85668a3e5fb4f6,7.174680879535643e-05,8.649606071412563e-05,9.377798342630883e-05
80,e31f1fac208882f1255edf346ef10c769b775853,7.204559249248332e-05,8.712817036463478e-05,9.463156942924685e-05
81,f34c7c6b0edb8bb3044867d5984dfd607fe9f5b9,7.28115648159693e-05,8.844897874500142e-05,9.541894859549674e-05
82,e4630a2f5273307983b6ddca9b72aa0cf5a65784,7.391496975388792e-05,9.279856881634757e-05,9.605462070215832e-05
83,3a9588ae8041d611cb1df4be849db88fefc5ea46,7.269133968899647e-05,8.756825246098566e-05,9.481329047544436e-05
84,74712a53df240f1661fbced15ae984888fd9afa6,7.268384367777598e-05,8.94988582985214e-05,9.578699034384706e-05
85,be92e0099d4926be76ab4ec9ca6db6f2471397d1,7.211828242840343e-05,8.849749281033268e-05,9.468178561126644e-05
86,7e9d603664edc756f555fecf8649bf888a46d47c,7.11666698289382e-05,8.600702013580068e-05,9.363647819735294e-05
87,02798e4ce39ae7882b19a3fde209472b7411d48a,7.226964924484492e-05,8.719307870781127e-05,9.452417485169635e-05
88,3329d26c5d1d53f7fca1dfe253fdc43e93f0f6aa,7.339908955367031e-05,8.8770997893737e-05,9.593811859800056e-05
89,bc6000da993399284d2afd4fcfa1e4c4fe0d408e,7.323044332830857e-05,8.852846309071269e-05,9.510540449727242e-05
90,c7d83e7412169399586272176d5ad839b568ba57,7.269846328805821e-05,8.904681299913417e-05,9.495787274896761e-05
91,8adeca227a39640b0ad4db38ca34a77a0bb50c8f,7.260936661623418e-05,8.831312903390836e-05,9.401168592210689e-05
92,9dd6c60bfccea7f78371e1b88f223b93ae69d037,7.369293001829646e-05,9.16686487982573e-05,9.509618804515459e-05
93,48efb02a936da85e395ff29a477765ea3916770d,7.297599334075736e-05,8.83315203200772e-05,9.488706815649163e-05
94,3ad444b07ed53cf43d11e755701224a96840de62,7.416015970799587e-05,8.851295043757639e-05,9.631384547736326e-05
95,3f5097baec71b4c6b287534cc938a16b1f9fc474,7.233323005493731e-05,8.672451616392561e-05,9.406123561438265e-05
96,4cdd3606160de923fb4054cf93f4ea02a356def0,7.290752662811428e-05,8.706795927174995e-05,9.487420003014532e-05
97,245b73ef38844395c36ce4c1032092c81253d112,7.435871400581352e-05,9.04164636846293e-05,9.567795319169342e-05
98,7b7e7fe4936a0cd8b1278ebc3169463e392a486e,7.228084665257484e-05,8.584692747512412e-05,9.351720252220542e-05
99,d2b0d56350ab4ec48a19349a4c05cea0e2603b21,7.334246293868164e-05,8.715282268484213e-05,9.416058238149305e-05
100,bd263912e11f7f79310c5516fab6bd0a7b7c8eb9,7.25444167619571e-05,8.665572362573349e-05,9.439427267051925e-05
101,08690a9e394406562f636f90bcc899430bf3cdee,7.382830200191811e-05,8.866095932473133e-05,9.537954994646663e-05
102,e731e8676118c48770368eb470fed2d77fe82847,7.26269128741759e-05,8.605650791357602e-05,9.391444623624244e-05
103,f1f1436b853f3855d75667ab4055cce06960fda9,7.251458954133883e-05,8.64102195653065e-05,9.409654938446528e-05
104,bde2119e80d14a21950285f2d872b29506c7b851,7.32557552369724e-05,8.869366113577922e-05,9.51841092583808e-05
105,60a1e10c4593736b188b38e7d7c51aefb213af6a,7.43285437183292e-05,9.033597121206035e-05,9.461063205097348e-05
106,233c63a56974de22b846ac989cef1fabe45e7296,7.22315467040365e-05,8.70718649821356e-05,9.40936981711906e-05
107,bbc0a6b7efd4930053976e55b7937ed4606b5a14,7.251291031328341e-05,8.661939923073196e-05,9.439550826041228e-05
108,c6853c7c27bb8352ab498848439d4fee9eb79a33,7.328284914517812e-05,8.7855729948534e-05,9.56527909941294e-05
109,385575faba79b5c857112199206119bf9ac2277f,7.387156420875164e-05,8.897389302584382e-05,9.508881326341493e-05
110,3b294521a7394c2195e6b2980555c6b27258bac9,7.344159097851229e-05,8.803241730336684e-05,9.619612722996284e-05
111,70f4309a155808d3a60a9a71db2d9482c1ec3ad7,7.282120940225149e-05,8.757098393905307e-05,9.393657861693093e-05
112,e552726e3a5ff964a004d46558f534e7a47cab70,7.333464585923102e-05,9.076942678359223e-05,9.625403245156707e-05
113,64fb290a8cb8fa9201f18015f3de1186e950a137,7.29518635974576e-05,8.710051582555377e-05,9.4665057595419e-05
114,f981a7ff4b02204f215eb089ce77f9a3f3906b1e,7.460425331373699e-05,9.098557744767856e-05,9.649078348510952e-05
115,0d2536650ff1b750a9008cfd2893dcc1db58f94f,7.305282594686086e-05,8.733523399343773e-05,9.465691766293704e-05
116,bf37644ca5987f5fabfe72be6da1fcf7a0b6b6a8,7.307777697270786e-05,8.789993811029295e-05,9.595585870556534e-05
117,57f2a6fb79a7aba317f3fb57a0f1e2439ea99481,7.317476706088496e-05,8.724286742431443e-05,9.445350016813633e-05
118,a1454867ab910a356588c511700c99ec6bef93b5,7.339607140779294e-05,8.791622353672254e-05,9.548904649405316e-05
119,ffb6f185b5775c612524496e98c8e6240f9bfccd,7.317775649622686e-05,8.697345944457366e-05,9.467805502936245e-05
120,02e6b062027666b22c68d91e280b28f57ee9c2b5,7.263137027621269e-05,8.655114220531006e-05,9.457419880411842e-05
121,a2a6d0d24d99703ded59c31b98b259900469762f,7.393976756409831e-05,8.810774640745071e-05,9.539540412581779e-05
122,ce40769276729d7bde07eb556398a5f47b8ecacf,7.42937582323239e-05,8.969729934193071e-05,9.578458583829078e-05
123,82226d816c67a80ff634fd202c1df32865175232,7.397211672450672e-05,8.72293172964478e-05,9.479241210905727e-05
124,66685909f174c38ebfbf7f733f40bcf7d9e86d48,7.31550568404297e-05,8.785393810449322e-05,9.506284637360746e-05
125,015eb5f76e1dd5b38b08bbe8b648fdb34b25e938,7.401793688611202e-05,8.907352505465511e-05,9.55791085619818e-05
126,33e1dbee8d9e11a3e96efaae822ff6f3c44e3cef,7.210293475317915e-05,8.648361545056104e-05,9.413403728284126e-05
127,821c53daa1261a6285cb85c106eab25c4d88ea2a,7.285011757240199e-05,8.763257609379867e-05,9.436627238034462e-05
128,34d7d395d79f880dc9e156ff83af0cf5844867bf,7.316518929742632e-05,8.760489016105004e-05,9.488342118195512e-05
129,6525ed58f1757092d73f33ee8717be2b5988c3e8,7.385276523637491e-05,8.850413933396339e-05,9.448292534336571e-05
130,e6d04db287a4421edb3a060fc84d9f8c66718cb5,7.309789873181364e-05,8.721906990872893e-05,9.468141202391548e-05
131,cb107d1ca6ac633702650a21152de7d05d31862a,7.32792486692935e-05,8.728337081626426e-05,9.504233550449665e-05
132,0630be4c479f36113e9c3bac50a11d163d2208e4,7.237958023324609e-05,8.676822988256332e-05,9.461704156677092e-05
133,d92693b9c7f36679a7703a72397a2993ab158f88,7.192421394089858e-05,8.584495603305395e-05,9.316171534852056e-05
134,058af7581d22d15bc45f24283cbf5374a6a02541,7.206547735749107e-05,8.604170781052937e-05,9.362906610115994e-05
135,60945085cfd1abf4e04db461040bc675f1d325c7,7.546065746435334e-05,9.26377809768127e-05,9.732579135081986e-05
136,ed7d967ff37b649a3b5ce8adc51cdf4ec9dd39a3,7.254738416152679e-05,8.743521700170441e-05,9.389639705080877e-05
137,26cff95893d7609b7bcba4b6d374835ad975137c,7.337268552934098e-05,8.74899137257175e-05,9.483339703711104e-05
138,d49ecd53dbbaa9abdbeae6b5ac0486a2df376566,7.194561254701866e-05,8.627819938479158e-05,9.396277687489248e-05
139,33963bac8b276f2f2a6aa25e80caddbf23d9ff57,7.269231680159767e-05,8.660422510377342e-05,9.423428145814533e-05
140,88ed1552809f81e2ec8b04c8874443abf14e6f8e,7.259017659415459e-05,8.802118076522264e-05,9.41839881148959e-05
141,e695dd02a5c3c9cb0ebea8eebc72915af9deebdf,7.261451721812288e-05,8.76355521951712e-05,9.445731887932528e-05
142,57adb4bb6a8eb46fed597d4a781e47bcb86ebe11,7.213815269584687e-05,8.630942020024503e-05,9.396804923822811e-05
143,5165c654dbb2b08e8a38ac437ab35611726bf26b,7.313478118215768e-05,8.824193895223641e-05,9.557407942007887e-05
144,d19c664c70a3bcdd728a2a78bfe424491bdf2fc0,7.34287454752914e-05,8.882375141559554e-05,9.549474555321715e-05
145,b93b67ca5c208dbb8d0d0cfd640dd6125dba96a1,7.242386442121883e-05,8.628624813192017e-05,9.335437116082296e-05
146,47a918f644da4ed3947ee2f797c790027041f29b,7.353619533918195e-05,8.722335161244283e-05,9.459047876776029e-05
147,565fe77f9ed8ed5720b42ddc3dc30947a1f3e9ae,7.352319783899639e-05,8.809651710001417e-05,9.576106888496062e-05
148,24d368a809827cd2cd787a470a65b4a7cd721d10,7.167392820855112e-05,8.669553696358156e-05,9.337327758635371e-05
149,48896f5ef84e1b1f89c37ab85ed256c4c68796b6,7.297623669728638e-05,8.753463325481261e-05,9.435758741249231e-05
150,e6b8b19ee832ae89289721301a4f5afcd454ec4f,7.287119670460622e-05,8.79916268950481e-05,9.443469476416583e-05
151,d5a3e2747f08da24ffb8b889daacc47890b72c5c,7.198830073489653e-05,8.563162578690436e-05,9.389783125528592e-05
152,86fe6658e8ae9dc70825df110d444e3780ad1ad8,7.19716539606452e-05,8.619786240160465e-05,9.351571125155392e-05
153,88eda2f2f430e2f3b7e580fe38ac31e4c5fac942,7.302918393785755e-05,8.720193985819577e-05,9.418346761333303e-05
154,7f1cef6b4700c4df135abbeb446458ee468d3d98,7.281060408179959e-05,8.696329692848087e-05,9.509847472491097e-05
155,73157efcd17da95ce984d1595ac4907233b9dbf5,7.325277358570413e-05,8.80948453384444e-05,9.49198369529437e-05
156,81829432b3a00ae8ebe46e53d181810b462f0024,7.210370840887164e-05,8.628180068803997e-05,9.414167451279716e-05
157,2dbfb458fa3e96203f93118a9d142a6bedca9271,7.226575853685473e-05,8.570767659693956e-05,9.374164452791706e-05
158,3f6bb2073418e0ea0d88398e1848e2aa3f1b53eb,7.317255441749456e-05,8.761866751020072e-05,9.521209973503243e-05
159,cf1306a842d7b1064270bd06951a485121e60816,7.435887431104978e-05,8.792749973301723e-05,9.459550858067334e-05
160,9ebd2bfa64eab788d529af7404f85dc3a58ff411,7.415067413699274e-05,9.054702427238227e-05,9.532268582419916e-05
161,9b10c12e9d173d8b67c50e97e6998dbc57a549d4,7.330325132098374e-05,8.846236362068121e-05,9.521744954823092e-05
162,225c3360721ba515de88a1e191ede58e8b95593d,7.370311424084421e-05,8.694978990411806e-05,9.425408360817709e-05
163,923e77abdbc22c0ee5816086a334617bf7935f1c,7.211791107813453e-05,8.611868214493076e-05,9.349017396322951e-05
164,07a97601175f44ecda357514c0b91ea5139fb04e,7.229075467966448e-05,8.636045235870105e-05,9.365933504694503e-05
165,23e42e91052df51b55719b7c6759d3480b295cc9,7.444030611592086e-05,8.857349984440184e-05,9.592765921049497e-05
166,c20f08accae9d2b2bafde2265d7d30b73b059035,7.234302833431254e-05,8.636481511676985e-05,9.386588565327904e-05
167,789b21719fe89a3b38cae5a8800a4c0c3886a0f0,7.238180221368869e-05,8.752721834987882e-05,9.427534239289682e-05
168,2eed8784d5946e420500bf87f9af305d87aaa055,7.277017459273339e-05,8.678099989230114e-05,9.436823219861375e-05
169,590201aa6ef313f9d34fa4136d6f0b3b3c36e951,7.21294747431152e-05,8.621791775728906e-05,9.350668377250679e-05
170,291ac7f21e59440d249d0afaed3213a79cf70535,7.265736194734542e-05,8.72579234231624e-05,9.428559078965798e-05
171,9e37e585cc86ff6dc821d0566baacc137cb16343,7.235629328836997e-05,8.66119923993824e-05,9.386204106132847e-05
172,2378c3c987c479cca27470d3d66b5d50e91ad673,7.307827753958686e-05,8.930708092402635e-05,9.464368624381782e-05
173,2a267e6a49ed68da01761c92deb7c90be207660d,7.298293260969971e-05,8.716473363523113e-05,9.507171555676243e-05
174,18af0e10878fe49a893fd576317dabd424c7ca16,7.292974912962376e-05,8.775031141516182e-05,9.457441239256012e-05
175,86472322736260e7c2fb2ef72e7d01925adc9de0,7.427977137528099e-05,9.06493535942652e-05,9.47951635515148e-05
176,c954144b7682014428d547e7cbbcc154a8cc5fa0,7.411628505405114e-05,8.834266775577772e-05,9.595083750107072e-05
177,20d5999e2f01c32876368b97797047c3adc536bd,7.504006660181201e-05,8.953169030560687e-05,9.445891800251874e-05
178,d3d594039815cbdae8e9afd281d629d0ee266b84,7.230940040521669e-05,8.748995230322884e-05,9.424762784942124e-05
179,0cefa592833151266d3e0fc2f258685280b0713b,7.324767198988656e-05,8.741342800579244e-05,9.48512630367821e-05
180,328135c3a355baed063a1ccbb224c9dc1b71a464,7.251151618641495e-05,8.791038331377212e-05,9.419571623698739e-05
181,156cd054e007b05d4ac4829e10a369d19dd2b0b1,7.32915864015619e-05,8.794839675651818e-05,9.478492977882712e-05
182,822e00b9b87f8ce41ccf8112bf4105ebd1657f83,7.335483381638722e-05,8.704950957278895e-05,9.439427074629906e-05
183,aeb23741b1186e6ae525c4dd7f46ce9e1378e670,7.355597956726949e-05,8.683165182329474e-05,9.455956510953175e-05
184,4afd82d8dd2c1ef48c62bdf875a194e407f2d2d3,7.261891073236863e-05,8.746917450391665e-05,9.461050883920725e-05
185,2866c83df6f080393f9fe2110039d1ca272232fc,7.285469449156483e-05,8.722857549606312e-05,9.499138475141741e-05
186,f0171ba7643060cf7cf05a27e24ce66f09d5a9e9,7.282974198460579e-05,8.707372621903497e-05,9.433526453400447e-05
187,bb6b86e2afe88b371badfcefe298945002e47006,7.285900420240507e-05,8.733540667387528e-05,9.475406047634104e-05
188,07a54df60c6012da3b02a248c65cba9688681109,7.314086891710759e-05,8.700802975250938e-05,9.478714782744645e-05
189,588a517b68d9f273b607622dc854b1b3d014ac58,7.448259404756957e-05,9.342984677377072e-05,9.688406505367973e-05
190,a34cfc9cff3886ae770cb0a2d527498d60ab24fa,7.312730730821688e-05,8.70717572033163e-05,9.433877046320063e-05
191,d4c08f977ff7ec0bb7e043d9657b8c0747efc169,7.279214883424543e-05,8.69194439972841e-05,9.443330932562509e-05
192,4c6f0f88df24180bde7475030e3f40680a150e57,7.316573748002516e-05,8.776481641925931e-05,9.45816647784769e-05
193,a72b89c7c2e30f5df5cf27f68b6afd45361934fd,7.28429263870188e-05,8.643757657057817e-05,9.433975951238112e-05
194,18da0ef0480920c6256627ed91469a40997ba4f5,7.258688612222272e-05,8.69603001422459e-05,9.455546863715758e-05
195,9af9a963b9b154dbc958f05480dfdee6a2965292,7.284042115012805e-05,8.897751667386581e-05,9.557878991111744e-05
196,dbc4f5d3fff330a842576427674ee4fc5de0164d,7.29005433769034e-05,8.697527056162963e-05,9.452462896766249e-05
197,8eb6424128b4be16bab4115f9d172b32c397972d,7.38385070518062e-05,8.891059894908647e-05,9.522409897974945e-05
198,eb2c75189c9814dd463e0019419360b860d59ec1,7.552375098237315e-05,9.22780169734383e-05,9.687485034800758e-05
199,820a439494aa8c5a199edadd6bf38af400f67caa,7.393916493794261e-05,8.773975158956918e-05,9.508843703026122e-05
200,4ccfbe69b7a8c511d262a9759e576bb87ec119cc,7.320384375398626e-05,8.699689586196215e-05,9.464678616255274e-05
201,a5aae4f4cd852b64f5f36e8c225895b3a2113c48,7.336531495172026e-05,8.721231887513985e-05,9.502615483308381e-05
202,99cf84aed1751d4707f6f0c2cb9fcfb460f56ea7,7.264317323764165e-05,8.691326647456134e-05,9.421962852135669e-05
203,dc11e03f11b9354a84db0848e7ddc277ab779b68,7.32314121607389e-05,8.720991804768316e-05,9.506280237639492e-05
204,b4718373f5412ea0d52ecbe2a3f9bbed824953a0,7.32291121715428e-05,8.787532637188257e-05,9.528888304802504e-05
205,b9dd2be0108cb312b4c34239a1dc8d24ef3a05a9,7.353180663147629e-05,8.80599572238597e-05,9.529334704645655e-05
206,aebaa8d2dbff7af620a2fca3b5ca9fbb08d4c60c,7.297856039398869e-05,8.846278546652833e-05,9.452099219149302e-05
207,2ce4ab4063457f558e5aab1051aedc68ea17eb25,7.266935817397281e-05,8.801924309036771e-05,9.421065203414476e-05
208,7b0a764fee6e1614f3249e9082d8c4acf1dc62d5,7.346055998995498e-05,8.753604786701439e-05,9.495129554786466e-05
209,bb76bff17f86e468ca9fbc5071d95782dc932c10,7.195856213863743e-05,8.632084354758262e-05,9.379422769319912e-05
210,8fadcf13ddbbce596d008e206bf3127cfc379377,7.21809733659029e-05,8.725880029340905e-05,9.400084468512987e-05
211,fb27bd593222f42b4dad5286dcb9be4b74f34273,7.349538504327304e-05,8.751673446891229e-05,9.529479059644721e-05
212,bd178b3836e62064bd894a8a2b4c9f0ea71452ac,7.508612763719494e-05,9.064632275503529e-05,9.773131883279844e-05
213,136185cee387e0e3638abf38b4faf9b0f0cfadd7,7.30854765380789e-05,8.682331744187731e-05,9.488990445705978e-05
214,76e80b35bcf279f7837b999cc8c7d6dd2d0a3402,7.269362298150857e-05,8.724629878997803e-05,9.402979842641136e-05
215,32f1359fc2d11014b240dee2270acea1784a34bb,7.306930965325176e-05,8.804250576692383e-05,9.472451426766136e-05
216,854f95a25d702bcc3b1373defa9ba70de9ce32b8,7.252123569382118e-05,8.77795175241291e-05,9.436890260021911e-05
217,9bbb13b81d842dafe8ea4e03dff9b9b6c021fd71,7.282347884029149e-05,8.734053651976392e-05,9.425967346784496e-05
218,ac26202be0fee25871845e2fb479bf0b09be2b3e,7.244584224624744e-05,8.808199556604508e-05,9.380088741929571e-05
219,04934769d5d667404dd311256632618a13625e91,7.311889832537318e-05,8.777945446289652e-05,9.47999640960585e-05
220,6c44128939d0bcf60bc1b89a5c761b2ecabfdd3c,7.416998657087484e-05,8.837247944690964e-05,9.550613520497626e-05
221,84626f2cdf1e14fcd5acfad5169afbe6830a0bed,7.352422973191415e-05,8.845960009631104e-05,9.571182626214894e-05
222,395b754902c6a31ee34d4a985bf612d712c25b08,7.269859313964843e-05,8.696948776279039e-05,9.415152267175765e-05
223,0645461254a2110438b6df63ef193c1138c306ec,7.338460609816866e-05,8.761022065773728e-05,9.470820977267894e-05
224,c0043831c46ec07fdc34999d664af654ada0825f,7.303138418744008e-05,8.887743775839688e-05,9.557292373342947e-05
225,444bbc9a787ab1d8a487085e75772db210a77699,7.40589189631833e-05,8.871928688766604e-05,9.549950455865738e-05
226,ba1fdc94b0d7358c993361bdd73feca09d38171c,7.291871808420855e-05,8.677982927983384e-05,9.464554089142686e-05
227,d483de0f32baec73b0856230dd35f08373ecbb85,7.401009863971093e-05,8.843420902372063e-05,9.63555084880736e-05
228,043a0421504396fa7ab0f27d66f8bb5ea539606a,7.284118581427154e-05,8.704445121466274e-05,9.517250456900167e-05
229,56388f8f582b7800bc3af84958e2d1b0eae1bc05,7.266314768024576e-05,8.818734271875245e-05,9.444867356243536e-05
230,119a0330c9cbeb13fbf8801b4f5d956659ff92cc,7.242671000616004e-05,8.662761790286068e-05,9.385155784957157e-05
231,788976979452a2d0758040c3c79b9bcf9c78b7c7,7.324378708978434e-05,8.731906913217097e-05,9.488055458694527e-05
232,1245f9da021d65789a3332f0e046ca30d518e9c8,7.25881357882357e-05,8.705963517088809e-05,9.46070288869837e-05
233,ca39060bd4f98657139f782ff9c02a1f095ed3dc,7.299389186743143e-05,8.714716926577591e-05,9.479005900423296e-05
234,7b2b9f53503eba60da8eb6e3646cf3b9ab342b61,7.309291940323083e-05,8.801338608316109e-05,9.485712719403885e-05
235,d8e0863c76c23964974c454e043d6f9e0c9d29be,7.34643808322116e-05,8.762689769176431e-05,9.482307266973129e-05
236,fcba5a6c901717110b9767b418df410d7c8c6e73,7.320065875270252e-05,8.721090566947079e-05,9.437112394077626e-05
237,bb100bcc3b4975819c9140003463f39b7d8e255e,7.417476835626259e-05,8.876997564836004e-05,9.579037723597139e-05
238,ab5dc576c1ab55e2a2ebd7efd5e125fac3e84879,7.238329867535465e-05,8.650664466217713e-05,9.392257847184361e-05
239,2dcbc560320cb70c2664ed442b9083f80b23840b,7.336448637746602e-05,8.773681711466089e-05,9.515225008892064e-05
240,bffc8b422d7741ae47d0c5604bda475d3c92aad6,7.363893958933701e-05,8.723915048696979e-05,9.581536816602404e-05
241,723a92e463112b1163e5adb071644506a24027f4,7.288926669086019e-05,8.700042679088145e-05,9.431339252436119e-05
242,a8a3fdeec2c19a1ec776c3a33062502962e09cce,7.261894003022463e-05,8.697359828415831e-05,9.40235413433907e-05
243,9563a3a63fd3dfb3b687fbabad134b5ded72bd46,7.210963903710443e-05,8.689213427715003e-05,9.396442136157704e-05
244,3cd6c57ffc80fa88a3c4c268f53d8d08d37e3fe5,7.232778194679211e-05,8.753280470533888e-05,9.386940481148906e-05
245,ab22e0076608f4825bf9a3ca1b6a0a6a7a670d14,7.257071692341318e-05,8.687329823113677e-05,9.475222270173783e-05
246,c5b2676a5cc32b316a76d4ad636b6b3109f09c2e,7.293874320263664e-05,8.657329031378931e-05,9.419891717728259e-05
247,b10ee24730097204b72c12bcbb74555083e9b54b,7.33980874221572e-05,8.76136050905071e-05,9.48690999807282e-05
248,08f9eeb4a39761131af059b944225874835e94b0,7.277846336364746e-05,8.818520971896848e-05,9.451133885982731e-05
249,9c43c1f8d06b69715f03646cc26546f3bf4bc71f,7.207788752903854e-05,8.668230246609798e-05,9.406015732949061e-05
250,43683b3256a86659f230dcadbcde1f8020398bfa,7.277596683707087e-05,8.655459673572031e-05,9.431094215020599e-05
251,8829b807a841911ce18e79b308fee9fb92fb91b6,7.314286909641186e-05,8.824555278089412e-05,9.444231419508492e-05
252,5c3762157a0cd7a6a036a2144a5fbfc5278a919d,7.25167931523174e-05,8.650055643534515e-05,9.410557854720507e-05
253,8fa7f5949fb2452715a03d26bf83f85d418dd55b,7.331373495043524e-05,8.742852484776585e-05,9.527405914427204e-05
254,3052bbcf1ec4de331154f920dd9bba0bbc200b95,7.226761663332583e-05,8.618476239198277e-05,9.382996719699999e-05
255,5b5c15e3096f0f040a70040dc006fa23fec371d0,7.329858419472805e-05,8.840856096911721e-05,9.485521374947645e-05
256,0fe3a700a559d6bdf05d7aed95528290d3aaa698,7.267459683741132e-05,8.730839509817381e-05,9.425192559522785e-05
257,9bc70e740253b4314ccce42bcd29c8f24875d704,7.261950988322496e-05,8.648862782865762e-05,9.393525571554653e-05
258,d3cbba2ee0ad9909a3fa2f33b23aeb94785fd37d,7.231385020228725e-05,8.604635996744037e-05,9.374368179604903e-05
259,9b7a4c97491c53e9f0602699facadad26605752f,7.501335402901302e-05,9.19655852239367e-05,9.401131773459886e-05
260,3eefc256a7d87fdab7aac059b61f7deb2834d517,7.302992259958547e-05,8.7711107001075e-05,9.491150450223118e-05
261,c96717f9fa0e9efe506ad4eeebf36f5a8b27bd80,7.24462385209191e-05,8.66031454455468e-05,9.411261109096452e-05
262,1a12887866d06bd8b24d07f7109cb08e7e82e12d,7.306481203714373e-05,8.80205198266213e-05,9.423279740331956e-05
263,9dca4085c724b3e62d54dee33e42ebdba3bb975c,7.286851335241385e-05,8.672129432295239e-05,9.445697146136898e-05
264,4c83c0444c68b89b051f7ef8d8eb1a2276439d78,7.305261264363788e-05,8.730964468521698e-05,9.516898637891493e-05
265,d62b0ee88b20e5946fe49f0ba533b3e547e4d4f1,7.361942947523405e-05,8.832048804582498e-05,9.51016406443986e-05
266,8b15e57718042c75af22a25a7d604fa0f938f16e,7.236789409317915e-05,8.656672153231358e-05,9.422956663761134e-05
267,f8c608cc7a8abcfaea1cd655ddaab47065c5b1e5,7.295142234171797e-05,8.79263056996317e-05,9.430086717378994e-05
268,7f7d14a2b6e1078af25233bbdbc5d8533529fad8,7.447657575639449e-05,8.956989326865458e-05,9.601749532686717e-05
269,b219f69db011a89e6c514ee487dc437f607c4d94,7.458603343095731e-05,8.954889021768439e-05,9.666333631189032e-05
270,93d3e7c247b66ec54d1095df30e99a95b4af9c72,7.344184258965238e-05,8.836993474392143e-05,9.547219061377374e-05
271,49d62f84df0a82b10b3623024ca66b1f09958072,7.490834247294839e-05,8.946872308603989e-05,9.66935832467344e-05
272,43f80863ba2994a186293d86d516204ef38b0043,7.274087363233169e-05,8.652852136210715e-05,9.413984361728115e-05
273,2351cf4976b940eda199f9a17a12bd170d9b326e,7.245487657898706e-05,8.723702116230549e-05,9.397946255789562e-05
274,ae7f9a2cb71cccc9d49cd343e238464107397814,7.446557969135578e-05,8.89522190906169e-05,9.616399078037251e-05
275,4403503b501a46e4eeb9f23e010e913ac5bd7a95,7.254322481939926e-05,8.723661437111556e-05,9.368030904707584e-05
276,5f071c67660dd3eedd6eddb39681cd2943166e68,7.295701418372008e-05,8.822836508577476e-05,9.431391338671535e-05
277,cfee2df31bdc127c345894aee594cbcbb8cddd0e,7.34048245814503e-05,8.811373112162924e-05,9.511705932461403e-05
278,e77b53a880edf16808488084c67ef090c69b3258,7.33226278309254e-05,8.755166280439229e-05,9.464869191023437e-05
279,a20eca25e9b492efedafea4b7c5d84692d869f7e,7.415409152377017e-05,8.796336714270686e-05,9.565860541029409e-05
280,cb5507025e470ddf485bdaa115ffff07ffd0076b,7.284309326981506e-05,8.731142377420779e-05,9.386428566418649e-05
281,0ffaaf8cff4855f4127ae6025ec271bfe9c8666f,7.184217946098143e-05,8.573758907826437e-05,9.351865338423282e-05
282,509b5ae4a7bb3c99324fd302ead1bbf4b130c741,7.301424016446076e-05,8.691534611994658e-05,9.507654044269161e-05
283,3dca0c71d1446f4730c2b72d67719467a5ce528e,7.232762717952331e-05,8.633452917887898e-05,9.438784000240574e-05
284,4e61c8958beaac5a276cabe30f98721ec50734b8,7.34203778257644e-05,8.842653719844615e-05,9.513426762582226e-05
285,08edcad74d32d89f6b60cab43d61e58773e2e761,7.241740667571624e-05,8.713758096189028e-05,9.414760784576994e-05
286,4a4ca3946510a5f6d888d48d185d3b5d3532d03c,7.351667217507556e-05,8.737341382494959e-05,9.526225039735436e-05
287,0dfbc057a58f4992843b78847115225019e9d573,7.254284206502789e-05,8.601788524538279e-05,9.397744616755277e-05
288,c2313555d7d202e732872e9a55d717d368004aa1,7.327377167999145e-05,8.721306458176151e-05,9.481215913018041e-05
289,a64510672cfe7a6cc67a04b8f3bf1d47a938c353,7.221343306203684e-05,8.693129488927943e-05,9.385726803313356e-05
290,5d24993c2def9e3a368e29ee64a0d29f110d1657,7.292743609755632e-05,8.796370534806466e-05,9.412138072450546e-05
291,360ba0572483457837992d711a0a00580741fc88,7.364269326992181e-05,8.714254907657945e-05,9.523326298221946e-05
292,5da4a8e1835a11d5a03b715e9c0afe3bb96c883b,7.193851983174681e-05,8.635668224102356e-05,9.35762106587202e-05
293,2884e617b2d93010707525071c4308c3356fb8cc,7.181160164053564e-05,8.739906219326384e-05,9.377768709639873e-05
294,8fee756d8c9d2f5fe211fd9feb999c0da8a89821,7.305938649821926e-05,8.73516574956295e-05,9.462805772739009e-05
295,b88b2c0c19851810d4ee07f03a7734b6e19dbdaa,7.288503305365641e-05,8.717404178729871e-05,9.448038537270767e-05
296,ab24dc6130d834fda0744c193f002b3a5f671a90,7.244414843668873e-05,8.78083254627096e-05,9.393490550747095e-05
297,e0ffe3572b37190d9da5b1d07057e4e038bd3197,7.296266424394137e-05,8.808545986070267e-05,9.442492164979296e-05
298,950c6340164ef502c032d11f50130e4bd270c875,7.283545200567261e-05,8.751177767768872e-05,9.425369472327558e-05
299,097888c917d75fa85788ce7b4edaa98b2bdc6ad1,7.212647261554436e-05,8.668082638553554e-05,9.348584639200987e-05
300,1713503b4117550152ca47feee651e67275f3557,7.315767694543413e-05,8.682833915790085e-05,9.532903575084427e-05
301,269f2f2d30a2c6ef3c435386aa392b5b1715c662,7.230018265545368e-05,8.701494962517773e-05,9.389797972191957e-05
302,a0f9f503f2dbc9492e7cc20b52623993ced6214a,7.261436743040879e-05,8.78305806649652e-05,9.391221895136616e-05
303,f09166e85cea7c1639fbb1054171699394ecb62d,7.283221617741073e-05,8.592501305223953e-05,9.391115678181826e-05
304,94b347e867759325d8586ad3d1c3e01c590d83c1,7.366558310349246e-05,8.750242764145379e-05,9.512458081272515e-05
305,c0628451db9c87ff0b11f07e68e3d30a954f1ada,7.300209757444022e-05,8.646843601919471e-05,9.418030900588213e-05
306,98dddf908dcdae90930e09c40bc92135bd4407eb,7.30532904256236e-05,8.728694601738748e-05,9.487793061204933e-05
307,918ed48eeffaf26b6ebc0d9a1296d756a349bc7d,7.210672677805026e-05,8.566801120797471e-05,9.367136623371731e-05
308,520b7d12256fcfcb6a2b3791f8d1bd3794302af6,7.236255953709284e-05,8.677196875214576e-05,9.357713524652415e-05
309,7571d4ad2ca1be26a76c153431c937dbe24490bc,7.427271889724039e-05,8.736003561293692e-05,9.486241774125533e-05
310,e38a64fd8d78d838f950db685a16337aa78f9940,7.27872657995896e-05,8.690375421616819e-05,9.415816123143207e-05
311,44f8f9d6a73920eeb04ca577267b68b90cef6e3f,7.274444683786206e-05,8.666645016188059e-05,9.393433016563249e-05
312,ba77419b101535e8ec14192c35b924b32b6a31bc,7.31946768339824e-05,8.837376319901729e-05,9.525234557010911e-05
313,24a470494ebf452931ae9b7bf94689dfcca1fff0,7.429087984581922e-05,8.893995242935371e-05,9.64744926684282e-05
314,30cc38701d010d1cc053ddb9856b2d522c33c0f3,7.365038461127394e-05,8.80618969629693e-05,9.477409661154855e-05
315,d4ba8edb36eb8f272274d835294533eb00b0e57a,7.327254924520448e-05,8.765453230438194e-05,9.503459600223736e-05
316,af4b110273346e5969fba04365bc477747529fe2,7.026223910699606e-05,8.42158704644113e-05,9.18616910180277e-05
317,b66d03dfc4958d159c5dc3ddc9075f8bcc47f9c5,6.945068787807112e-05,8.46922575874487e-05,9.116273727421918e-05
318,4635c9966f9f9a1bbb775fafc4096fddee8160dd,7.153496967236462e-05,8.538537546091022e-05,9.290233239038916e-05
319,220ae326b8cc407f3e4fa3c5d243c71a84749605,6.986760924900732e-05,8.406944198929888e-05,9.12229297682643e-05
320,8d161acfdcaaa5f09efa7c2f675e74631da6b293,7.014065500228635e-05,8.46825114422245e-05,9.162301296887338e-05
321,f4aadabcc0e1968f3b309642af52ef11ae77ca01,7.033621775146746e-05,8.403931517065979e-05,9.166007699860522e-05
322,c2b9d20cd6a8d28785972bd883f11d1a7fc3a8fa,7.047661309761386e-05,8.4700722557803e-05,9.21932514756918e-05
323,8988d371ba3652daf991169750e48b01aa16240c,6.990024270728612e-05,8.345663172099017e-05,9.112789349491931e-05
324,f1f8455865786829edb1191dcaa8b9a46c036106,7.118752354903049e-05,8.63534246852237e-05,9.26318986356751e-05
325,68b06ce36f7d9201481b73c150e2ccb3b5aa9540,7.090296039914155e-05,8.460545167326928e-05,9.248038553748248e-05
326,d0a457f2d16b64373e689c78d53f835844d5b432,6.995976675683871e-05,8.675125134214172e-05,9.133017329452945e-05
327,1e4c12dcacca05adc999c8f74608c002f1c2896e,6.986593152993382e-05,8.425468351603962e-05,9.136058559471911e-05
328,76930e7d0c22e227c9ff9249a90a6254c5a6b547,7.027885518394984e-05,8.486557589282119e-05,9.176923993451535e-05
329,c924809ce02135db2349187ca94e5a985840bb96,7.068128294807362e-05,8.453436995174471e-05,9.21476686234809e-05
330,ada944199d09c0e64dbd9282e31ec7e766d847f4,6.979382982489409e-05,8.435320754454832e-05,9.122547262525264e-05
331,d3cffdc67589a8189e5aa490a21bae4228fb3d96,6.980700298952751e-05,8.531938321653784e-05,9.15207134267269e-05
332,c1e3b726c0ea767e38b5cec3966c5b434e62f215,7.026057379941146e-05,8.49883829701751e-05,9.239647414319771e-05
333,33dc7bea24f1ab6c47047b49521e732caeb485d5,7.052881823432062e-05,8.449215804123215e-05,9.228656076141134e-05
334,c310f75c59fb5cfa2fcb58922db5cc78a304d447,7.048070641054261e-05,8.459876320786833e-05,9.19961170408844e-05
335,03692a740083a7ab54cd09a7c564cd1bbbe5c067,7.079530807555114e-05,8.524321169862824e-05,9.271607364812666e-05
336,e1f168276986395fbd6fe3e6305ae82d88b81a12,7.01831848991494e-05,8.411600282485772e-05,9.172729001003356e-05
337,e481e39350847af034bbab8e1237ef0085714886,6.988629428369384e-05,8.401031033905941e-05,9.145785684982115e-05
338,4ec84c5ee225e43ca27930944f74ccc04df39115,7.126552690345568e-05,8.587868697941303e-05,9.255006347498127e-05
339,8b6717eda19732e93d5d0802f68005b585e7c6b3,6.972175563136354e-05,8.401706609434968e-05,9.144980976096362e-05
340,266a6cfdf47b7065ac2c0ebc660488cdb596cdcb,7.080799422238941e-05,8.492273766370047e-05,9.239074381545556e-05
341,4950fd10e678faea859fc8d8bd5d7ea9df2007b1,7.156753313860724e-05,8.628012553330453e-05,9.402898063282829e-05
342,92bf2f6d81252f97a7acc69fcc016636b29d1277,7.055938664463258e-05,8.470621518790722e-05,9.220067319298579e-05
343,e538e11d2b0acd93f5ce74fb3c6a0e25a4aa3ef8,6.993301361087401e-05,8.44138535106276e-05,9.179223436585142e-05
344,b1862a3006a354be01b860a1a23f100e6401dd1e,6.968525066307395e-05,8.441551980222501e-05,9.120962597796174e-05
345,0b311f4f6c5208946f72d022a97c818c58178b52,7.071111338750627e-05,8.537722638838233e-05,9.260672213863735e-05
346,45840adcf20eabc665d2fc17f28bf93e75bdf20a,7.108488812503455e-05,8.4885248914361e-05,9.231646314324919e-05
347,1de46fe2feee9d3c500a83331ac9b75af5aef947,7.150723099313825e-05,8.547720612912643e-05,9.294796142388475e-05
348,643bc75dc8537de3722de745752a1eaa065cf4bd,7.223627650209012e-05,8.829559073857372e-05,9.376885107726105e-05
349,90bcdead2c29f535f4140782610dde10ddd38592,7.132505599752461e-05,8.51656273007393e-05,9.293819793061284e-05
350,7a505741392ee24cb85ee096eec3b3e4a624ac15,6.972678201451043e-05,8.398022997887834e-05,9.131668258673889e-05
351,953757c691b0ffa5c4e0e0f58fd40de6ae983d52,7.039382452926328e-05,8.531547151505948e-05,9.170838069817251e-05
352,a3c09377e80a37deedc486ec30a7e852b7a8e564,6.990109582659818e-05,8.384697139263153e-05,9.145117788152261e-05
353,905075211bb0bae80cb7f837419180f25a253dd5,7.042794808890526e-05,8.515962251713352e-05,9.196894127906353e-05
354,b01a4732cedf8ffe6def3a877e22dacacc796bd5,7.068890056783153e-05,8.582835462653921e-05,9.228858311683678e-05
355,4d290795d4e8c60053eb789acf173159dc4c1575,7.120062907536824e-05,8.499951101839542e-05,9.297554512038703e-05
356,bffb00600e686d7d321d5b7529390201382c41b7,7.13466020227459e-05,8.483161218464375e-05,9.281431086176684e-05
357,fb5aa9dbadfb216ee75e76ca3c7e3bae204eaa20,7.0007570508507e-05,8.423579668986701e-05,9.17864039786591e-05
358,695eb87f10af2d012937492d4943b59b57cdbfaf,7.145597268582175e-05,8.532127395756846e-05,9.312225536497172e-05
359,b6f8b211d79327948d2c6972a62e0700975d613b,7.064705079590732e-05,8.478612825274467e-05,9.195882180505549e-05
360,26f8b11b6e5529789d8e8f6c677ac02432d84f59,7.073422832610576e-05,8.488286079631912e-05,9.265767356519364e-05
361,91d9bbebc159ada6cccd0e1fcec1926e26b19c6f,7.037248222097273e-05,8.445338522062058e-05,9.209803528775854e-05
362,9e26d1d2be7a961a16f8fa9ff7820c33b25415e2,7.000267505645752e-05,8.403151259412915e-05,9.15148349340297e-05
363,78a58c3d5b9b5fb5d7def57bc5b026e539744910,7.241026410279242e-05,8.72659519864399e-05,9.26196151836352e-05
364,ba596df4cc23445a117c3785239a75a3cab6b2f2,7.091931878559051e-05,8.499106052257713e-05,9.470757035430797e-05
365,cfb6a4d88d88307d507a86d1d70cd7d84c611406,7.057459724526252e-05,8.466780391030425e-05,9.181036052009291e-05
366,f1e479659566ab798bec511c97d32b0ab8b645c9,6.957623747087295e-05,8.490056855472053e-05,9.149991453063389e-05
367,779613108f2d7a138bf20c8e6c82d9f98e2cde74,6.996327410301854e-05,8.503035238877994e-05,9.159206158735535e-05
368,fd1b878b62469cc9cdcb80e66bdec9d2949d8133,7.03918185181819e-05,8.463694155216217e-05,9.222172031348401e-05
369,7a42940e610b77cee2f98eb88aed5e66ef6d8c2a,7.104945018306955e-05,8.600201117732222e-05,9.210338846834238e-05
370,8e956b4f613d1a7332f0a07f53afe0855ca59f83,7.096721214781466e-05,8.525706768508941e-05,9.205388213115291e-05
371,eff302e5e8678fa17fb3d8156d49eb585b0876d9,6.961175626155676e-05,8.354629972018301e-05,9.122755775441889e-05
372,e3722cea8adb7b66084a7edbc6afb978c5521c16,7.026031793605896e-05,8.448036683220711e-05,9.225063749458179e-05
373,1d2eb4b33d115b88681a3225172a5bf8629c6211,6.99205676284738e-05,8.410014925175346e-05,9.135988902700835e-05
374,30114c3b34feef351143fd4676839eaab93af931,7.072876828412214e-05,8.617124718720796e-05,9.150714575012854e-05
375,e4feb7027e397925d220a10dd58b581b87ca1fec,7.215610974909445e-05,8.731748389660335e-05,9.39121169676958e-05
376,de3fcf1473c7a13da1f8f643f6bf33c0c306f73d,7.014525516961629e-05,8.400960451387983e-05,9.170822291211648e-05
377,995ea11dc9fcf746f52c0e942cd1cf1b3a5c1a03,7.078022236464086e-05,8.512806472560716e-05,9.253199312312543e-05
378,23d0c17dec171c2d7c21bb40be773aa809ea2685,7.1931096056524e-05,8.619803656625936e-05,9.428869070839291e-05
379,1342aaa49d9544029f1ff1e56b404adfa1bef468,6.956061228148398e-05,8.537100378687926e-05,9.116788263902192e-05
380,74e135b261e4613963cc50ddb97ac2edbd5936ba,7.039621892955995e-05,8.54373387992382e-05,9.188813365195409e-05
381,812b696bc47cf1fc71719758aba43e4be4f6a512,7.252998354024444e-05,8.700908191742435e-05,9.400708877966424e-05
382,c9f9081fd7156e351f7a30d8e3b75968cc5503c4,7.05693097364518e-05,8.457125208917118e-05,9.229481374182977e-05
383,ebe111e30186fe24473b854db789172c11c67d4c,7.0556765422225e-05,8.516608715409369e-05,9.202183616801728e-05
384,3fc052fc6e64c6306974d4606551cc9b4711039f,7.009105941909828e-05,8.376513967129189e-05,9.157022168813659e-05
385,8e038f4a930c0c899e599ee58a56391e026a608f,7.041525579505153e-05,8.564010262489319e-05,9.288631518148194e-05
386,b6391657bcbaebf9b917ae2f4472ba9c8e872cba,6.959500512288463e-05,8.465720369942545e-05,9.102073367223267e-05
387,c4693fe6f291ff142f6729ba1d3d6baa1b968b38,7.02641305646726e-05,8.425693213939666e-05,9.17551969755287e-05
388,d7a75e8e8fefc433cf6e5305807d5f3180954273,7.022460493700284e-05,8.459983482247307e-05,9.194368588899778e-05
389,d714c8244011a01dfb6f6f453da132a9b10fd935,6.971021841286094e-05,8.3693347516514e-05,9.105209076453832e-05
390,5b63f260933672b7182daf4fb15ffcd15bae68bf,6.920601933812484e-05,8.451595931546763e-05,9.0952050398852e-05
391,bac54ecb0b815eea2e8116d21aa96e1387793468,6.940608523833524e-05,8.495720897534097e-05,9.247583153917165e-05
392,80354c5fd729ef3bbcbfc41a661fd0cfb0f4a107,6.997271050368585e-05,8.343782035573837e-05,9.11816562071812e-05
393,b2f29f2751a8c9fcd83bb106d5e020d1901377d6,7.030457077968506e-05,8.45994135098798e-05,9.231441769718139e-05
394,dc3fe03617103814d56941b74f4ebbf9b33cf3b2,6.983387104880351e-05,8.381350291153741e-05,9.122813382178297e-05
395,3095b43db1831d876915bb581078e8d11c9febfb,6.937497491194943e-05,8.451358569184627e-05,9.120152570491979e-05
396,811f9eea3b105919846760a6eca4edd22cc11c1d,7.012843464811644e-05,8.42809159722593e-05,9.161780380513058e-05
397,f7bc512184a1de3992b0d154e6244a7a0d9a574f,7.057635173682243e-05,8.52939337491989e-05,9.215984508887796e-05
398,e0af5e076a1bb8f378b73ed622240170d06a16fd,6.9436449203876e-05,8.446631190462375e-05,9.087273420011702e-05
399,b34df2990805634bed20d41b8e314cd0a796bffe,7.080764497642393e-05,8.48083956433194e-05,9.222655780305548e-05
400,11cba18268c04d43a56cca3635e49fce1e3a759e,6.96837270975505e-05,8.37906189262867e-05,9.13496714177703e-05
401,ab12dc87f4717fc0fdeca314cd32cd5924928595,6.994698793651201e-05,8.43485802646697e-05,9.163589532340854e-05
402,e3f288ed51e292af99368eae2d5725772666d923,7.186059500216632e-05,8.712649721194778e-05,9.38047824258154e-05
403,557ed6af978a2816b1c7c0e785c5cae6b7c92504,6.962805174482174e-05,8.433271844790676e-05,9.136305629345011e-05
404,e393b066cbf09d982c44063e051341dd061a1b82,7.121706541800342e-05,8.65180571112902e-05,9.330816197493845e-05
405,3b39031332a5581ed7b95ea41f66c5f8149cfbbe,7.03987928155141e-05,8.514794469701022e-05,9.217012427316224e-05
406,08d7e1163a70224b448469e072981b7347ed179d,7.097344156112764e-05,8.507176405853695e-05,9.354165839877996e-05
407,85df388d344f4ebd70921dca0bc723770e05a37b,6.979818687222566e-05,8.470770778266464e-05,9.178012332394103e-05
408,073b9b9435b1bcabc0d7641fd7c9d9f5333a578e,6.961472666798494e-05,8.333667938131839e-05,9.109104852661614e-05
409,cd50d88237a95eed03536b18eb1faf60885233ee,6.869303226564666e-05,8.329908238855873e-05,9.043667298870358e-05
410,2e5502ecaab235d9a1b5e4ae341a86714f981355,6.957317162661036e-05,8.56448822896781e-05,9.18054999398791e-05
411,098a3b417dbb3c620e423e29f194585b68882d5e,7.02373803623261e-05,8.491223811038902e-05,9.111333484492027e-05
412,1c9bd177c44fa9c4914b3e8d6be7aee62a0f601f,6.952223618729756e-05,8.538099900474698e-05,9.145810892266675e-05
413,ce82028409c1147a6df62d8f7437e0a9262ee2b7,7.236845742322897e-05,8.842748190675463e-05,9.496266037718324e-05
414,caa27a907ed9dc65ace7c1a14954ae6b75b086d8,7.038414538002167e-05,8.757088670697738e-05,9.156872849326489e-05
415,f5f845b7bd0b737740e419826698ab4a9e61564d,7.05300980517941e-05,8.56204405426979e-05,9.187267831534393e-05
416,9c28deb7d838b6e0c171d54bb6a2a8e5498c9a5c,7.097094029878939e-05,8.458238361137255e-05,9.249925828915982e-05
417,7d0430be0712f0a02102c8637da7741eb3b948bb,7.197930977143199e-05,8.706379309296607e-05,9.349126692030055e-05
418,a31071b0b4c8a6f5cb5999b6e04f5ba6057fd546,7.077119942125562e-05,8.592471905697988e-05,9.248629674192302e-05
419,7f6895cd7eaf814d99ca7438857b17d95a21a2a0,7.048277063416196e-05,8.454143867960999e-05,9.1909827310438e-05
420,43c73d4871e78a857470b799e9f481b78e9b1d1d,6.994938838385766e-05,8.529597627265112e-05,9.151239502282183e-05
421,504fd7b2eedb90dd3aa0b326ac8c3120118b5f2d,7.173200794615043e-05,8.563722637811984e-05,9.161829640550061e-05
422,eb66994093be5b57324580cf389b0ec1b41e9e1f,7.004464165337625e-05,8.523810282349585e-05,9.14504582231695e-05
423,8bb6d8245e813d6ee026ac90310d19f3d10edf5d,7.088069937058857e-05,8.505555242300033e-05,9.230212193013222e-05
424,a481a044c8cbd679ca736341056314ffd71d54a4,6.98671598608295e-05,8.512570400584916e-05,9.161185026784574e-05
425,717df4e93234a1a290aa1b472b5c1c4e600009cd,7.200770277455943e-05,8.629277348518372e-05,9.356685798646004e-05
426,610433b03ef720c8bec7dbf7573a6abe4f913031,6.973784930335406e-05,8.50420282591903e-05,9.153388471396502e-05
427,1b8b46b3f2f68f5be8e52e798eb91c2ac5952745,7.20917573803431e-05,8.670906195553337e-05,9.402406040178842e-05
428,31647f1b3e56c2f2a471cd2c3a583311534173f8,7.07403448253096e-05,8.530125376724062e-05,9.158774363723668e-05
429,d4f7d9e215773e979eb43a1e5a3cbb51f96bd09d,6.98019374305239e-05,8.37129379409974e-05,9.164966889156783e-05
430,555b3d8e10745bed72e25e70465ac447009fa8d2,7.134793926716636e-05,8.674328536039493e-05,9.314610030163418e-05
431,72a8368962fd1365d480a88a1c84a1aae243dd6a,7.121452761676488e-05,8.538241438086955e-05,9.304046830978275e-05
432,0f63c5ef0e9789fd18a676a750c43d3d69211324,7.032206104624839e-05,8.427471667528153e-05,9.223907677964732e-05
433,c4ae3ce646c4dd9a12669b379a40287e3c5955bd,7.127041307588418e-05,8.819740815240828e-05,9.432617066936059e-05
434,444f696f69c98208aab00ecbcec7dfd1689da9fb,7.072054514927524e-05,8.513941429555416e-05,9.224609248648005e-05
435,da887a666ad975ece7fb7465005aa99c0ddef8d2,6.97522907732771e-05,8.387863269354415e-05,9.134887094216899e-05
436,10eeabee267e17c042bd1ff991823b16c85ed563,7.063040340488607e-05,8.557348944774763e-05,9.24513028734479e-05
437,5363cfa7d07641e84fbb5f21a217018c9b55b2fa,7.178996955709798e-05,8.831464035052156e-05,9.441164068200372e-05
438,73fe877ff967f279d470b81ad447b9f3056c1335,7.245671185483407e-05,8.716747003394788e-05,9.434352713552389e-05
439,3dbf5ce5fdbc996e8abb6929a219689cf8c18e69,7.001460732844396e-05,8.502414846044826e-05,9.16531786692044e-05
440,2facd1966c379d20a9b15a62a054ee77f74613bb,7.03349879414246e-05,8.485771139108e-05,9.193815183171556e-05
441,fde2e536a1c1a1ba90727958f0b6da34fa53db1f,7.175644304578669e-05,8.53578858077526e-05,9.31217935521248e-05
442,49e026df832a691638786774708c8ccece6e41c1,7.06282164901495e-05,8.446891378197406e-05,9.210280735384333e-05
443,e4c78e3c0c06576be6cb12354730018b765c627a,7.03293201211211e-05,8.603369831920615e-05,9.166325388614796e-05
444,09d5b2f8ad8a04eed93b6bc4789c4595bd33c2f2,7.163744182294647e-05,8.531793906924224e-05,9.282279282438852e-05
445,a190258d4e90f2a17a9469e5dd9fb5f4b045aa90,7.036410332206757e-05,8.451219275593757e-05,9.177675593859893e-05
446,d0f19a2d633b12119909b7c9205a8c8932ebbd51,6.962191456785568e-05,8.514455673614825e-05,9.104373223591046e-05
447,e745a19cb0ea9af0fd252a4625ec793130f87414,7.042963690578174e-05,8.515838724304372e-05,9.222810487609265e-05
448,662f973ba58563b268d009e67806aa1150ca1cb2,7.060959076436309e-05,8.44905566003534e-05,9.204106297621057e-05
449,9054ae60ee6989743f3cebfd7faf4f38c0e24756,7.119073907469774e-05,8.729695072097163e-05,9.334803643551739e-05
450,5c7002926ec8ad12785b36024f9da80b7017ad1c,7.193970082738956e-05,8.707204613629289e-05,9.292795145807188e-05
451,bf4ac1f81defc727165da4ae5bfea198c75e82f7,7.111835603912671e-05,8.542730753856992e-05,9.19380094394211e-05
452,59a2c17a7851b4cd88d2631654d5fe5d50f0ba11,7.28517267349604e-05,8.825089182119724e-05,9.322711689905686e-05
453,2908338b19c26c043eab61c2af7bdff96b02b1bc,7.134645650359361e-05,8.609408140182494e-05,9.272242165055156e-05
454,af8e67c4fd368bae710b01f32611b10dfab02b61,7.251004296305932e-05,8.72807689011097e-05,9.463769807056947e-05
455,da54e54cb7dac1c745bc2378769d192eb0dded5b,7.09300987761129e-05,8.52247639024844e-05,9.219369212211655e-05
456,9c63473c30b773dcab7adf699e1bd5dfcbb46e9b,7.310901638983892e-05,8.791748706887408e-05,9.226230211740684e-05
457,cafda248a5856a6424324929c1708ea8048d89d6,7.324559437866146e-05,9.041584142651713e-05,9.241624742992653e-05
458,a56fe3b1b3fd358329736dee1edb0ad24eadfce6,7.018035015203808e-05,8.50130818434991e-05,9.152555668895894e-05
459,09416c2934a5f592970e1d97c0298924eed009f6,7.064144517625532e-05,8.49849736643216e-05,9.220759653724914e-05
460,efaf210f7128f32e6d3d193f79ccc6b43ff8c006,7.047315200718192e-05,8.456682461121726e-05,9.194298162440624e-05
461,54232c06e1bc9c2ffdea8a3c2f74dd1f6b064878,7.044919616272372e-05,8.49967704169334e-05,9.21243971044367e-05
462,f10da39336097fca740dd1c407939eb9c6c4ca3e,7.104048027509922e-05,8.639110056983849e-05,9.275325535496403e-05
463,72be9ca10b5391fc036c4cd61830e168712b51ea,7.249964211060076e-05,8.724734941420476e-05,9.587173434821042e-05
464,b91f3c00ee113596acd3e508a593187258291f61,7.1759766748024e-05,8.75984580248348e-05,9.27221029996872e-05
465,33273e4ae770cac1ee0cb304ad5a0056bb59ad56,7.099907004064129e-05,8.485580779491894e-05,9.233932865183216e-05
466,bec2b07db5c999721d2d2c10334f3afe78aaadd9,7.05284047995182e-05,8.594710379838943e-05,9.262024940661162e-05
467,bb54de4905b2ff127fc8b907a5c284e0cf9f8d65,7.003264871831887e-05,8.453719141915088e-05,9.187410993516937e-05
468,2fc0786c175d9dba4526caa425224792d556d116,7.00826405898317e-05,8.572606135189063e-05,9.20364871805857e-05
469,38ca158ad2c8d07bec2d844686eb993e1ba03f38,7.185771440466245e-05,8.664753471241622e-05,9.387872520495545e-05
470,d3653bc6be7a655c2322b2d95f6209626e438171,6.993899109940499e-05,8.588384836912155e-05,9.331336891478742e-05
471,3f04a32ffab73d218ac48f061b7b0d3112b3451c,7.103950912623029e-05,8.629372715950013e-05,9.270422237594265e-05
472,e5875457faf3202c3530f33387341529a2715a7d,6.986309083238724e-05,8.430526276507715e-05,9.177287671068483e-05
473,04b58d3ffbd2c8d30c36ae6ed6366f1069136c43,7.015826821617493e-05,8.479745743135291e-05,9.230725959805418e-05
474,223ccea5ca2323ea011138a0aeecfe1bf2ce63b4,6.970115263309134e-05,8.398504927754402e-05,9.196063442047962e-05
475,bfc7e4347f9b999712768ef7ca8bb3cd0e17dc63,6.994517640240731e-05,8.53329412639141e-05,9.185367856513369e-05
476,e2f946aca446d3690e154e191fd22d7002341e57,6.989458313164039e-05,8.404694125056267e-05,9.132350971999247e-05
477,6a9db2e5941bd0b7552103409141d7b5ee9f0d58,6.955795310390224e-05,8.371310468646698e-05,9.12191785009932e-05
478,d9dee6a6b95c3fea8747e591ef1f44f36445f70c,6.94563955460724e-05,8.508900830906535e-05,9.12044274289746e-05
479,8e1ca2754ca5bb4fc9613b2c2f8b7ee1db0019e9,7.366428438287515e-05,8.610541709075289e-05,9.525404311716557e-05
480,c90cb814567b4f798e884b773fe96e42d8aa63de,7.098797079804656e-05,8.525655418634414e-05,9.212169934772263e-05
481,af51d6615c37f43b6d842b72a4b02dc14e024f3e,7.069347027157034e-05,8.52862454300362e-05,9.230023234590026e-05
482,11141c45c21c85eea0ff1bd4054e314163b448d6,7.021702946193756e-05,8.496109230984603e-05,9.206191382624887e-05
483,8ef114b9c98ca5a04b67fb072ff4a0f5a06de894,7.09124630497348e-05,8.529690020377673e-05,9.212323487543862e-05
484,6d47dd75103b1cf90403877c091c1b6b1800c3ff,6.953160023423517e-05,8.420784055717348e-05,9.170316606144275e-05
485,fd996225c5f712e7fc4e301c6e698a8a10854dd9,6.978602332484191e-05,8.514494448900222e-05,9.160967589902483e-05
486,11a8f8d7dba0eb7b0bc31f74bec659e2e497abfd,7.295633028996618e-05,8.761814041506675e-05,9.44609699909352e-05
487,2863c52c9d8e28cd33973e97be492e30c6e1e1eb,7.033318040832397e-05,8.490681278681945e-05,9.263738651167262e-05
488,872373b030eb6c181ab7f29c0928ccd8b0f74528,7.064308290584729e-05,8.996194375194903e-05,9.236306968060407e-05
489,7a4e602a1f9e39ec3662e21a12c35c6df0cf9295,7.053678554873313e-05,8.662555381537429e-05,9.283715520392765e-05
490,b74ee9ff8f0c3be41dfbd1bd5a10f54e67c40f39,6.941076105412765e-05,8.560252553295522e-05,9.184977624657726e-05
491,f42b5a01c8e82dee90d08fd470a16b2fe957fa14,7.019132660452727e-05,8.456085581244446e-05,9.160413029642145e-05
492,b969f8c9a2178bec235d6c47db3e7cd68c5d39c1,7.049205803102062e-05,8.442501966205854e-05,9.190014059670635e-05
493,9772bea95f3d079c2b59107ddd9731602b5edde0,7.04506521004361e-05,8.65754434868457e-05,9.234893820748841e-05
494,c922e983b4048a8710871c9394cc5ad6c4a8be2c,7.072559247414272e-05,8.706101947579503e-05,9.447102981411721e-05
495,5de64de6dbdf89b1bd8828c59393c4239364755a,6.944393134041197e-05,8.396581401975136e-05,9.155269589059609e-05
496,11c2c1e4fcd131154d7aaf8bf25bd779bf67ce35,7.122916400812234e-05,8.773085785897699e-05,9.190375831994143e-05
497,48808e1a6a775283b2d482d65f93390ddeb534af,7.062754896167036e-05,8.515182823415786e-05,9.260221946337992e-05
498,4ed05c3143eacd88a88d73e8e31d64578b7a9bfd,7.08952585471348e-05,8.613387495279312e-05,9.300245726404111e-05
499,aca2d10c79c4d86d60eba1111272679471540f57,6.947733013878895e-05,8.445831499700471e-05,9.184678600839346e-05
500,de8bb00dbf007b65095e858ff2490b8df39b9047,7.099943198510353e-05,8.551029860973358e-05,9.257802047020147e-05
501,f55f5d45518c2f83271330041b982e55dcd6bbf9,6.984733045101166e-05,8.547674923196552e-05,9.227030687342005e-05
502,d5b6b41bcff0bd85e34f1f4afb6130fdec72ec7b,7.000303445145106e-05,8.567292538900223e-05,9.202823227594706e-05
503,f103c9e9d5f4af6b7ed5ee93dfe76bcfc36da0d8,6.97379968092813e-05,8.517800001647528e-05,9.160800567589516e-05
504,2d6c55528956e2f9233364657bc865eb57603514,7.028087901954468e-05,8.569957732450304e-05,9.20008467741249e-05
505,ada2724f71a1ed479fa080f51623f2cc6ba07a46,6.948679832643583e-05,8.527811352662215e-05,9.135062198254687e-05
506,ed222954f9595510257e207e6d289f15f100ace0,6.980779430558606e-05,8.568426387177574e-05,9.124721438924143e-05
507,c03d892ece761aa17f7452d78a21c76afd5c6c8a,6.951166937748591e-05,8.558938793075367e-05,9.150304331267175e-05
508,ac7676930a8ea25502c2856fa364c0cef0913ae3,6.96187683691581e-05,8.466066644778326e-05,9.171355300205799e-05
509,5cf29978851d7ca7f81fc5d8f5b5089d22b535c5,7.08649636476071e-05,8.50435271859169e-05,9.213567303478225e-05
510,fd07632dda668ffcc38985576a6595d33edbf03a,7.042720793716368e-05,8.513712137937546e-05,9.236993529826157e-05
511,b4491833d636344ef295f1609bcf4742c1d94d10,7.044124816145216e-05,8.507582196404064e-05,9.227674146575375e-05
512,80ffa42124541d5a82f5af67375f14efcf548110,6.974036566531047e-05,8.516744747171252e-05,9.139554097879032e-05
513,78cf92c19a7cfe9a07b970a2156d177a9ba627b0,6.972851267286168e-05,8.41490894792572e-05,9.141806974883907e-05
514,6c141d0663e2d0da30cf601c5726cbc44830d15f,6.96310737899914e-05,8.45518065836486e-05,9.178125476541598e-05
515,3efd3af3305698e8e0b0efed2ad653eaf1c35b4e,7.054497572508725e-05,8.599649393750775e-05,9.252271068490241e-05
516,fa2b3b83c106d28ef280f271086d47482f21315d,7.145498961615725e-05,8.522133412193661e-05,9.443974969061938e-05
517,9f12028b9453c17b72b26355fd503e512af96a5d,6.92048365143454e-05,8.430938783382613e-05,9.141255108531841e-05
518,d3763198673ffc1092539041b8bd23134ae22bee,6.951955795476709e-05,8.406678551998664e-05,9.134649645444776e-05
519,0a1bd4ead41b1fdfb53142097b5e08555f280545,7.08573047191866e-05,8.528315880167202e-05,9.33962604723686e-05
520,2f466b31820b6af40c3bc1ca3957682b6f20365a,6.99478595589216e-05,8.390800306393254e-05,9.16091832986548e-05
521,2b7be2005f3d74141f9f8e83be603be0ddbe7046,7.023901468323124e-05,8.543203108188674e-05,9.212376596021257e-05
522,6373ded2ed1403cc3ec40dc5d919b316a1b58e44,6.997848574358683e-05,8.586689829826355e-05,9.197517767671712e-05
523,43598128a0f452f2d016bcdb9f52d2ca8b148b0c,6.97869987737748e-05,8.513047660310422e-05,9.185128098677012e-05
524,61723384df3678b12a19439d1218f50554e1498d,7.1038854876896e-05,8.562591965081262e-05,9.248712800504748e-05
525,32b564ade7ef22439b5f2b9c11aa4c63f0ecd6fd,6.979375236457395e-05,8.481738716363906e-05,9.211695422072056e-05
526,cba30dbc4012f0968e25d4da3b48f3d9d745aa00,7.096396807532806e-05,8.637350170858323e-05,9.271895035731891e-05
527,40dec6d12d70de265e605046675f2e62f6676344,6.991208125001345e-05,8.480684200842535e-05,9.20448036602706e-05
528,b666225ca3e7a7e2d0121554424b0b39d9412c4f,6.973791795854384e-05,8.406703273067251e-05,9.136866347109977e-05
529,8742209a1fbe9f35cdeead79f12e0029d3776992,7.208370293180148e-05,8.642848211625391e-05,9.394959922422443e-05
530,3e2406a51845dbefd696d596fd2e0961b92ed09a,7.06047096566574e-05,8.490496140912297e-05,9.195504263659153e-05
531,95d73525a7e0a42c49cb2bb46e6b701168948e29,7.045697178933527e-05,8.518957188279611e-05,9.216144219164021e-05
532,ce78e8c55b7729e79f87e4e67b85e9d6f03f001a,7.105499236403327e-05,8.621670305728912e-05,9.304008731418404e-05
533,abe26c2e3e3bce8227af75fbaf7ab7e36a9cd1cb,6.989526652520704e-05,8.467444783355307e-05,9.180725482869739e-05
534,8eff1f6a2fed8d9df52750271f4e07dc4ea5e1bf,7.00854425949435e-05,8.535913638467712e-05,9.210646337221476e-05
535,d7d9d7ba33d6486dff1a8cc1c55ed542e0bfb47e,6.99611965757914e-05,8.452891558408738e-05,9.159325075543617e-05
536,7b085eac10d08c49453541a896297f42f09ddfe7,7.0950271454966e-05,8.638077745522101e-05,9.323579590182659e-05
537,5c15cc3d76d171f07f9809a14a0dffd5ab37e599,7.021877794496475e-05,8.473832160234451e-05,9.194002602218597e-05
538,2bdecde364f133ce94b7f9271a6d34a8fb5cae86,7.110929704810443e-05,8.520261488027043e-05,9.267395439226765e-05
539,3f3e6045d594e28cd1953de9353b9f7cc103386f,6.978907772610265e-05,8.491011306880012e-05,9.169066247861248e-05
540,3823775ca779f5470b46c24d141fd483fee931d5,6.982588599766453e-05,8.573213694837149e-05,9.18130505799262e-05
541,f6a71feac4ac1623c8cd69dea5a560fe1e9af00d,7.027292684201272e-05,8.605507761240006e-05,9.21753812427363e-05
542,0316d19de1f5ba05e8409fda83ffeddf59ffc76d,7.051055749448447e-05,8.572423903960882e-05,9.206659352976429e-05
543,1900913b4c226e4cb49ab466671ed56bccb3f700,7.044905496220435e-05,8.631470273174937e-05,9.222284790651857e-05
544,00f6ddb9881a9587c915b3db00fa6e99bd025bf3,7.022660706312424e-05,8.441140461299155e-05,9.170483243613203e-05
545,7b0653cdd0d0a5ddcda061ee2eaf247f6303bc1e,7.014719228590689e-05,8.492568327534583e-05,9.197199116807339e-05
546,26e0003573463d0c5ca6c07289cd5151b4dba3b2,7.008620259630215e-05,8.420241878382743e-05,9.229423647577113e-05
547,6d8956e46026b68a4c2a50f1aab0c4f36a46053d,7.185943184360381e-05,8.801280683468259e-05,9.246013504414518e-05
548,871009f6415a2f588230e2e36bc9dbe751698ee1,6.992339246696041e-05,8.442608536932413e-05,9.152163127976016e-05
549,01c9bfe4f48d23ec2d2db50ffc58d6e5e42cbe93,6.975809504327022e-05,8.409615518070581e-05,9.161333961427704e-05
550,5ca0ef6272ef3eabe2feb4049b7cb05a52516495,7.15150228260379e-05,8.731229397339549e-05,9.234996189263242e-05
551,fc2fe480f42e78c23a1cb1c8088bc1148784e16c,7.037043963607989e-05,8.453276278751513e-05,9.221552817289494e-05
552,e1ec9e868bf03ec4284b9a5fb291418983b3a4fb,7.041559841197271e-05,8.66160151504335e-05,9.22058685875136e-05
553,a5dc2b5b917fc50575e10bbe139a0c78e43a1c1c,6.958358706190035e-05,8.505233377218246e-05,9.131055971807684e-05
554,7dcd29aaafe1ab8be4be04d3c793e5bcaf17459f,7.112281904979186e-05,8.582114242017269e-05,9.306290856570253e-05
555,7a18e4ac4f0b9f0933a190ac25cd75729bcdd146,7.095929771049381e-05,8.497793700486894e-05,9.243115628800117e-05
556,17e3ef963a039b8312af119e300a9e68a37e568c,7.020048677730255e-05,8.481756094994583e-05,9.146272705113593e-05
557,67ddfd05d65cb1f106504bb92978cc94bcec8612,6.925103485963907e-05,8.339631312992424e-05,9.092058009300077e-05
558,ba4eab8681a12863269e5159910cbaeb06517ef9,6.976747992122248e-05,8.446313736457673e-05,9.192754168155764e-05
559,9fd5ca55cc8c76759927831f44a98e2c65ea73d1,6.971322000026703e-05,8.40628489367361e-05,9.130284744353334e-05
560,46e984e9f93774570b9d15288f3c24f5e0cae63e,7.104841796191115e-05,8.516030622616647e-05,9.286294360298756e-05
561,002611249a38b45e691219567f7ecee4d1250b4b,6.968229653159525e-05,8.388892456423491e-05,9.175352593008269e-05
562,e9070852051515395e0ae9bbe66f929111d59c41,7.181574198368348e-05,8.654136955738067e-05,9.412577083288146e-05
563,06b995cae91b98778b78e5249129912b5372a959,7.009487121533125e-05,8.409713336732239e-05,9.174844296264254e-05
564,6f65e1fc25f265ff36bdbfb3aa482f65fd84a684,6.999536868064634e-05,8.556897949984693e-05,9.226962954791125e-05
565,dc35f0155a80e8ae1e3f146da9a717888a55f1c0,7.05728427537026e-05,8.46279168823608e-05,9.178713518233339e-05
566,0eb9f54e5e466c8d7a76ae116712b368d045c7e0,6.972321540496911e-05,8.348689152626321e-05,9.104044588862872e-05
567,740a8cf8c103e4e329021802af007295261b0da2,6.981613114476204e-05,8.490727847720694e-05,9.200568041525597e-05
568,02d6e9a4b4bae1eca7896fdba043575ef3aaf038,6.990246474742889e-05,8.448079873727062e-05,9.212717567839897e-05
569,572d5a1dadb398d0b7d27468230f186f72987b3b,7.075432978280178e-05,8.556464805252969e-05,9.19664417170296e-05
570,b126821abbf14c88f85646b3fa074d3466bf2dbf,7.061659088057856e-05,8.522333311183112e-05,9.184065159441025e-05
571,60d46ea7bb53da9792ee03dc32341d51e4638960,7.094339431299792e-05,8.533715456724167e-05,9.277690786960697e-05
572,a8f38c5f49f92be3897888d2b02cb734a2f32187,7.058489559726281e-05,8.630274030251231e-05,9.281376823167171e-05
573,30678f57d5f4c68e4a0590fda104b32895a216b8,7.024741787838456e-05,8.57321247458458e-05,9.171583127876944e-05
574,68e4d56eb9b539cccd582de7e7fb09c373d37609,7.083918294542796e-05,8.528002351522446e-05,9.251766922799024e-05
575,6562324781f287cf07a4dc694fddb297e32d7ca8,7.02134178330501e-05,8.461310247343684e-05,9.221751396813667e-05
576,d23d968fef1464407bcb1b28147dcfff133bced4,6.978946308103891e-05,8.39183605679377e-05,9.111802224531646e-05
577,02d508c90a214e0aeaf78b4ad41a578e267dce12,7.11168319760979e-05,8.568447828292847e-05,9.275681901076607e-05
578,eb4317d0a4c94b3f1454dca58c76caed8bbdc7e6,7.163488318200236e-05,8.59760959458545e-05,9.282438223027001e-05
579,10e43ca5882a22de3ef9082ffce82c65c3261b8f,7.099591727767671e-05,8.522070247710237e-05,9.264371334767539e-05
580,028bdf88e6c71a705d0c6bfd55d1117c7f44f6aa,7.088247446283217e-05,8.538237214088441e-05,9.281792454729395e-05
581,9437402f1d60778cd723e6119044ef0510ef17c0,7.046969427216437e-05,8.622460125938175e-05,9.196053820946985e-05
582,579ee2a137b5b4f8dcf70a7a548d6c4194e31257,7.177349056629156e-05,8.594001084566115e-05,9.334098147459268e-05
583,b51b540285d4cf2af69976c1e3b285f7c21b46f7,7.129338412702858e-05,8.537396940031672e-05,9.292892896193118e-05
584,98cb6bc8522b89ef308da40a26fa910fd1a17097,7.054608242658826e-05,8.460311662583124e-05,9.215126691524648e-05
585,2eb2e93ef43618f01258c43f4e7024cb5e3fc173,7.089832497219885e-05,8.671494969536388e-05,9.164595129815015e-05
586,a3881774f72499728ef05d2234ef62cfa3774076,7.110552886795056e-05,8.533078999746413e-05,9.24718496966953e-05
587,c5f7feea27931f62ef31b071e7e10ce28d7baa16,7.191764203128435e-05,8.565080467580764e-05,9.307914128727163e-05
588,a14c41264855e44ebd6187d7541b5b8d59bb32cb,7.041957850257555e-05,8.44712383926861e-05,9.168902304300592e-05
589,d2b969d57ba162f0d19660e895ce94bc59638b72,7.127701476412383e-05,8.671506494283677e-05,9.288631133304155e-05
590,7d3b555ca383a20dcf4618ce3e3d0392ad556b04,7.073825165148704e-05,8.602191754166157e-05,9.219679396507169e-05
591,9a2a786ea3606d06e2372f88badc5802fd7e95b4,7.135478632622643e-05,8.600970519886863e-05,9.2990988911676e-05
592,f9dd21e64584f6e821805daa450b8bc9f8ef3526,6.961774175302892e-05,8.40961478474572e-05,9.137718391812537e-05
593,cefab37bfba72ae062a58be3c7bdbd59c2c4d309,7.055392856464575e-05,8.497485477063392e-05,9.221532035711383e-05
594,1932e4bdc460975d8b35ae8351e037d26e5ee6f8,7.04271658774345e-05,8.496703712020334e-05,9.206062844715828e-05
595,592b71c8cd10ef3cf9bccebb6c3ed0198f105484,7.101411727682644e-05,8.552149677323916e-05,9.232992691195701e-05
596,e5f6012b9d59848d1b76e1b09982cbc67989572b,7.079709805064388e-05,8.505687028879212e-05,9.26332609835735e-05
597,6c79e97d7bac51adb292ce6f7d4d77376f818d52,7.035903512470185e-05,8.413528964396507e-05,9.151079407161918e-05
598,8c671cb7a2e99dbd4146a77c0e88f4d24efc911f,7.098859974316188e-05,8.477988839149475e-05,9.226752060257699e-05
599,0721406ede8b983b8689d8b70556499fc2aea28a,7.011284809801485e-05,8.552341908216476e-05,9.179704876478053e-05
600,6e2e9e678a44650d45f036d4a6c72609a3b8ab20,7.098690642938985e-05,8.515513960331204e-05,9.231032295660539e-05
601,168978df69efecb07943fd8ce3a7c95aab7122cb,7.129470854030028e-05,8.694487065076829e-05,9.299753126034067e-05
602,cb557b79fa0ce467c881830f8e8e042c484ccfaa,7.060709312654934e-05,8.468644412618781e-05,9.200231687835425e-05
603,badbf70324274bdb4299d8c64d3d83a26be2d4c0,7.009285490040655e-05,8.395136385334758e-05,9.169302926945293e-05
604,4c780c2d4b35a54cf45ca7d931efcaca73d0bf24,6.728278912650132e-05,8.241863179136999e-05,8.967185271828155e-05
605,3c91a3e1704c8aa7f1258aa30892040df9d952f4,6.710681891827671e-05,8.116366270069893e-05,8.881365835306144e-05
606,fe3d717080e812383900507168a6bd7093c4e434,6.959219492456448e-05,8.342962067287702e-05,9.108894330456973e-05
607,0cb9f7f7aa8f4255fafb5431dcc595ce183bc376,6.834997754520591e-05,8.36804270917593e-05,8.985973001132166e-05
608,75f852edf94a7293e7982ad516bee314d7187c2d,6.898652481020622e-05,8.431869366812327e-05,9.069936652857113e-05
609,5265343e268264101ec317594b1b97814d8d5875,6.99781542343478e-05,8.348498522536829e-05,9.020020791549024e-05
610,542e35e121988a9a942435da91d407d11a6ff96b,6.899905178837384e-05,8.300882439280665e-05,9.037301967256383e-05
611,8bcfd67720dadab6cc8562183b3d5b3458a8a91b,6.9637607877991e-05,8.454465569229797e-05,9.139167714463777e-05
612,a914cb7cf691a1e676b55459aed58f793883a1a7,6.864969940774095e-05,8.305635794188625e-05,9.038173631439364e-05
613,e0ceabc087303ce18d38183de9058df23f63df6e,6.856586280390152e-05,8.260986942332238e-05,8.987819367065663e-05
614,1e2aa70c87031d2b4e0a53c0a2153ac4a89d8fe9,6.759566434236787e-05,8.293194696307182e-05,8.945250057525212e-05
615,0fe94ce8a6c4fbe94305e4a4be45fe06e774be29,6.922138083702439e-05,8.341146979567616e-05,9.049838179814033e-05
616,7fe64b4a15daa340ed086b6bab85c1a274e5ea6f,6.89036825883992e-05,8.393363168579526e-05,9.049500592730263e-05
617,53d74a1fc054a5f997007fd851476776599cb6f6,6.819013215135782e-05,8.302432979689911e-05,9.015806367605682e-05
618,4d820990180a54ca7ce22ba698646deee17292f8,6.795905064791442e-05,8.239625681807675e-05,8.963582264940913e-05
619,f079a56b18714bd622f7ca457d14ebe873b67c55,6.810115919735447e-05,8.202068031180737e-05,8.99449859534492e-05
620,7d8fadac32f102f25642b47e82437f4243ca2658,6.754639742459045e-05,8.177217872192462e-05,8.931604304140614e-05
621,80b387c66e4f10faafdb1a21c011c173f77b0942,7.087790000960306e-05,8.749816399358679e-05,9.242918594665287e-05
622,4647bfbb57768efda59160c3beb98cf02badd6c5,6.751585937081472e-05,8.169940531043915e-05,8.971629838396762e-05
623,764662504a233ce218543aae3257dafdaa39e4f0,8.163495394192548e-05,8.755955160369113e-05,9.192029338460876e-05
624,31e153c4b80b03d0ef0670bd9aa9e52745c7e3fc,6.757235093138424e-05,8.21969115489852e-05,8.98240731754132e-05
625,f8a30474faaa135ea1b23ad0184f74a19d8b480e,7.10580292221706e-05,8.973068595743134e-05,9.211791321899345e-05
626,164682330d70ffe84e706a67955435b76e1cf19d,6.960367405162851e-05,8.676583463851798e-05,9.110099590096249e-05
627,07685e4386b4dbfbe52a1ecd95bc7fcc397b2411,6.883915286299114e-05,8.284389398547567e-05,9.101285485808001e-05
628,07272c441ee1a12e260a55b252835ff1e1ca0c50,7.011675803486497e-05,8.357856749503372e-05,9.100314461595326e-05
629,2f0ed6acea1308c89e6c814b1317d96362370703,6.842706256975362e-05,8.364913276182051e-05,9.006983474279899e-05
630,6ff787b93d46cca6d31c370cfd9543ed573a98fc,6.801375939176068e-05,8.325206150542586e-05,8.974743850260103e-05
631,35a793c31faa1d7aeb1fd44cf79407132efcab08,6.779302482822944e-05,8.298997730007889e-05,8.95879425935745e-05
632,755d7c3ec0371c25ff25c3142034f3555ab4fd27,6.782652799302014e-05,8.37068046166678e-05,9.005192295284715e-05
633,45c57078fd599194b49148fb66808f03490ee423,6.932933663264057e-05,8.405359358221176e-05,9.155222325401058e-05
634,6d9e294c47e790067e0b5724afecb4e38a542bd0,6.911195880922053e-05,8.398717977797787e-05,9.061193850357085e-05
635,e69faef03428b82f5651a5fb521610ddea2bd22a,6.808073892486545e-05,8.207336918880734e-05,8.951339940164959e-05
636,4fcea6deac29276605e58b0a011f7ef6d089f66b,6.801533127145376e-05,8.202916283752451e-05,8.926308492380309e-05
637,d5da698181fe6e920b03cef8a6a20e39c7d40cdf,6.849095906253974e-05,8.273252751678228e-05,8.985997544082462e-05
638,3300c03992d963f9c571975c17ed93f17b090672,6.825459459152237e-05,8.38889691294753e-05,9.003654832202124e-05
639,bdb5cc7b54d19f1f79eba1680a59f6852c6e3614,6.809619105892417e-05,8.177534839364165e-05,8.932783478690732e-05
640,b63e25648f2d7d0c2d56851352740620848da3ae,6.729652469497792e-05,8.176536075482074e-05,8.909756058616744e-05
641,3d83143c2c2f877ee921c4c7c6746d836c459839,6.847157847405697e-05,8.349329664270044e-05,9.000220255202745e-05
642,d785aa39f99720950cd7f9acfe1133494cb5ff58,6.862949366159971e-05,8.253064710473599e-05,9.035545153301058e-05
643,6568c6b022e12ab6d71e7548314009ced6ccabe9,6.743197210757814e-05,8.098314389247787e-05,8.864247948006397e-05
644,068074f4acab87b0fabf194517b7dfb0f038af5a,6.748442191005864e-05,8.209303037305786e-05,8.89497539666932e-05
645,d78893c1116b3ada9eb1ebbddc17aee69693eb5c,6.824522681897447e-05,8.442135112098425e-05,9.056160247457198e-05
646,f128be6c671d320c84771e923ddaf6467645216f,6.801126536303833e-05,8.288321550935507e-05,8.9123802852907e-05
647,edb880dd9b3c7241b96ccef34c43bd9f90e4a6e4,6.830560923845041e-05,8.19589999053509e-05,8.966328057543776e-05
648,882f00bd47ceacbbcf34cad5d491be43fee0c99e,6.811591172766573e-05,8.241835939770681e-05,8.931441840193257e-05
649,1d7939e1d26adbedaeec98c8153ea2e37297f520,6.72391268073932e-05,8.15456891855733e-05,8.861102856650587e-05
650,1f95d7914ff23ffeb95767de79c55b4f702e6f2f,6.790860643377528e-05,8.287693087298136e-05,8.947376655640021e-05
651,8dde6f8f4a6180e5a26332733367e3fcdc5aac66,6.819718109909445e-05,8.338877341884654e-05,8.989303236509242e-05
652,b32b72e3d98d784b98d9c38d4f9905574a60707d,6.743273278409095e-05,8.258541691413319e-05,8.920765709086891e-05
653,df9c973f28fb9c0e713db29285b07b57c622652a,6.697476262307184e-05,8.11455599767597e-05,8.832374773919583e-05
654,8eaceff8aa2ed313d78b4f84e35b90a24505662d,6.739206448266352e-05,8.159544350664046e-05,8.88663902500175e-05
655,c750d24ef3a9a897fb19d3f0b4910f07f078e302,6.833353719055098e-05,8.176071032022053e-05,8.941040329274631e-05
656,bb71b5fb7b65b662c1fffa3f8120cbfd02e2c164,7.033992420198231e-05,8.70069579127454e-05,9.054505289150556e-05
657,89babbd98fc75399709543f55013ff856280c668,6.679039776187251e-05,8.1423955402316e-05,8.902107708950023e-05
658,202467c653efa89e94cc20feea0ea277cd0a8458,6.719926700183432e-05,8.225425790442387e-05,8.991808532093599e-05
659,b47c3c1c70644c84dac18de878cd53d1b103595a,6.801385970902629e-05,8.214065411056465e-05,8.975752833307037e-05
660,e14d47ce9fe29884a524322b295b723cf8ee1e08,6.737589024968686e-05,8.249237998825265e-05,8.925675384459958e-05
661,89c80ba606f4346f8df2a31cfcc0e967045a68ed,6.804158401791939e-05,8.302686364913825e-05,8.995932947117381e-05
662,64e62ef69babccb36cb2ee014225c6845b163c0e,6.734067431302525e-05,8.228607475757599e-05,8.925354387611151e-05
663,e02af0b2991171c39bb3013fa83bdbe727cd3cda,6.815213102685368e-05,8.314464671107438e-05,8.957440713270296e-05
664,f3533711c854d05e2d767e3e8373c882d4d9f3ae,6.75720303537853e-05,8.168248071645698e-05,8.941921537999458e-05
665,a4e931f15e87cada0b9bb9ad80378115e72ba7ba,6.744980751334325e-05,8.254511384152327e-05,8.927997981569147e-05
666,93a9ed22b6fb6ecd6c4a10382306b1e5c6d06abc,6.891146841565075e-05,8.278579429485077e-05,9.065573633746887e-05
667,3fc4b7178d6edfb01dfddad57344330fd930440d,6.731145405842933e-05,8.170885356286397e-05,8.882672221760356e-05
668,785d1eb24ae8690b6b7389f6badbc91f949552a4,6.826033713878133e-05,8.28423106930021e-05,8.929373953885179e-05
669,676a619f2ede19db5f8c8d42f7221a6b10362015,6.894596834790032e-05,8.359519483218359e-05,9.08542366713778e-05
670,f726490c4c83e48fe05e0a80073e9716800a508a,6.764209872387624e-05,8.250728062579803e-05,8.979871986449008e-05
671,e9fb9335399580aaef1e5fa01e6f7afc79b82792,6.718746599177887e-05,8.196636156823772e-05,8.887703623622655e-05
672,94de9f7007b9264328dfa16dcf60a8c34a2c8ec0,6.814835360273718e-05,8.234437518694904e-05,8.976687885427136e-05
673,8eed39d6562045c650f4c8aeec5319f4bf34402b,6.819514383096247e-05,8.225342652832087e-05,8.97772199421273e-05
674,131b6bf29e20e801368907f71e5d8594a484f742,6.887854979140685e-05,8.21085859570303e-05,8.96078536317237e-05
675,63884710e540d1218ed3713b8998d515abd3c71e,6.816063368380625e-05,8.178373906188286e-05,8.925441051683118e-05
676,d3382a5e7e3c45a2fc9840509de0c8eadc25fa07,6.806594683439471e-05,8.362472446004707e-05,9.017535218144538e-05
677,639f94d164407a311295fa67d3a5363cb718f965,6.783182026947257e-05,8.358300010871699e-05,8.956258816103781e-05
678,b575bd6928402e9738f439610ec13058f3402f3a,6.810122948585067e-05,8.283132162418157e-05,8.956531187655721e-05
679,4c37b8df70952d9192c528f1988e7285b44fd7ae,6.792018830310554e-05,8.164392246936376e-05,8.958952531703119e-05
680,4bd449439ccce1be0bc43abed15423b46dbdcacb,6.801961495986451e-05,8.249571188711203e-05,8.958567036088647e-05
681,3cec3ae80e626952a6b61a72516713217d99fefe,6.763714579691797e-05,8.311199579531183e-05,8.933612411025881e-05
682,f4353323d0be0c3b3c7d0c752d6c135bc6d36465,7.01334693554887e-05,8.70438951362924e-05,9.164906487884847e-05
683,2a6a8f5a03ca78392aabc9a2d938760285fcee30,6.812292596568233e-05,8.206638358387863e-05,8.986807689525004e-05
684,b797a0cb97a8a9e7e36962dc8c37c075967aa88b,6.885200361106194e-05,8.330335605947315e-05,9.030869639035864e-05
685,f69c2fae9cc592fe42355b1533bd1a7e32216ace,7.014643051661551e-05,8.54535694910033e-05,9.218465309774826e-05
686,2e5e6f6949af92b3f7abd99e558f1f6ae5be2185,6.766733490998387e-05,8.267263589470192e-05,8.958516305509379e-05
687,28a05b3a60014f755d72eb86e8a352f6d4476d07,6.892685144786027e-05,8.356788293895079e-05,9.03707850062527e-05
688,8365e3ac35fe9c0b4cba8bc707dc1910e0c1f387,6.795125111795156e-05,8.244020416616247e-05,8.986865983298811e-05
689,86bae1ae269969a48759257900320c0f0664d37d,6.782023889816697e-05,8.194658439606429e-05,8.943954925620701e-05
690,d61fdc7d4c33d7f2104afde7e32d56af59f9d4f9,6.931600647320034e-05,8.455177541734196e-05,9.112421919645603e-05
691,1078723d2741d3379b65a70ee7aa23d9e7f08457,6.754186310984703e-05,8.184621583495755e-05,8.963348298538022e-05
692,3409bd3f38adc03cdf0096c53e897818517bc286,6.724077359933383e-05,8.217711183533538e-05,8.910123424063767e-05
693,c3d1107b8931313c85947439c406dab98ebfc8ea,6.822511620287384e-05,8.283619490254113e-05,9.006535687835002e-05
694,092905febd53742d2a700322f88b652d6a5fd4fb,6.775904019251934e-05,8.294205718602127e-05,8.969199194832415e-05
695,e58c1a7f0decf7e43afbdeaa755492e665dd5533,6.825724651791015e-05,8.346657012039282e-05,9.002689294880483e-05
696,978bbe7fdb519edf1f28df4982ce13523ef59a4d,6.731522298650817e-05,8.16626026510046e-05,8.896321448827944e-05
697,6e5cdc9d0923558dc66ad878f2e5392d29185754,6.801366612736909e-05,8.210565266740877e-05,8.965745886288038e-05
698,83377c70a3dc49a7f3200c85d9736b346c42760f,6.847092115520677e-05,8.327265336053578e-05,9.014002403350381e-05
699,b908da64dd4fa8dc70932f51202f9701db4cc868,6.816164543262766e-05,8.27400890980349e-05,9.004554337226466e-05
700,2f782a2f1afa1b25ffacb3ca1ffdbbab0abc1504,6.925210113500714e-05,8.30940227574251e-05,9.10302872204634e-05
701,6df71138184f26cd87bb086acb1e6b3dc1be4bbf,6.885288587812357e-05,8.37948900880292e-05,9.109646837669806e-05
702,2a862700bd376800ff4495e572ca4c85c919a218,6.741283299482387e-05,8.129909302490625e-05,8.897904560647228e-05
703,77bc3225e6f4badf83190ec300a0e10e56949644,6.91904584901073e-05,8.342727752668516e-05,9.102533448272008e-05
704,402802d8a16da735017bbefa8621a91f5707beba,6.804379206970803e-05,8.219790160949306e-05,8.972777371726385e-05
705,e12112e7caf72f93e07128f6e7a8a3399f1c6bc9,6.765540781783762e-05,8.352478493400145e-05,8.916098349651352e-05
706,2c1a34daa024398cdf9c6e1fbeff52b4eb280551,6.862865212738892e-05,8.398592616467513e-05,9.008462647678423e-05
707,4516ee94feef318c72bdd96282d0cac98a10e433,6.790815968997775e-05,8.186033934237449e-05,8.924174137779923e-05
708,6822c098a73f168dfe4400867b0d82f29a7f5e89,6.820281001490466e-05,8.3019589790358e-05,8.935572170629735e-05
709,f25905b5d25a2fca1e23adad11d4597a1e658276,6.917145551194119e-05,8.323161819134839e-05,9.036289726490857e-05
710,41977b24ae011a51f64faa75cb524c7350fdedd9,6.845877270061004e-05,8.286605043394957e-05,9.050755189029408e-05
711,a1ee7968df16a4f57c8e22164d19aa2d14a6cdad,6.80520839523524e-05,8.352042456704473e-05,9.019340037322434e-05
712,2a9a95d250c91f842b9fdc32cbeaeaced8b5896b,6.835285996474464e-05,8.45714257313655e-05,9.00237374310571e-05
713,b5cdbf0434019e802b5e1a44bee06e67e0beef75,6.815277145437474e-05,8.228658519398708e-05,9.007045434268772e-05
714,672a2ec822bb2d3619096a66b76afc79eea118e6,6.794252258259803e-05,8.193917859059113e-05,8.970514371445994e-05
715,c136cb7f2982554a9ae305aafd81b9f68ac03ec5,6.866491540282402e-05,8.329434069589926e-05,8.960322446636553e-05
716,481e731368dd47705248b1832ebd70913e99772e,6.892786914249882e-05,8.403145628728607e-05,8.982307400769931e-05
717,f9408ee13adbe81c7740daa03a52fc73d71e71ba,6.855095432098932e-05,8.347632125193296e-05,9.020805411888816e-05
718,07cbfffec5156f8491c885d4e893fb7b920428b2,6.809525220887735e-05,8.208795237963593e-05,9.008463305549893e-05
719,b3e3567544dc2b41e1bcc89157b977cf12ef2efb,6.891167545809021e-05,8.330922826489274e-05,8.991234027212713e-05
720,d97e31e891e868457d710d53b8ddadb0d473ec8a,6.978808412352553e-05,8.578956758062685e-05,9.213757801277579e-05
721,cc7f1504aaf7b02de09ba87ee91dfe4446d90031,6.939352667694422e-05,8.413936418022901e-05,9.165385022205262e-05
722,de4a75535fa48ab93ae226c70182e411b27daade,6.895765214215351e-05,8.343908666574862e-05,9.043704237422494e-05
723,3aad1490f24f4d39980a72bea0617083aaf508ea,7.07236413533489e-05,8.698849330445932e-05,9.27933503311774e-05
724,99eac42354f9c900bf8897abec6e7c1bd6c9ff6c,6.801125874637433e-05,8.19732381317478e-05,8.935965747842866e-05
725,969ada67c1b9b32b863a9ce77f56689ca7ba3b43,6.866096106322505e-05,8.309041258207586e-05,9.054334292218822e-05
726,2f52098908b00397e425904b89ac89d84e344627,6.801577255828306e-05,8.199053686545339e-05,8.943770644104769e-05
727,261a769dd135c1e4007a6d0bdbed68a8c929497a,6.909650353014849e-05,8.333623190992512e-05,9.07360083713639e-05
728,455f1f3168ab0105d05add646ff63a17b80fdcdc,6.998520499716202e-05,8.404772090688935e-05,9.142791790779956e-05
729,c4e20ec45f0aef437df9bbdc18849d15e9d7e850,6.852389032126598e-05,8.24124927726365e-05,8.998593368484237e-05
730,eeef9d4646103c3b1afd3085f1393f2b3f9575b2,6.872537375995948e-05,8.306178096972872e-05,9.036067419123551e-05
731,38d843e6b526fc5e8a936b77dc8d33750f5735d8,6.788607357035142e-05,8.324869668285828e-05,8.950413893756828e-05
