,hash,"op-svd,type-int16","op-svd,type-float16","op-svd,type-int32","op-svd,type-float32","op-svd,type-int64","op-svd,type-float64","op-svd,type-complex64","op-svd,type-longfloat","op-svd,type-complex128","op-svd,type-complex256","op-pinv,type-int16","op-pinv,type-float16","op-pinv,type-int32","op-pinv,type-float32","op-pinv,type-int64","op-pinv,type-float64","op-pinv,type-complex64","op-pinv,type-longfloat","op-pinv,type-complex128","op-pinv,type-complex256","op-det,type-int16","op-det,type-float16","op-det,type-int32","op-det,type-float32","op-det,type-int64","op-det,type-float64","op-det,type-complex64","op-det,type-longfloat","op-det,type-complex128","op-det,type-complex256","op-norm,type-int16","op-norm,type-float16","op-norm,type-int32","op-norm,type-float32","op-norm,type-int64","op-norm,type-float64","op-norm,type-complex64","op-norm,type-longfloat","op-norm,type-complex128","op-norm,type-complex256"
0,3d0c041ca162d69cc5bbb4d9d051eca7933f12bd,0.004629728670503633,,0.004623947335251918,0.004651023496990092,0.00463285166673207,0.004629616999106171,0.008763174249907024,,0.008701566250238102,,0.004921445336852534,,0.004931612498088119,0.004839185668970458,0.004926442333574718,0.004928223502550585,0.009274554504372645,,0.009854368247033563,,0.0002470242499319803,,0.00019723493798145294,0.00019630457258740946,0.00019643680901605296,0.0001845550177038827,0.0005433060264055568,,0.0005298650005562721,,2.5231870540557097e-05,0.0001239909825651625,2.6013215629282933e-05,1.868864175794782e-05,3.320287777746713e-05,2.7963707476167835e-05,3.9966271247721634e-05,5.014477186881366e-05,5.6093604686665126e-05,9.766284095927734e-05
1,ce140e8d5c28f1f057db1102cf78263e48f86d61,0.0046356220021455865,,0.004629219164295743,0.004654447999200784,0.0046353699969283,0.0046279276672673095,0.008742356752918568,,0.008706678003363777,,0.004917724999055887,,0.00491552233385543,0.004842988831417946,0.004922425330732949,0.004925881832605228,0.009281772749091033,,0.00966027125105029,,0.00019318067877195842,,0.00019317126784049572,0.00019521288387685284,0.0001974018089557913,0.00018524379315906493,0.0005463810260775254,,0.0005311360261035397,,2.5431160333084118e-05,0.00012379003051248173,2.5753048213524186e-05,1.836218397214215e-05,3.2745840893987795e-05,2.7621245428411578e-05,3.97028222020405e-05,4.9681541659757155e-05,5.5508320488465517e-05,9.751611436340248e-05
2,c18ab2c3975c8fa8b59724fe6855c528d72fef8c,0.004624106664171753,,0.004618675501357454,0.0046528810004626085,0.0046281453348152955,0.004622160830573799,0.008755803246458527,,0.008696153003256768,,0.004912293331775193,,0.004912547000761454,0.004836708331519428,0.004924193834691929,0.004909823328489438,0.009273458003008272,,0.009923053992679343,,0.00019662370531088006,,0.00019696667836147493,0.0001953593301498946,0.00019828411300209755,0.00018513209491582782,0.0005440633157329438,,0.0005273784496239387,,2.487668244374645e-05,0.00012333880675379822,2.5963279803299374e-05,1.755557048460544e-05,3.300484936714739e-05,2.749160338838125e-05,3.897379170613957e-05,4.995502558601804e-05,5.512262563197276e-05,9.809574548853561e-05
3,3d2205dfd1d28fb8106e60223cf7207a3c05dbab,0.004614363327467194,,0.004622802497275794,0.004647800330227861,0.004627698993620774,0.004621132665003339,0.0087437117472291,,0.008687904250109568,,0.004884689837732973,,0.004884706164981859,0.004839901501933733,0.004889853662461974,0.004877664667825835,0.009277985256630927,,0.009640288502851035,,0.00019256663641003386,,0.0001929946873653015,0.00019546808193395422,0.00019775669074574993,0.00018325850877603042,0.0005444881060516069,,0.0005252441500488204,,2.501468898885897e-05,0.00012296277632498564,2.5764801426685936e-05,1.7829877104898695e-05,3.331149093844728e-05,2.6772711578503214e-05,3.847094622188611e-05,4.8974740903676405e-05,5.4912909879781225e-05,9.624667264605789e-05
4,c3fd79150bc183e8852f1330ea6e8cb4ca7ce7bc,0.004613124003905492,,0.0046097293331210185,0.004652323332265951,0.004614635996404104,0.004607548165949993,0.00872600699949544,,0.00866763624799205,,0.004913616828465213,,0.0049198626657016575,0.004840105335460976,0.004924204336324086,0.004906230834118711,0.009267973255191464,,0.009644512749218848,,0.0001922548929412317,,0.00019281875442671168,0.0001953486425918527,0.00019691290931818497,0.00018399914652350005,0.0005454242636915296,,0.0005251835245871916,,2.5440122604217882e-05,0.00012269251717291561,2.6121424026296513e-05,1.724814154013486e-05,3.3207352508889126e-05,2.7220040419247153e-05,3.89074316673758e-05,4.963138472548502e-05,5.467254023509914e-05,9.729021826801313e-05
5,71555c48be7f07833bd540dacb50deb8069b551f,0.004618515168355467,,0.0046211271643793825,0.004670207670036083,0.0054318961677684765,0.004816707170296771,0.010079210245748982,,0.009131195001828019,,0.005028508996474557,,0.005031850664333129,0.004971753495434919,0.005149794170089687,0.005113614834651041,0.009693488253105897,,0.012727957495371811,,0.00026614502660647437,,0.00026879926813957615,0.0002693713392675688,0.0002721293453677473,0.00025663143079045453,0.0005670182895540309,,0.0005294674996740038,,2.470495571281396e-05,0.0001232127441082496,2.6509996325979896e-05,1.8536919830286683e-05,3.30095370619897e-05,2.780598320502586e-05,3.9091193869261176e-05,4.9523942436473574e-05,5.5362301022146963e-05,9.774491579868074e-05
6,5324067c702a41e901354a01a5f0d05ff49b6cb4,0.004627029329033879,,0.00462461633530135,0.004649225501149583,0.004633185167525275,0.0046315321669681,0.008738891257962678,,0.008718890749150887,,0.004866144493765509,,0.004873330666062733,0.0047898029976446805,0.00487704483869796,0.0048717928293626755,0.0095189895000658,,0.009878059492621105,,0.00019649596418145978,,0.0001972850090429087,0.00020287244511895221,0.00020253852734723212,0.00018848422417971146,0.0005583517631748691,,0.0005455353162496497,,2.5414859036648318e-05,0.00012633284933988499,2.6392213566182758e-05,1.7573762223760047e-05,3.3617799994177545e-05,2.803975064668429e-05,4.0376110071031406e-05,5.110928032081574e-05,5.666641498971059e-05,0.00011308771758599
7,20cb312563b2e7c0b180db8dffbcd71d7dfd0bee,0.004601684161267864,,0.004590259666050164,0.004620552164851688,0.004596865503117442,0.0046010868342515705,0.008724118997633923,,0.008666383255331311,,0.004924498168596377,,0.004917734666378237,0.004838048330081316,0.004919646501851579,0.004915142499764139,0.00928695900074672,,0.009636407499783672,,0.00019264929453908863,,0.00019381429462685319,0.00019582766372795132,0.0001976242270426486,0.00018544830176136297,0.0005452509480834889,,0.0005317517115097297,,2.510223204730096e-05,0.00012415526832294902,2.6564187822291227e-05,1.8442989297546516e-05,3.346201700889966e-05,2.822210716124299e-05,3.991692801215772e-05,5.0570650196726055e-05,5.570873327087611e-05,9.833007615747018e-05
8,45ee22fa2fdd2bace756ed62685a346da91c4cb2,0.00458171833694602,,0.004595680666776994,0.004625978331508426,0.004592174334296336,0.004584439166743929,0.008741817757254466,,0.008709876747161616,,0.004918264001995945,,0.00491457482955108,0.004848494839582902,0.004916784998689158,0.004923360669636168,0.009354776004329324,,0.009675461995357182,,0.00019317317240744492,,0.00019321737265933983,0.00019587367265061896,0.00019829815428238363,0.0001855098274642263,0.0005444244735898744,,0.0005303471583542169,,2.5577196617976955e-05,0.0001228932035087911,2.5845832928231487e-05,1.766177685579735e-05,3.379563881232688e-05,2.7775548805200175e-05,3.8952001794815004e-05,4.9542449064406186e-05,5.5228187165294704e-05,9.828036915941738e-05
9,798aee26bdb9dcc0e806ca9271f0f98297188dec,0.004641665669623762,,0.004700076334605304,0.0046553671660755445,0.0046365020001151915,0.004630606999853626,0.008768570245592855,,0.008712844006367959,,0.004921500833006576,,0.0049189093260793015,0.004842993167888684,0.004921416499807189,0.004923491001439591,0.009285760745115113,,0.009670366249338258,,0.00019336051757688565,,0.00019346721846059983,0.00019572108472205418,0.00019809209096076136,0.00018260453437286397,0.000543989869153225,,0.0005254345989669674,,2.5508380986138945e-05,0.0001245327034984109,2.7038994846510287e-05,1.8716508966593546e-05,3.429736255648763e-05,2.7908705809831836e-05,4.72315627376195e-05,5.977827857436967e-05,5.7222122374393315e-05,0.00010218684419326237
10,1c50f244d4d1eba4f3f63e93a05a2b2f938685a4,0.0046342798304976895,,0.004627478832844645,0.0046572338275533785,0.0046350609967097025,0.004637749336931544,0.00877671199850738,,0.008715256757568568,,0.004929134336028559,,0.004919258499285206,0.0048606560012558475,0.004919828997420458,0.004919720333418809,0.009297548502217978,,0.009671091749623884,,0.00019144510718303666,,0.00019207230356447065,0.00019428138197823003,0.00019605244557500224,0.00018422132467221992,0.000543794868127933,,0.0005304243685187478,,2.506402128923191e-05,0.00012411862198225503,2.6379132113005553e-05,1.822442683233381e-05,3.3161116541117614e-05,2.7860719624354885e-05,3.984553901068382e-05,4.975606763571195e-05,5.6707381506720066e-05,9.772004083391617e-05
11,fca7a15f30776ebce9e6814eb927e837f567a518,0.00463572183313469,,0.0046250088344095275,0.00466143133235164,0.004646193333125363,0.004631555503389488,0.008761199504078832,,0.00872259075549664,,0.00492253532866016,,0.004925112337029228,0.004850626830981733,0.004930865334851357,0.004921621332565943,0.009307050495408475,,0.009683361247880384,,0.00019194170558226427,,0.00019254596450731957,0.0001945445268834841,0.0001976352074086877,0.00018392527573300396,0.0005435539741914621,,0.000528516657619835,,2.5995858197218867e-05,0.00012422757555573616,2.6818700728589912e-05,1.8906753609210776e-05,3.401767197406145e-05,2.816719759103721e-05,3.9913992518230196e-05,5.0466459830410186e-05,5.618990621769626e-05,9.82242870830103e-05
12,26311ed7bf80e02c827189e80084602d72e4f284,0.0046244963305071,,0.004635894336388446,0.00480866024736315,0.004646712666726671,0.004638453833952857,0.008765980252064764,,0.008710768495802768,,0.004916381503183706,,0.004919343167178643,0.004838665501059344,0.00492346916871611,0.004920350829100547,0.009329208500275854,,0.009675471497757826,,0.00019252998234670874,,0.00019387403569583382,0.00019552319645299576,0.00019852310377348848,0.0001851437414659123,0.0005458080260340418,,0.000531349394709411,,2.5622140077292847e-05,0.00012400618254426211,2.6127083564962163e-05,1.887790874678329e-05,3.422593729348907e-05,2.8216174286097994e-05,4.004855992966628e-05,5.004964949765513e-05,5.639188222621241e-05,9.839254814253833e-05
13,b5e01bcb668da0413170a886c258e00d2540e752,0.004634746500717787,,0.0046275014998779325,0.004664101506932639,0.004638457001419738,0.004626482996779184,0.008775692745984998,,0.008719992743863259,,0.004920701830997132,,0.004926811331339801,0.004854349831778866,0.004933786496015577,0.004912939165175582,0.009291657501307782,,0.009676569250586908,,0.0001918656489579007,,0.00019246618752991447,0.00019432453634429046,0.000197379845617847,0.0001823935689854211,0.000543886709860281,,0.0005267146247206256,,2.5814215515370392e-05,0.00012498291453528332,2.6832017545730697e-05,1.8880897314866652e-05,3.409855075121399e-05,2.8037667570274453e-05,3.9471722415970254e-05,5.010835803384611e-05,6.369169033508028e-05,0.00011319770272143327
14,ab30683fe1277a7fd471be63975a02ed8d766f94,0.004700976001913659,,0.004705824341120509,0.004760471002858443,0.004710479833496114,0.004789972333431555,0.009061682001629379,,0.009020669254823588,,0.0050274954992346466,,0.0051744818338193,0.004955105667856211,0.00513496549683623,0.005024443332028265,0.009465213501243852,,0.009859538993623573,,0.00019200700881539663,,0.00019574145609798857,0.00019588341066472433,0.00019794957267797806,0.00018187187078151981,0.0005444939474967356,,0.0005254750743915793,,2.638642697341063e-05,0.00012704370743538276,2.773505846002641e-05,1.934148806976069e-05,3.4753322618217356e-05,2.8647634705218178e-05,4.154466344442233e-05,6.983258989984515e-05,7.390511560999395e-05,0.0001324095296740329
15,3c89e2f913406f55b6e998017c1149e3ba383bcc,0.0047676089937643456,,0.0047143626676794765,0.0047554178357434775,0.004751080501591787,0.004722690495934026,0.009408911246282514,,0.009284323750762269,,0.005153275247721467,,0.005967725250229705,0.005059326998889446,0.005042801254603546,0.005024329999287147,0.009521801010123454,,0.0099121914972784,,0.0001948851451743394,,0.000196062575614976,0.0001980893207902862,0.00020063104798632243,0.00018551130363318537,0.0005562952226480573,,0.0005368873688367833,,2.5516048305474473e-05,0.00012625248182746696,2.6935397958739542e-05,1.7951008528606083e-05,3.438619392116566e-05,2.77465872036723e-05,4.0242847696793984e-05,5.083113105728029e-05,5.563349994533349e-05,0.00011635166991307645
16,590f07121dc55e6d9d9ce514887c9bbc253fb266,0.006975511998462025,,0.006717276167667782,0.0065534011713073905,0.00606661782755206,0.0057143898350962745,0.009261103747121524,,0.009129858503001742,,0.005150300748937298,,0.005143270740518346,0.005083591247966979,0.0052341252521728165,0.005341616997611709,0.010170776498853229,,0.01063400749990251,,0.0002003698961211825,,0.00020209701900932725,0.00033370586522953375,0.00021406326006399466,0.00022707080907738685,0.0005695746116948107,,0.0005578899206164735,,2.5877686609264192e-05,0.00012964758225510344,2.6441122884771484e-05,1.8956954080808928e-05,3.456597269207263e-05,2.867702770090747e-05,4.193190835644509e-05,5.140910898843047e-05,6.477024679090343e-05,0.00011011556472273214
17,872372bd56ccb5fe98faae8be7d14e4a8c69e037,0.004858648161947107,,0.004850064171478152,0.00501662749593379,0.004963731000316329,0.005106755003604728,0.00944207924476359,,0.00911747800273588,,0.005175062251510099,,0.005180597749131266,0.005234978249063715,0.005180168751394376,0.005177747247216757,0.01151282798673492,,0.010146532004000619,,0.00020281019794122086,,0.00020282188669848693,0.0002063815564330105,0.0002064847358269617,0.0001948506054631843,0.0005629559738353189,,0.0005485557362829384,,3.8367454206462765e-05,0.00013753905004705304,3.9617204743410475e-05,3.039631779643702e-05,4.610071402443652e-05,4.108039204518057e-05,5.843433430717192e-05,6.523517161241275e-05,7.824931206620885e-05,0.00015314031398427393
18,70a84c3192b4f231925e8e36f50d6a26bff3b46d,0.006311325247224886,,0.006330702257400844,0.005899735995626543,0.005857306248799432,0.005863926249730866,0.01174722499854397,,0.011715244996594265,,0.006354150005790871,,0.006566699252289254,0.006751052002073266,0.00646999975288054,0.006232703002751805,0.011987996505922638,,0.01326482999138534,,0.00020770674517752566,,0.0002667545969973528,0.0002668095647447532,0.0002681085001489508,0.00024950426450232044,0.0007338905905436893,,0.0007105897081297977,,3.726874892082479e-05,0.00017041519022313877,3.815549103278868e-05,2.826732010532261e-05,4.2688614407683064e-05,2.888864672582257e-05,4.113143511455975e-05,5.1610154817656927e-05,7.280255319573535e-05,0.00010074055975184901
19,9d416356baf4a653b2c647a921ae24ba7d39e8df,0.004714769500424154,,0.004722300000139512,0.004729239997686818,0.004717442827920118,0.0052654800019809045,0.010428311477880925,,0.010239850511425175,,0.005710262994398363,,0.005700477500795387,0.0053855062506045215,0.0057849884979077615,0.005730333752580918,0.010913743491983041,,0.01133879050030373,,0.000267359467069318,,0.0002477495004176021,0.00025803700009419117,0.0002485470805925527,0.0002589824729806718,0.0007406973003526218,,0.0008187996824166144,,2.7582366638876595e-05,0.00012770218088106443,2.7751529356464742e-05,1.9043971343459222e-05,3.536983622069156e-05,2.8458706035782777e-05,4.039755748081738e-05,5.167632196212142e-05,5.807288528911138e-05,0.00010078015717832992
20,09dd75e9e2139bc9742e6009b7babe41d4c002df,0.004876481500105001,,0.004867828160058707,0.00495311033349329,0.005645534668777449,0.005153783335117623,0.010748628745204769,,0.009166953001113143,,0.0051555840036598966,,0.005187468501389958,0.005088996251288336,0.0053175954963080585,0.005286605002766009,0.009833815252932254,,0.0128845224971883,,0.0002656242253461612,,0.0002654745800217854,0.0002683177904879314,0.0002724277738091205,0.0002556375455407595,0.0007462075908816505,,0.0007251772076415364,,3.61905149943615e-05,0.00020811103884345637,3.3678157099833087e-05,2.600508385015397e-05,4.440300006023959e-05,4.052196300853823e-05,4.156167665991853e-05,5.146064225492418e-05,5.952588921009572e-05,0.00010199606357756155
21,85d64e375f53f6028519d3aaad0b421934dcbe24,0.0046189044999967645,,0.004611610662929403,0.004646010832705846,0.00462221349880565,0.004617439835177113,0.008762882251176052,,0.008697464749275241,,0.004940893830886731,,0.004933004665266101,0.0048613066658920925,0.004939330833925245,0.0049383723380742595,0.0093178112510941,,0.00970773274457315,,0.00019137156232318375,,0.0001917804376197247,0.0001946517830837588,0.0001974529364484955,0.00018326350004042917,0.0005450404209305386,,0.0005278530006762594,,2.5309327792933745e-05,0.00012351802268478258,2.535606335882456e-05,1.812240648456393e-05,3.326923221323766e-05,2.7792323539998203e-05,3.951752785987958e-05,5.033814085662767e-05,5.747040817442787e-05,9.84434166942568e-05
22,09e04dcbe3d0c836437b2d4745b353b256ec6265,0.004625116004414545,,0.004608956500305794,0.004653243168528812,0.004601056833053008,0.004610978003862935,0.008797041504294612,,0.008736845244129654,,0.004940940169035457,,0.004943054998875596,0.0048675834987079725,0.004938262834912166,0.004946819831578371,0.009334030241006985,,0.009695242006273475,,0.00019519469086927448,,0.00019444521828766235,0.0001964451634028757,0.00019893296203523313,0.00018619496554963226,0.0005456385789377812,,0.0005319321583221225,,2.9502438197736272e-05,0.00013040619730564227,3.0653049095703366e-05,2.2131638581068248e-05,3.691298434046788e-05,3.132965191814136e-05,4.460945241259073e-05,5.410468340652466e-05,6.081210964377656e-05,0.00010414367341690024
23,cdd7ab252988ff4254705e0a89874edeb5cea8eb,0.004622350670009231,,0.004636721501204496,0.004659336171850251,0.004638605164169954,0.004629691500061503,0.00872274174616905,,0.008693903990206309,,0.004929193164571188,,0.0049292343319393694,0.004864925669001726,0.004937102668918669,0.004929492167624025,0.009327833999122959,,0.00968898199062096,,0.00019328423632859168,,0.00019382263417355716,0.00019538770538929384,0.00019850594557779418,0.00018477787094086344,0.0005457506845950295,,0.000532567447455796,,2.8937327482233975e-05,0.00012651868832215448,2.9694554308418983e-05,2.0608919234864832e-05,3.690810960618626e-05,3.13220513131759e-05,4.417067144199141e-05,5.321461084273556e-05,6.116373599192985e-05,0.00010367537484293839
24,06da877ceae914a875bd1a55cd8e271332358803,0.004633244835228349,,0.004632614164923629,0.004660738835809752,0.004656120664246069,0.004638945664434384,0.008789056497334968,,0.008713243507372681,,0.0049338018385848646,,0.00494111716398038,0.004860536496077354,0.0049420480014911545,0.004936410167526143,0.00930967600288568,,0.009666710255260114,,0.00019489665468096394,,0.000194143446216393,0.00019538895443970845,0.00019920016374354335,0.00018563803439911711,0.0005458556582820357,,0.0005330991851607044,,2.9477036866305977e-05,0.00012782441357288648,3.045167373414388e-05,2.2380804256635142e-05,3.7706164328162285e-05,3.2455657105513055e-05,4.565569329048123e-05,5.454068658271091e-05,6.21286705030467e-05,0.00010503690776831099
25,8529dfaaec65248420faffe095bac03c23881735,0.00459669216555388,,0.004602118337061256,0.004642433836124837,0.004591647501608047,0.004590855838614516,0.008770081498369109,,0.00869735124433646,,0.004927300498820841,,0.004940496500542698,0.004862613165945126,0.004948249833735948,0.004932973664836027,0.00933818900375627,,0.009709905752970371,,0.00019342229258980742,,0.00019463369660245786,0.00019677600886842066,0.00019929146351800722,0.00018507403453033223,0.0005455603156741219,,0.0005301322893692965,,2.8876860332727307e-05,0.0001273790482397988,2.993265167042205e-05,2.1824128309062068e-05,3.695959562424621e-05,3.144460118476772e-05,4.4063261291874505e-05,5.426133667521329e-05,6.149201139619849e-05,0.00010441450483518317
26,171a3e5811e43643788c20075be9ba52efb83b81,0.004792710834105188,,0.0047646048333263025,0.0048562796631207075,0.005025975748139899,0.005123008995724376,0.009795776000828482,,0.00893063924741,,0.004898764503498873,,0.005010748005588539,0.00483383150519027,0.004911184000472227,0.004945241501748873,0.009252506250049919,,0.009606957006326411,,0.0001943485089473792,,0.00019381030896593903,0.00019598318189805881,0.00019933712498571438,0.00018618912069761224,0.0005460754733863532,,0.0005318463158083002,,2.8846623633878047e-05,0.0001280741342314996,2.996094228083294e-05,2.097307728082233e-05,3.7317108062748185e-05,3.17297208814259e-05,4.451534261263194e-05,5.381680901007886e-05,6.066850279845918e-05,0.00010397049996442153
27,5bf9ab98edd254dee1162d6f1863053e040cf828,0.005150847835466266,,0.004973852997257685,0.004993891248886939,0.0058761152540682815,0.005376394001359586,0.010073296005430166,,0.00974125049833674,,0.006332183249469381,,0.005357154499506578,0.00547001174709294,0.005433361999166664,0.0053110137523617595,0.014838668503216468,,0.010380713501945138,,0.00020162755754427053,,0.00020296835310884987,0.00020578999045448235,0.00020759410197532984,0.0001914668929592673,0.0005708709722966887,,0.000551209789639535,,2.976739276485896e-05,0.00013318331857590238,4.557122248319947e-05,3.364520354046172e-05,5.406657937083555e-05,4.515635148255801e-05,6.15146291546792e-05,6.874663788415813e-05,6.278286666863345e-05,0.00010969301577764175
28,9776a73cee9eaaff6af40e971fa2bb7f8f1086c5,0.004638536168689219,,0.004640972004078018,0.004667914496773543,0.004647744499379769,0.004643732837090889,0.008772797758865636,,0.008721039244846907,,0.004940129001624882,,0.004931428668593677,0.004881482333682167,0.00494664783279101,0.0049406299998130026,0.009295193500292953,,0.009669216749898624,,0.00019338305355631746,,0.00019458846405281553,0.00019709210901055484,0.00019959066961540507,0.00018612335356763275,0.000545998237181553,,0.000529485262967156,,2.9295364109439898e-05,0.0001270470486970891,3.07507008583974e-05,2.1831656575692122e-05,3.75456285427659e-05,3.18778065342312e-05,4.489857538566227e-05,5.4351055005099625e-05,6.114192051013974e-05,0.00010487023517306821
29,37a1ad069a800f5ef98286f25fb3fb632375168d,0.004585914667889787,,0.004577861167490482,0.004603108003114661,0.004589901664682353,0.004619284668782106,0.008692909505043644,,0.008663195250846911,,0.004899686003530709,,0.004893654501453663,0.004843701836459028,0.004907488667716583,0.004893861837141836,0.009290980502555612,,0.009666714249760844,,0.00019437446370085872,,0.00019477557153939936,0.0001971395754909916,0.00019930346230844493,0.00018692298270476035,0.0005482004466772963,,0.0005306831842876578,,2.9751314266517175e-05,0.00012724948180952995,3.0899194214304066e-05,2.2227582978219937e-05,3.8108341522928016e-05,3.197140745825565e-05,4.507003380044634e-05,5.481588774199161e-05,6.176768393983701e-05,0.00010523638218942592
30,1cb2230bb1bfb9b2544dab798dffeedce64ad39f,0.004656392673496157,,0.004631575332799305,0.004669704333840249,0.0046444491648192825,0.004618505830876529,0.008746573490498122,,0.008689370501087978,,0.004937078503038113,,0.004938333998628272,0.004855838502408005,0.004940937166490281,0.004929359832506938,0.009316358999058139,,0.009696624991192948,,0.00019388082701797513,,0.00019493315458848058,0.000197185608770021,0.00019993813201029488,0.00018659762055653245,0.0005482720260165239,,0.000528419473802818,,2.9360640711023946e-05,0.00012713795131719785,3.078179277877823e-05,2.200406597694382e-05,3.8160476885368096e-05,3.253396857191089e-05,4.632846185675096e-05,5.691994111447666e-05,6.243108799191594e-05,0.0001059861510839255
31,044f5131450f38cdfbab63d6999b60e7e3bbabe5,0.004634289997435795,,0.004634288338517459,0.0046646711659074445,0.004630839330881523,0.0046355643329055365,0.008747430503717624,,0.008690131995535921,,0.004899025002184013,,0.0048923971674715485,0.004819761335966177,0.004899916665938994,0.004901327333451869,0.00926194049679907,,0.009631074994103983,,0.00019441951828246768,,0.0001947899089745161,0.0001972928545331921,0.00019860100017570593,0.00018656248249227932,0.0005462882890194458,,0.0005329386583884786,,3.021945275476254e-05,0.0001275707855668207,3.087659209449551e-05,2.2645391160541953e-05,3.763663370490476e-05,3.1811873117503506e-05,4.599432558802135e-05,5.461148740700211e-05,6.329869769573169e-05,0.00010522521354990506
32,dc089026b4ad0d2d9ea992c7f1b9b5e716dd82cd,0.004636568337446079,,0.004638900000524397,0.004665112996008247,0.00465097049891483,0.004628953494830057,0.008749161992454901,,0.008713920746231452,,0.0049339136700533946,,0.004936315997232063,0.004861549833246196,0.004943633500564223,0.004939966000771771,0.009290246496675536,,0.00967234800918959,,0.0001948826816673814,,0.00019505538168066943,0.00019678653625305743,0.00019893856616998265,0.0001858287242016402,0.0005463529209679875,,0.0005314444999002215,,2.9219727371564163e-05,0.00012721618233412944,3.046358639714717e-05,2.2435199585243614e-05,3.741354172893569e-05,3.2164310240144676e-05,4.580182981915138e-05,5.4704222206092166e-05,6.305719593033325e-05,0.00010563451474345307
33,53adf81bc503d749b13160a27e49160c5bbe48d7,0.004640031499244893,,0.00463567017383563,0.004658466995654939,0.004639220666528369,0.004638218835073833,0.00875215424457565,,0.008701127248059493,,0.004940743999516902,,0.004944345166829104,0.004886985834067066,0.004955313333387798,0.0049425161657078815,0.00930568575131474,,0.009679446506197564,,0.00019373191051792152,,0.00019453662733378058,0.00019694675442720342,0.00019908545265316893,0.00018423232220318484,0.0005470575530412852,,0.0005272115500702057,,2.933766051104282e-05,0.00012682877046138268,3.074531444406438e-05,2.2152394490053228e-05,3.764612327156808e-05,3.138718585542796e-05,4.4924307555626595e-05,5.4254301518889784e-05,6.102044623684517e-05,0.00010441884469665876
34,49e00940a82f9590d774539cd188b634c29fc39f,0.004817569167547238,,0.004724758332789255,0.004750715835446803,0.00472239149773183,0.004707840829117535,0.008950878000177909,,0.008915043501474429,,0.0050399495036496465,,0.004990203000488691,0.005705994495656341,0.0050445633338919525,0.004984232165346233,0.00960897549521178,,0.00989613524870947,,0.00019949450877241112,,0.00024230260010385377,0.00020223452751948076,0.0002040988963343344,0.0001881970339296859,0.0005584986839063564,,0.0005398552901552696,,3.0155734972051178e-05,0.00013004752348505836,4.053505076824323e-05,3.1225304489927446e-05,4.209668552231491e-05,3.1929802024242665e-05,4.582758870109413e-05,5.54425260664478e-05,6.24603551180123e-05,0.00012250658739539026
35,7b9b41a4c7dbd7b719d62f343f57f841f5809693,0.004616842333537837,,0.004628664003879143,0.004654099665155323,0.004635483836561131,0.004814254003576934,0.009044201251526829,,0.008688438749231864,,0.00493218150222674,,0.004931048000192581,0.004854906830587424,0.004945457330904901,0.0049319108366034925,0.009293003000493627,,0.009671394996985327,,0.00019378031278652737,,0.00019465613357689496,0.0001971309726782651,0.00019933316375086592,0.00018600941357676517,0.0005470098955189123,,0.000530105184512458,,2.9170979636863038e-05,0.00012788552391741957,3.057944493487972e-05,2.283460676451519e-05,3.7670884616396204e-05,3.1598198772698243e-05,4.5018151261601126e-05,5.451607518802865e-05,6.212903726605121e-05,0.00010525956866902061
36,ae88e02a48c4744afd22c63be388870037f3c84c,0.00461880250077229,,0.0046189158310880885,0.004653307837240087,0.004629899830130549,0.0046346908347913995,0.008750863999011926,,0.008692582996445708,,0.004923534501964847,,0.004925151995848864,0.004848113332021361,0.004920759495386543,0.004931414005113766,0.00928197324537905,,0.009633878253225703,,0.00019473156373185868,,0.00019549499080643396,0.00019721927264154974,0.00020026223611016317,0.0001867287669326821,0.0005459695002125379,,0.0005296077632872191,,2.9736684139609528e-05,0.00012785593891039308,3.089728133390459e-05,2.324294977230378e-05,3.829601782563e-05,3.227512688049625e-05,4.584453216815855e-05,5.505501280705898e-05,6.260785178097269e-05,0.00010641261884518485
37,0aeab48b9e914d1dc7041b7e3f3b7e575ffcbbed,0.00462777716650938,,0.004633601832514008,0.0046616681647719815,0.00463335050153546,0.004634469830004188,0.008785123747657053,,0.008723367252969183,,0.004940892501811808,,0.004937451167885834,0.004855757996362323,0.004938998996901015,0.0049399411703537534,0.009313100250437856,,0.00966596474609105,,0.00019396463652480056,,0.00019499801829541948,0.00019766636772678708,0.00020072027865143566,0.0001863625687386455,0.0005467566324544972,,0.0005299581320478434,,3.0160500000026987e-05,0.00012763649404708607,3.124507308674824e-05,2.2766695662041107e-05,3.8226778761788586e-05,3.2047047533317716e-05,4.5528463793898674e-05,5.533089691751454e-05,6.310919107978835e-05,0.00010590058254538891
38,c18b3f59b5f5752ab038224fd3bdf2dadba55ecf,0.004641994166983446,,0.004640747836674564,0.004671062333121275,0.004654762834737388,0.004634152835933492,0.008755929506151006,,0.008713109498785343,,0.0049356323312773984,,0.00492577533198831,0.004857947661851844,0.004943297002076482,0.00492675616745449,0.009289574503782205,,0.00966090524889296,,0.00019379420544802478,,0.00019522702734155412,0.00019723348192531953,0.0001990595377513805,0.00018661946549024112,0.0005463525261515507,,0.0005274236839460699,,2.917571843711782e-05,0.00012704318248913347,3.197412648400391e-05,2.200699487193411e-05,3.7408744641912305e-05,3.1419388068937206e-05,4.555630295140811e-05,5.4396179290382534e-05,6.176925731321786e-05,0.00010500567333281759
39,a5e5e51187d4476841503ce816924ea99936dba0,0.004629326334300762,,0.00463322366704233,0.004659400001401082,0.004640573499879489,0.004595364332393122,0.008756730501772836,,0.00871757974891807,,0.004917932502091086,,0.004935667500831187,0.004856763834444185,0.004932733000411341,0.004923343997991955,0.009312143745773938,,0.009653367498685839,,0.00019505300905703652,,0.00019591514280494139,0.00019786789992146873,0.00020030461320925925,0.00018490242119265817,0.000549138394585737,,0.0005285511050667417,,3.027032434850636e-05,0.0001283281368766135,3.270041157165684e-05,2.325590517573111e-05,3.870514590621286e-05,3.26010602249705e-05,4.6332247861716736e-05,5.532743077940093e-05,6.188568750076229e-05,0.00010572953498922289
40,b69cf68a24cffea0a884a102da1797755de8f022,0.004604854332380152,,0.004605433333684536,0.0046356335005839355,0.004613587666729776,0.00463134866731707,0.008745581999392016,,0.008704089996172115,,0.004928550496212362,,0.004921009667062511,0.004830411834215435,0.004930043168618189,0.004926713498813721,0.009302256497903727,,0.009669125502114184,,0.00019524998166492547,,0.00019566559811729737,0.0001978143207555338,0.00020052250946942226,0.00018660170688486564,0.0005463205525302328,,0.0005301281838144764,,3.0251456703112705e-05,0.0001275121785944239,3.1169554587131114e-05,2.243598629715597e-05,3.8207939484577585e-05,3.2260007419635875e-05,4.565632125570815e-05,5.489300767807529e-05,6.17273477034579e-05,0.00010537589703602077
41,ee3e17a7c3e3efdeafe907b394de56aed01a70e0,0.006012105996584674,,0.0070023873340687715,0.006971012750000227,0.006447694751841482,0.004969872502745906,0.009426088250620523,,0.009323002253950108,,0.0053330577502492815,,0.005537171247851802,0.005139828001119895,0.005269288500130642,0.006035397000232479,0.010066354501759633,,0.012186084495624527,,0.00030767043620258806,,0.0002459620554873254,0.00020645888462940304,0.00020846914005232973,0.0001953966274000281,0.0006971094448494518,,0.0005567458049174295,,3.233144627519147e-05,0.00013327327780396803,3.335338667243349e-05,2.44411796210728e-05,3.999313968747361e-05,3.4702939527653526e-05,5.9222017783516396e-05,5.738606384337355e-05,6.45562604349943e-05,0.0001405195578914381
42,c71ce0e6dbd9ec67b3ac7fb5ac3eb609f8a56829,0.005575271003181115,,0.004792509000253631,0.004839069333684165,0.0047975085011178935,0.004791961335286032,0.00917469624982914,,0.009006371750729159,,0.005106973250804003,,0.005185142250411445,0.005035877500631614,0.005122377999214223,0.005100194252008805,0.009708680252515478,,0.010195894494245294,,0.0001997905867308593,,0.0001999299327927964,0.0002027854510850054,0.00020567326482348873,0.00019255525443110278,0.0005610367774756418,,0.0005470663688212976,,3.167633031173891e-05,0.00013016016663765006,3.2443535593828485e-05,2.3002861732404795e-05,3.9684356382697016e-05,3.285323510342058e-05,4.729622992272198e-05,5.727874602637101e-05,6.361748505778286e-05,0.00010825486699220764
43,0ce156413feb21a4f2a8eae3b1cd954d04240edd,0.00463397016574163,,0.00464323833148228,0.004657353832347629,0.004629418166587129,0.0046249301691811216,0.008769289997871965,,0.008713300248928135,,0.004934074000630062,,0.004944859501847532,0.004865654833944669,0.004934917332623931,0.004934060498878049,0.009322638248704607,,0.00967895000212593,,0.00019646880355139729,,0.00019691654544493016,0.00019833358484627853,0.00019915518192151053,0.000187513017552096,0.0005471128687005196,,0.0005313673682394437,,3.107378325836243e-05,0.00012823476829841482,3.209953764923399e-05,2.3049501099816744e-05,3.8693678707795535e-05,3.290094597711383e-05,4.705866446278782e-05,5.507594875943584e-05,6.380902148498953e-05,0.00010580318176476848
44,7e3fd81c039b0e22715c4e6eb63439bdf5a620bf,0.0049024801652800916,,0.004910578000514457,0.004984663830934248,0.004994292833240858,0.005867151000226537,0.011647068749880418,,0.0115778869985661,,0.006670398001006106,,0.006627277751249494,0.006344005250866758,0.0064670709980418906,0.006488998496934073,0.012776783001754666,,0.013039111494435929,,0.0002752467211953794,,0.00027446486281263,0.0002775675588339914,0.00028953773988178,0.00027378722721054644,0.0007704554162854846,,0.0007522628337836876,,4.335327535375034e-05,0.00018202041246695444,4.402241691982804e-05,3.318217280081958e-05,5.185323347819469e-05,4.478561551209916e-05,7.024001612994297e-05,7.522768262359104e-05,8.218365582688894e-05,0.0001313823333172574
45,a6b4b2bdd6baf2afde27284097426e93912452e9,0.00476740200004618,,0.004713578331575263,0.004809652833500877,0.004752467997604981,0.004781814500650702,0.009022782996908063,,0.009125407748797443,,0.0051606687520688865,,0.006263178751396481,0.006149511249532225,0.006176875249366276,0.0062830364986439236,0.012185889499960467,,0.009966945501219016,,0.00020250992452449008,,0.00019994673074017136,0.0002270070213621403,0.0002821496377221373,0.0002691743866307661,0.0007275019008375239,,0.0007660381072907642,,4.0086030354342536e-05,0.00013336469751659114,3.778433075729901e-05,2.7545936436949544e-05,4.501083259581535e-05,3.873331356232283e-05,4.759431111678067e-05,5.73100113053277e-05,6.574389201741274e-05,0.00011051804641592941
46,c8a5ff07e5bda47eab870671634b107da5ab7934,0.004594018833207277,,0.004621949835078945,0.004630502999740808,0.004617529334306407,0.004602316500192197,0.008765227499679895,,0.008728026998142013,,0.004925080000248272,,0.004934645665343851,0.004860078498798733,0.004934986168033599,0.004917766501118118,0.009314774251834024,,0.009671927749877796,,0.0001950538817750798,,0.00019584560901752081,0.00019807416366265072,0.00020087544222545918,0.00018691276711941664,0.0005486036316142417,,0.0005299928421951144,,3.065599271832116e-05,0.00012784834760212817,3.189009822519784e-05,2.3704070972794447e-05,3.874853239545478e-05,3.290844020973663e-05,4.622794231414818e-05,5.56648471449994e-05,6.273247679420692e-05,0.00010635953599985536
47,fafd123410f1ad5c47341c66d8ea4cf541165e77,0.004642829165580528,,0.004647016166321312,0.004669346499819463,0.004650219166554356,0.004638073000630053,0.008765268998104148,,0.00871201799964183,,0.004945823168479061,,0.004940966498300744,0.0048672639968572184,0.004949064830725547,0.004933707498518439,0.009303004750108812,,0.009668500999396201,,0.00019483416359765795,,0.00019510540005285293,0.00019775742455165974,0.0002006705754814353,0.0001866254122496844,0.0005483439737489741,,0.0005327616845055385,,2.9470168110624333e-05,0.0001275473631332196,3.1209942803491465e-05,2.1733790557177498e-05,3.800177679035447e-05,3.1803964312920084e-05,4.5085453580846845e-05,5.461239138961478e-05,6.112697455995205e-05,0.00010543864136891006
48,9765987c2ade250c82bfeaba49d1f9301211d63a,0.004619424835254904,,0.004624934833069952,0.004674440996798997,0.004638626999318754,0.004627802666315498,0.008767277249717154,,0.008732633497857023,,0.004951082832121756,,0.004941955000200929,0.0048769185013952665,0.004948317999757515,0.004953005833764716,0.00932692150308867,,0.00968578300307854,,0.0001952874463313492,,0.0001957648001156155,0.00019749127345418838,0.00020125133020008193,0.0001873143792808746,0.0005486467631080334,,0.0005339368684584961,,3.166017707674958e-05,0.0001279129642387575,3.2501795442041126e-05,2.2941078831286818e-05,4.0129933816334576e-05,3.393894728044786e-05,4.718374009121062e-05,5.586633160607793e-05,6.422404142664249e-05,0.00010781774244146572
49,dbf37449935bced333a3999afa860aaf304ab1a1,0.0063805504978518,,0.006257001334840121,0.006509348502731882,0.005448703748697881,0.006010873752529733,0.009851344500930281,,0.009364451503643068,,0.005180557000130648,,0.005228188754699659,0.005563681250350783,0.005325117002939805,0.005134816747158766,0.017315809011051897,,0.011157627501233947,,0.00029353027774184874,,0.00020025256253575208,0.00020248071156786935,0.00024234756853604947,0.00018971446157733086,0.0005614134120953489,,0.0005424103950836549,,3.139832405855644e-05,0.0001364412533196931,3.31329604696012e-05,2.404340638802493e-05,3.965747428334616e-05,3.403316778578875e-05,5.0108898048803435e-05,5.867931767024655e-05,6.590289000693399e-05,0.00011311431868247441
50,e1863f3582e3e8870205f8a9d1ed1cef1bf536b4,0.004938221332849935,,0.004935374832712114,0.005027744666828464,0.004909620668816691,0.005158155002087976,0.014403318498807494,,0.00948698600041098,,0.005411738751718076,,0.007490038504329277,0.007304876249691006,0.00751220500387717,0.007477449751604581,0.015311453993490431,,0.01552916649961844,,0.0003434650160113139,,0.00028930940000767197,0.0003464060833114975,0.00032010008314197575,0.00030532425730736134,0.0009370849094755779,,0.0008328071820539084,,3.6016325093853695e-05,0.00018968604926042864,3.5265318764536416e-05,3.081093978378142e-05,4.930904284190881e-05,3.581173013605097e-05,4.907551625618971e-05,6.423648631281622e-05,6.643064284475914e-05,0.00013709252896765923
51,70f4309a155808d3a60a9a71db2d9482c1ec3ad7,0.004737772833323106,,0.0047914725000737235,0.004753579834262685,0.00473053400006999,0.004746283833810594,0.009082709748327034,,0.008950603998528095,,0.005078344500361709,,0.005071894996945048,0.004990070498024579,0.005121935999341076,0.00506329775089398,0.009603655998944305,,0.009922584999003448,,0.00019956285002990624,,0.0002042557018564996,0.00020297628119199845,0.00020950322533619826,0.0002009212234468655,0.0005583446109085344,,0.0005534461842647655,,3.2345847546643995e-05,0.0001323131562458002,3.359572743178315e-05,2.4921588313783605e-05,4.098058847235874e-05,3.484843978109337e-05,4.9065468142633144e-05,6.477991032822858e-05,7.18773749781576e-05,0.00011171355788399907
52,bb6b86e2afe88b371badfcefe298945002e47006,0.005157226167890864,,0.005191212500600765,0.005198096167684222,0.00519116433133604,0.005200590169503508,0.009862308750598459,,0.00983427000028314,,0.0050643390010615495,,0.005164588500823205,0.004985695666012665,0.005083165834851874,0.005962557001718475,0.009548751750116935,,0.01012172600167105,,0.00019988733640109951,,0.00019998883005925718,0.0002029159362957051,0.00020512231125360144,0.0001892723533995289,0.0005592928152365953,,0.0005506356840334391,,3.3001007644113564e-05,0.00013210255425095176,3.432341930684869e-05,2.4889248265671976e-05,4.175742321834317e-05,3.493636425307779e-05,4.988038510730205e-05,6.19557686150074e-05,6.608172320522412e-05,0.00011349792258283508
53,5c3762157a0cd7a6a036a2144a5fbfc5278a919d,0.004640013500951075,,0.004670984000161601,0.004673927833209746,0.004657409503124654,0.004649053834630953,0.008773737001320114,,0.008742937752685975,,0.004955834832799155,,0.004962430665424714,0.00488785366663554,0.00497107183521924,0.0049405506676218165,0.009314888000517385,,0.009929301500960719,,0.00019918867927220353,,0.00020002487508463673,0.00020241823068108014,0.00020539022550699026,0.00019220591515614561,0.0005630815830954816,,0.0005453630280195891,,3.2758766370375764e-05,0.00013189070623411683,3.38147932640053e-05,2.4570722862850778e-05,4.0122248074182005e-05,3.526634445673253e-05,4.944042487128992e-05,5.779761816554058e-05,6.748114469272242e-05,0.0001109812316012961
54,e0ffe3572b37190d9da5b1d07057e4e038bd3197,0.004938659333371712,,0.004934480668453034,0.005006583167414647,0.005177686832515368,0.005152470834824878,0.009346182749141008,,0.011748258250008803,,0.005293556252581766,,0.0057717807503649965,0.006475913749454776,0.0053057635013828985,0.005347447000531247,0.009988253499614075,,0.010375019002822228,,0.00020423775962486755,,0.00020974446152439877,0.00025150599028095783,0.0002104177999717649,0.0002005569090463475,0.000573974805269649,,0.0005536990789359582,,3.2725958343139664e-05,0.00013491377844902558,3.392291250747803e-05,2.499814739699019e-05,4.185627039987594e-05,3.7599930242307335e-05,5.396454168846874e-05,5.9682057989704634e-05,7.894314607642425e-05,0.0001135823999842008
55,cfb6a4d88d88307d507a86d1d70cd7d84c611406,0.004788503669260535,,0.004871686833212152,0.004808656167976247,0.004783703666665437,0.0047786980018524145,0.009116384255321464,,0.009017538999614771,,0.005094477503007511,,0.005075770750408992,0.005013281497667776,0.005094161246233853,0.005848381500982214,0.010930319993349258,,0.00993800199648831,,0.00024122763539167325,,0.00019886812501331756,0.00020206357836358103,0.00020513906872342798,0.00019528301834890788,0.0006072367328063895,,0.0005459774442392194,,3.237643122702138e-05,0.0001319145885645412,3.660605756204672e-05,2.4076720810355723e-05,4.0481231801820225e-05,3.391037417684622e-05,4.794784910847886e-05,5.64571994587784e-05,6.556413580166222e-05,0.00011013782097602656
56,d4f7d9e215773e979eb43a1e5a3cbb51f96bd09d,0.00513845350117966,,0.004928751167123361,0.005535709664400201,0.004842091334770279,0.0048459326644660905,0.00919529699604027,,0.009291289999964647,,0.005155443748662947,,0.005158116000529844,0.005076631750853267,0.005159653246664675,0.005155969251063652,0.009721992752020014,,0.010087944501719903,,0.0002027434998476215,,0.00020361206728781469,0.00020623951912477001,0.00020803187248484215,0.00020424560908312826,0.0005710028886419928,,0.0005623748683750531,,3.2392877659280685e-05,0.00013344771250558554,3.772929934491878e-05,2.8382384260583893e-05,4.610232830394657e-05,3.739408900980871e-05,4.866342986717913e-05,5.873209392929769e-05,7.429897122289449e-05,0.00011198234723350551
57,bec2b07db5c999721d2d2c10334f3afe78aaadd9,0.004889972668024711,,0.0047613858356877845,0.00485225466642684,0.004823147998346636,0.004730675667815376,0.009013084752950817,,0.008958066748164129,,0.005135355165596897,,0.005099573332699947,0.0050152140004987205,0.005198959998476009,0.005066625832114369,0.00968112225382356,,0.010131845003343187,,0.0002491103091002019,,0.0002054826999665238,0.0002486188626361956,0.00028491098817626367,0.00019747804162761895,0.0005740744446585369,,0.0005515104471430133,,3.95937844119761e-05,0.0001605647063115612,4.034287378272572e-05,3.0280812657630826e-05,4.150003680775245e-05,3.5558466338795556e-05,4.952838194353885e-05,5.845986956758323e-05,6.60603024844471e-05,0.00011224959676857457
58,5ca0ef6272ef3eabe2feb4049b7cb05a52516495,0.004867523831004897,,0.004866474664595444,0.004950723164559652,0.004886178833354886,0.00487097949856737,0.009245984001609031,,0.009183825251966482,,0.0052078310000069905,,0.006039135500031989,0.00595294875165564,0.006345784750010353,0.006207089998497395,0.012085803748050239,,0.012368267503916286,,0.00020433973077160772,,0.0002053877307424465,0.00020706852872255974,0.0002098469705350569,0.00019567168201319873,0.0005717631942793054,,0.000556155131658,,3.304192415657006e-05,0.00014823482697232603,3.7294633863982e-05,2.8080999982194044e-05,4.14071019174746e-05,3.588833053511936e-05,4.9794276771514654e-05,5.913151654663099e-05,6.802804747639118e-05,0.00011360343686599088
59,cb557b79fa0ce467c881830f8e8e042c484ccfaa,0.0047970341668891105,,0.00499429666767052,0.004960109501553234,0.005201130246859975,0.005427985252026701,0.009513816497928929,,0.009410329497768544,,0.005397867244028021,,0.005179487499844981,0.005025502752687316,0.005225974495260743,0.005870321750990115,0.011293516501609702,,0.011808846502390224,,0.0002521548235295888,,0.00025141406050269404,0.00025256232359371255,0.0002538384117845756,0.00023389701107387532,0.0006809441927963725,,0.0006702598844780228,,3.8651948116277254e-05,0.0001564475258356683,3.8925198728415686e-05,2.436142206640291e-05,4.723045080441769e-05,3.999925982847598e-05,4.838650696641438e-05,6.764139263261179e-05,6.55965943349988e-05,0.00011135497876007031
60,badbf70324274bdb4299d8c64d3d83a26be2d4c0,0.0049556654994376,,0.004771105999680003,0.004806098499102518,0.005070490665578594,0.004923598498862702,0.00951495249682921,,0.009550809249049053,,0.005213990250922507,,0.005223765998380259,0.005087625246233074,0.005139751752722077,0.005142674501257716,0.009666715006460436,,0.010244536504615098,,0.00020577616347649242,,0.000213090343853158,0.00021404409586040779,0.00021760943615090777,0.00018734598044972575,0.0006056721176719293,,0.0005904501175631166,,3.343489812340348e-05,0.00014464754286953912,3.387395857978673e-05,2.5779810643467898e-05,4.214468104880231e-05,3.564479335866751e-05,5.351127363800475e-05,6.160990986160847e-05,6.852639996429423e-05,0.00011779567979870029
61,4c780c2d4b35a54cf45ca7d931efcaca73d0bf24,0.004758547166905677,,0.005436123752588173,0.005474381749081658,0.005478601251525106,0.005624893499771133,0.00912704649817897,,0.008958119498856831,,0.005064932251116261,,0.005052840249845758,0.004961635248037055,0.005049460753070889,0.005036454000219237,0.009489987998676952,,0.009869162997347303,,0.00022193381123037802,,0.00019694219811771172,0.00019958839416526293,0.0002018988921989541,0.00018999877673715152,0.0005565611669832531,,0.0005388585000458223,,3.027812073758634e-05,0.00013292036421688985,3.066466285547774e-05,2.3026496732516376e-05,3.846775648204894e-05,3.278440896265013e-05,4.594943203029975e-05,5.905788677980797e-05,6.296776037748638e-05,0.00010857274467893381
62,3c91a3e1704c8aa7f1258aa30892040df9d952f4,0.004827303332907226,,0.0047497051673417445,0.004778499331829758,0.00474615749893322,0.0048124043314601295,0.008958219748819829,,0.008938101749663474,,0.005036252332502045,,0.005063288832995264,0.004958963666770918,0.005052321334612012,0.0050604381661590505,0.009556970750054461,,0.010030094750618446,,0.00019697458934128269,,0.00019733533034533527,0.00020305482071565184,0.0002034984000519299,0.0001876683389867648,0.0005577978946875144,,0.0005431999471559386,,3.15132288179705e-05,0.0001342548987720095,3.268445760230547e-05,2.4681975423262862e-05,4.040707379626368e-05,3.328389307883419e-05,6.519163293638247e-05,7.447576152536875e-05,7.905977839651644e-05,0.00013586630000645528
63,fe3d717080e812383900507168a6bd7093c4e434,0.004635223666506741,,0.004629109501062581,0.004656063499472415,0.004635565665618438,0.004623944833535157,0.008729912749913638,,0.008699731250089826,,0.00492940633193939,,0.0049237549998603445,0.004848292999668047,0.0049263320009534555,0.004926150333631085,0.009294612998928642,,0.009644240999477915,,0.00019329284537393092,,0.00019426969996526498,0.00019619075471880178,0.0001992307546474463,0.00018550284484858978,0.0005454249474400729,,0.0005314503947661969,,3.055931266944882e-05,0.00012786917860856714,3.1335670627945155e-05,2.339772004679795e-05,3.7842544319160974e-05,3.2909920253341676e-05,4.639701725456438e-05,5.482767691062644e-05,6.303950877943926e-05,0.00010535182845356473
64,0cb9f7f7aa8f4255fafb5431dcc595ce183bc376,0.004767370667347374,,0.004791480332642095,0.0047611721662785085,0.004749367834544197,0.004779295501066372,0.008935519002989167,,0.009024925000630901,,0.004926861334145846,,0.004925038333264334,0.004847597167099593,0.004931315500774266,0.004925842832259756,0.00925074750011845,,0.009980752249248326,,0.00020045537272711625,,0.00019659948215381258,0.00019824923219857737,0.00019851649994961917,0.0001844256948970724,0.0005464941316045282,,0.0005292037368283338,,2.959995429407885e-05,0.0001271569761749041,3.055741784734013e-05,2.1847427557745227e-05,3.8437916074534383e-05,3.242654818962595e-05,4.615338197012448e-05,5.420014354913832e-05,6.210137861161735e-05,0.00010572643503110158
65,e69faef03428b82f5651a5fb521610ddea2bd22a,0.004753687833726872,,0.004835009000089485,0.004754770333723476,0.005105175750941271,0.00513689600120415,0.009116558499954408,,0.009131148999586003,,0.005753817000368144,,0.005033072498918045,0.004953541749273427,0.0050462462513678474,0.005121436501212884,0.009583738001310849,,0.009909637003147509,,0.0001964263461699235,,0.0001975063773812199,0.00020011309621063096,0.00020113019232107594,0.00018833208930248344,0.000556494611171527,,0.00054137618414978,,3.0459063953796517e-05,0.00012970604998372435,3.205577329778032e-05,2.2583187099919224e-05,3.860819301467821e-05,3.33408955652252e-05,4.721652122789924e-05,5.574029210516816e-05,6.551621164848022e-05,0.00010789744848488668
66,092905febd53742d2a700322f88b652d6a5fd4fb,0.0049101432487077545,,0.004858773166536897,0.004883452167026311,0.004854634333848177,0.004840025832284786,0.009282659000746207,,0.009243275251719751,,0.005152396497578593,,0.0055797567511035595,0.005079183001726051,0.005912087499382324,0.005966018999970402,0.00978490724992298,,0.010392504998890217,,0.00020035688677760946,,0.00020147697171712521,0.00020463928845296882,0.0002077847450838068,0.00019311425454692323,0.000584941638913329,,0.0005537886053820042,,3.1104007228802496e-05,0.00013274283336624964,3.233289545195558e-05,2.3226348488393556e-05,4.985905618920019e-05,3.352817555788764e-05,4.7621636148116006e-05,5.6959918846592e-05,6.466661377312912e-05,0.00011035088942949906
67,6cd4b015dfd512fb4bc9d2e06a0f0cef4503582b,0.006700805000946275,,0.0068159185011609225,0.0049609169994558515,0.006228309501238982,0.0057806153333028,0.011306557002171758,,0.00955785024962097,,0.00604757650035026,,0.00531462825165363,0.005192417249418213,0.005301752251398284,0.005253698000160512,0.009982555500755552,,0.012195875500765396,,0.00031643217000237205,,0.00030336526480609523,0.0003064612222563786,0.0003191889873960463,0.00028867522977069147,0.000867496958259532,,0.0008428860385790288,,4.460105062403445e-05,0.00015779162726671942,3.768474241014425e-05,2.7720706489202934e-05,4.6384505309261124e-05,3.9056250004204364e-05,5.9108173184011596e-05,5.741474030732517e-05,7.610888889526933e-05,0.00012919901370243107
68,3544fae2859d8ecac378b9ddc8f909c69455a831,0.0060343514996930026,,0.006139963999885367,0.005717097250453662,0.005858707500010496,0.005298806999538405,0.010230717000013101,,0.01024827774745063,,0.005817263001517858,,0.005828185750942794,0.005814481501147384,0.005866106250323355,0.0058316890008427436,0.011333601747537614,,0.011985833498329157,,0.00027766072642681946,,0.0002220838125595037,0.00020461705207708292,0.0002065285769696437,0.00019156449109557019,0.0005690580277991507,,0.0005535589999022992,,3.160659347896434e-05,0.00013436128747343898,3.208840533358406e-05,2.3596688744159228e-05,3.959597407730244e-05,3.393905938082753e-05,4.8519609387247844e-05,5.641567801702548e-05,6.594272122266843e-05,0.00012763707427193121
69,05fcb6544f72ea173011a77cee14d72979ffe293,0.004805777167348424,,0.004858580501604592,0.0048765076668739,0.0048080299990639706,0.004888758833355192,0.009519641998849693,,0.009498046249063918,,0.005519238251508796,,0.005158999500054051,0.0051941040001111105,0.0052603437507059425,0.005309767000653665,0.009977344750950579,,0.010541214000113541,,0.00021013008497319325,,0.00021243682080376804,0.00021425989993572743,0.0002364698400197085,0.00020334345533358698,0.0005980860831995313,,0.0005583206052266945,,3.129003428122295e-05,0.00013721093374300265,3.331783284165875e-05,2.3235549151727784e-05,4.060597252196653e-05,3.323847440368403e-05,4.719190518040579e-05,5.599489583119066e-05,6.900092149556068e-05,0.00011746240196254232
70,f4ef0fd5d97afc7788c46eb51889e90623f5577e,0.004762959832684524,,0.004806883000128437,0.004845843166549457,0.004760897332744207,0.004797618666392131,0.009029581999129732,,0.008813339753032778,,0.005049455750850029,,0.004935008999382262,0.004852365501089176,0.004926774500442358,0.004926371332354999,0.009307495249231579,,0.009673449500041897,,0.0001930145363572096,,0.00019333731820965608,0.0001956485000184991,0.00019962036535266985,0.00018490222408155236,0.0005460186050760584,,0.0005284265265034168,,3.0511160002788528e-05,0.00012795416668744846,3.141132309106628e-05,2.236181874953521e-05,3.929986995476428e-05,3.247153302448362e-05,4.6718487142692134e-05,5.429224000181421e-05,6.245121801120424e-05,0.00010688743566446431
71,5cc7ef066fca7a821a2160b095578384c301ae3c,0.005838161250721896,,0.005819851499836659,0.0058566924981278135,0.005819229998451192,0.006003967249853304,0.011978580001596129,,0.011957871996855829,,0.006444920250942232,,0.006459403248300077,0.006111569500717451,0.006218504000571556,0.005387271250583581,0.009953935499652289,,0.010092150499986019,,0.00020050099048157276,,0.0002004491226508212,0.00020318712505776112,0.0002061452059042138,0.00019255899113496914,0.0005677971946877531,,0.0005513978685485199,,3.1083811448211264e-05,0.00013251574075835422,3.215353061145025e-05,2.372771553698768e-05,3.9627262172489764e-05,3.367398013277136e-05,4.790954544935658e-05,5.678165249264566e-05,6.607880702937344e-05,0.00010923397525456863
72,c6d2aae8a92371bc9f7ddda990176fb014adb0d7,0.004864995834698979,,0.004942503334556628,0.004938712833488049,0.004904592665601133,0.004895369833927058,0.00926384074955422,,0.010397244001069339,,0.005762952499935636,,0.005819553749461193,0.005629067998597748,0.005309482499797014,0.0052563129993359325,0.010047075000329642,,0.010255250999762211,,0.00020547670192172518,,0.0002568455761122649,0.00026404922730514295,0.00026249623333569617,0.0002392911276516277,0.0005970220588685205,,0.0008164349062553811,,4.570048571882321e-05,0.00020184062492155456,4.507737546046109e-05,3.510083157667204e-05,5.0765291843515804e-05,4.3667531469879947e-05,6.394566354794954e-05,7.593278612794932e-05,6.939076551573415e-05,0.00011461819316206277
73,e3b831cd85e2f4d73b0db8e8d501828b50a96c64,0.005642195165516266,,0.005640553000072638,0.004869995832753678,0.004843803333642427,0.004840206165681593,0.009309876249972149,,0.009266482249586261,,0.005161239751032554,,0.005153832998985308,0.005079632750494056,0.0051602089988591615,0.005155329999979585,0.012383411500195507,,0.012873491003119852,,0.0002700169056622127,,0.00027048083926014703,0.00027461632691064064,0.00027766551920649363,0.0002581185350815455,0.00075401452765315,,0.000713970710708772,,4.1112509996829824e-05,0.00015392899382996004,4.224326000742925e-05,3.1513756803921135e-05,5.1855389992852e-05,4.024961351988406e-05,4.962207848347636e-05,5.8131541663897224e-05,6.719080607360935e-05,0.00011121392267763366
74,b3a7a69a198a8385735584b88408c91a1eef5a4b,0.004826151833185577,,0.004836523332414799,0.004865795500639555,0.005525896998733515,0.004916970001431764,0.009383682750012667,,0.009831658000621246,,0.005396504750933673,,0.0053763557498314185,0.0050932277499669,0.005155545499292202,0.005180561250199389,0.012536004248431709,,0.013354674500078545,,0.00020110531732615736,,0.0002022614151188326,0.0002103089615187715,0.00020764343136369122,0.00019153394743242594,0.0006013294721722357,,0.0005479506051319492,,3.144046802337344e-05,0.0001342024444494638,3.310681172535377e-05,2.424698213790829e-05,4.5580059699503507e-05,3.5548878638542856e-05,5.5273818803687874e-05,9.250734999043813e-05,8.001208334462717e-05,0.0001605546417997528
75,bc6a6084f6e49bd78c12508131395304a63cc6ca,0.004915809333397192,,0.004911046333290869,0.004991660666443447,0.005034073499700753,0.005063965250883484,0.01033446025030571,,0.010310392250175937,,0.00534294074986974,,0.00538666349984851,0.005320110250067955,0.005245019498943293,0.005266189749818295,0.009906607499942766,,0.010268665000694455,,0.00020823066037303092,,0.0002039871698180609,0.0002485337595666911,0.00020759695097712763,0.00019386707140256476,0.0005727722500523669,,0.0005557733332655819,,3.412391357908937e-05,0.00014650787037411378,4.117562457395252e-05,2.4668422605698193e-05,4.829484358034487e-05,3.488658917000055e-05,4.88273183899491e-05,5.9226497334728825e-05,6.61576411006915e-05,0.0001119411458413803
76,c0d36c88b8b525f5869eefd893d1d77ffe41903e,0.004629683166664714,,0.00462605599508,0.004673647665185854,0.004638320329831913,0.004618343499411518,0.008773490502790082,,0.008702701241418254,,0.004937495003105141,,0.004937793501691582,0.004865240999303447,0.004943991671704376,0.004931418836349621,0.009329529748356435,,0.009662375996413175,,0.00019329968199599534,,0.00019369356344792654,0.00019662757298316466,0.00019813239129937507,0.0001825294829806376,0.0005458056839415804,,0.000528407224919647,,3.106437102162644e-05,0.00012859535716069375,3.218459281554546e-05,2.346354650985651e-05,3.9028911197564795e-05,3.2468183505112474e-05,4.710805823661162e-05,5.61628809018987e-05,6.310973253147135e-05,0.00010818853607094011
77,bcdfd208a9b99036cc6e379180c3242b08dedc47,0.004830513503596497,,0.004746794167052334,0.0047672973353959,0.004754306661197916,0.004730432997651709,0.008966851251898333,,0.008902918998501264,,0.005040011994424276,,0.004957369506882969,0.004972267750417814,0.004943259167096889,0.004948564834194258,0.0092967057498754,,0.009663137505413033,,0.00019296888177367774,,0.00019347324112979028,0.00019730100889732552,0.00019782007548887774,0.00018495733619884364,0.0005446718155565721,,0.0005256704993371387,,3.072944193222315e-05,0.0001278501608578067,3.2120963854151383e-05,2.3054744019397256e-05,3.8902613688226695e-05,3.347711803742991e-05,4.738897620145941e-05,5.565374354358975e-05,6.299256389421887e-05,0.00010814021501573734
78,49c560c22f137907ea6a240591e49b004f28444b,0.004609827500341149,,0.004622533665193865,0.004659636004362255,0.004612847667885944,0.004616861663331898,0.008764630751102231,,0.008692151750437915,,0.004939780167963667,,0.004931294165241222,0.004863812500843778,0.004937469498448384,0.004926821168434495,0.009313690497947391,,0.009679030248662457,,0.0001921787910925394,,0.00019336059075695546,0.000196004036644643,0.00019884259117216888,0.00018505685071240326,0.000546652946994934,,0.0005290012892433687,,3.0044646454896306e-05,0.00012804993297677579,3.119930721974621e-05,2.359775501740126e-05,3.970844424899212e-05,3.32880420585837e-05,4.743369829846979e-05,5.656858974805054e-05,6.436952049381029e-05,0.00010982980706157291
79,45fb3a28100d509b695f432cf100f36f0e4c2f9f,0.00460387316707056,,0.004613033335772343,0.004649702168535441,0.00461224649916403,0.004591429998981766,0.00875461700343294,,0.008687698253197595,,0.004932907002512366,,0.004932956498426696,0.004860195331275463,0.004934133336064406,0.00492775316524785,0.009308921507908963,,0.00965083425398916,,0.00019306557130351263,,0.0001933093545217575,0.00019594690900041976,0.00019872970005962998,0.0001823560525193451,0.000545518341823481,,0.0005254495248664171,,3.053129092089063e-05,0.00012819564272788177,3.1927948332375194e-05,2.3249922505545322e-05,3.9098425503735515e-05,3.277972902793125e-05,4.7421747851707365e-05,5.573455240645724e-05,6.342320929709172e-05,0.0001074882772564427
80,273b7fe0a94ae3a8ac96f4b34a396a8d3584c210,0.004597879664894814,,0.00460774283662128,0.004636107502543989,0.00460008300433401,0.0045931978384032845,0.008777230497798882,,0.008718985751329456,,0.004922509668782974,,0.004940514996026954,0.004862361999888283,0.004937065168633126,0.004926826499286108,0.009294152005168144,,0.009682645249995403,,0.0001932095354797119,,0.00019400706254860519,0.00019594595439478076,0.00019825160005976531,0.00018451766387944847,0.0005448785791247103,,0.0005266608000965789,,3.0471914092039454e-05,0.00012843793974095304,3.15607499963691e-05,2.3472557565970995e-05,3.901020576883215e-05,3.255742470732419e-05,4.652854327557939e-05,5.539576545508924e-05,6.338264321709565e-05,0.0001069351386435625
81,8840d950e0eedf2eadb96d9867d8f8341e51aaac,0.0045834771638813745,,0.004589329837472178,0.004630364167193571,0.004587061334556589,0.004581842498737387,0.008756174254813232,,0.008705261745490134,,0.00489707633581323,,0.004899015829626782,0.004841865496321892,0.004904370168029951,0.004897944503075753,0.009314329749031458,,0.009666591751738451,,0.00019241113399662675,,0.00019474513643548232,0.00019622596340592612,0.00019823399998131208,0.0001821253304192165,0.0005446009209232503,,0.0005252881994238124,,3.057953292493279e-05,0.0001287361729838368,3.262743289602307e-05,2.3001254822868575e-05,3.8794444263795485e-05,3.214268431663963e-05,4.700106113903045e-05,5.538089377588443e-05,6.28080581305386e-05,0.0001072546782428491
82,9d9cc5ca473d52eeda693a254fc0a1cbd4f4f1c4,0.004796914504064867,,0.004797978336379553,0.004824792665507023,0.00478923932920831,0.004810755325403685,0.009135848507867195,,0.009095423491089605,,0.005123769670414427,,0.005145654664374888,0.005073925334727392,0.005165771998387451,0.005158014168652395,0.010079378247610293,,0.010227996259345673,,0.00020340550846802738,,0.00020433974974106865,0.00020897324038042614,0.00021382242033723742,0.00018963471857683833,0.0005680388942556945,,0.0005479958674282227,,3.1849897740440525e-05,0.00013380666460739677,3.236432613518376e-05,2.4359021480373922e-05,4.067797556473993e-05,3.535203505188796e-05,5.080031746524378e-05,5.769858631081099e-05,6.557224723033562e-05,0.00011170595033684432
