,hash,"dtype-f,stride-1","dtype-f,stride-2","dtype-f,stride-4","dtype-d,stride-1","dtype-d,stride-2","dtype-d,stride-4"
0,03164d2d819f9b38e1c684d6d9e128f11867dc3c,9.541542861949314e-05,9.888977828350934e-05,0.00010075748280108532,9.32834195819768e-05,9.747964584014632e-05,9.808570823886177e-05
1,60df9b1eb6375e3decf12ba7506404c46af0469a,9.898685596205971e-05,0.0001020530408078974,0.00010359557255959281,9.545545009049503e-05,9.783270599489862e-05,9.806720643407769e-05
2,772c80b1ce1db7e30497fcf555ac9af56b0d7fce,9.521551599556748e-05,9.910287335515022e-05,0.00010079367817423054,9.290138682858511e-05,9.814027950844981e-05,9.831837895843718e-05
3,66d357ae3aedcd324a1c607e037adc65d3ae1c02,9.530258195644075e-05,9.900085543366997e-05,0.00010085655550394102,9.334624575620348e-05,9.737515421671288e-05,9.805323048071428e-05
4,cec39effb1739ae0a7690e56d58d3e9432569d5f,9.562580466822342e-05,9.907569566910916e-05,0.00010082942362015064,9.268290701914918e-05,9.745538912036203e-05,9.80831552122798e-05
5,8ae543cb13769a0afa6e176898824db7fd992d27,9.50305595655333e-05,9.856168624191057e-05,0.00010046187391573633,9.277315217662941e-05,9.72782134671103e-05,9.780692952600392e-05
6,c890b10a8ade5df19f97b02a2b10a75f9f6075e9,9.569999846545133e-05,9.912271899255839e-05,0.00010039426248382638,9.358737787062472e-05,9.719789873256727e-05,9.78263814679601e-05
7,c9a83043c0669fd17306843eb21abd236b675537,9.551303545859727e-05,9.928544805873007e-05,0.00010092196133092184,9.312567893754353e-05,9.79539711968364e-05,9.817608966017669e-05
8,4d87d909bab7a7dd4bb570444cf35d98d551668f,9.532534856010566e-05,9.930744501096862e-05,0.00010090914476558428,9.29063694043593e-05,9.744138118218291e-05,9.807301103137434e-05
9,a280f5e5d725de732a906b67172114b263ac3bfa,9.56568189642646e-05,9.893892671574247e-05,0.00010074914441766025,9.314182891764425e-05,9.722228754650463e-05,9.785403245102578e-05
10,c303c9b77afbc7fe6f4049683c3ccaabdebe7be3,9.532836265861987e-05,9.89190006459301e-05,0.00010058971853038975,9.298981167376042e-05,9.753319265490229e-05,9.810168928695175e-05
11,fdfc4807cbe2de71f74053c45ae0de383332c4e1,9.535362690009854e-05,9.955612265250899e-05,0.00010111077378193538,9.345817802981898e-05,9.76951327174902e-05,9.837284768846902e-05
12,537d35c2cf49cae0a496c37564fa282ec80e3695,9.535156529058108e-05,9.876812638884241e-05,0.00010051143964609274,9.312179701572115e-05,9.734329598193818e-05,9.802863509817556e-05
13,1b6831be8dc33308e77f3d3253f5ee777e3bb178,9.559370915998112e-05,9.880466908912793e-05,0.00010063875771056001,9.265164844691753e-05,9.709144519134e-05,9.781802919777956e-05
14,7ef145115fede2c20df2cfc51ed28fcc9742b696,9.62029719217257e-05,9.928109462965619e-05,0.00010095443141376861,9.305367076938804e-05,9.715083676079908e-05,9.776485914533787e-05
15,175476fec763984573e60485a447978cbcb381c0,9.533548304303125e-05,9.90309879522432e-05,0.00010058611944735607,9.3088269403035e-05,9.713036600839009e-05,9.781627661802552e-05
16,c3c2b689cd4e1ccc24b18e764f105ed0e400ae92,9.519589895551854e-05,9.93216113949364e-05,0.00010103188021090425,9.312852793796496e-05,9.754142379975533e-05,9.807492183013395e-05
17,93240e0d8ea23644a5b7874037e658c54966ff54,9.547608311880718e-05,9.909212261576344e-05,0.00010015822024406673,9.319933808662674e-05,9.71335494382815e-05,9.781349272955031e-05
18,e1f191c46f2eebd6cb892a4bfe14d9dd43a06c4e,0.00012266618363997514,0.00012622551225564057,0.0001278874037944409,9.317393838004633e-05,9.729951112107798e-05,9.795686822723259e-05
19,8eedd3e911b7e3f5f35961871ddb8ee1559d4225,9.49672380970283e-05,9.871472773904149e-05,0.00010019461669534156,9.277503175491637e-05,9.735168635167859e-05,9.766329554313759e-05
20,ade91ea2f28284668fbf78971538ac4827d653b8,9.543355977670713e-05,9.891654534096068e-05,0.0001002222566899878,9.329048070040615e-05,0.0001015323308305909,9.785060494862221e-05
21,b0a6e5583f2952a040c45d0d50f5e93372dc175b,0.00012345858049964663,0.00010357276935662542,0.00010540773549560205,9.775579991665753e-05,0.00010165149556859483,0.00010332335138096
22,94b36b557ce7d88bbfe4091c59aa376764b7047d,9.534995240921323e-05,9.924825704233213e-05,0.0001011445702424327,9.281670420684598e-05,9.816983630034057e-05,9.834117425436323e-05
23,ce6d3ffc991c63c1a91fd806b4eb3d0008caace2,9.532316841862419e-05,9.901479140601375e-05,0.00010057272335800988,9.310687468810515e-05,9.728799235414376e-05,9.771095250140537e-05
24,aab7993af0f6f3b9ac0d76952933b19163d65496,9.487883018499071e-05,9.900496171956713e-05,0.00010069564450532198,9.276541796597568e-05,9.694954173432456e-05,9.77263150906021e-05
25,b94c2b01ff7ef5b8dc44726512cfa232e9054882,9.529846720397472e-05,9.906727143309333e-05,0.00010069309778156735,9.307127276604826e-05,9.715824218636209e-05,9.803049196706754e-05
26,f737b354e6ab2aef8b4c05bca0011de46a4b53b0,9.829455262256993e-05,0.0001035553755835422,0.00010315717188912689,9.577350984155028e-05,9.955460521972404e-05,0.00010237206687342446
27,bbd5a7750fbed42a4aaf12f196282a9504a1e865,9.582703509791331e-05,9.861739606342532e-05,0.00010061479688992778,9.330787103284488e-05,9.68538224697113e-05,9.773503565652804e-05
28,66f1b8a5411e8265ed87ff7bf97c67960af2624d,9.528918361121957e-05,9.907661184955103e-05,0.00010072709359590289,9.275458075783469e-05,9.728774259036238e-05,9.816190312531861e-05
29,d9347181d825d9426e783cfeafee304735bd25aa,9.745987789595828e-05,0.00010089802273203818,0.00010280635752627309,9.407001462849703e-05,0.0001050098714503375,9.881219064647502e-05
30,fc159a547f091d1d6f75db470a0b8e9b2e7acea6,9.646241299130699e-05,0.00010025726461952383,0.00010231365026398138,9.353488899213223e-05,9.924045933241194e-05,9.941717355766078e-05
31,857125603f3cf72e2078ed2effd0f6ce40f0ca28,9.241380559449846e-05,9.611201557246121e-05,9.757334112443707e-05,8.985720774974704e-05,9.465687484903768e-05,9.556650184094906e-05
32,847119387dedec1ce7a85c1c0f29bcf86bc0348d,9.171842936087738e-05,9.639055298810655e-05,9.746508757499132e-05,9.007948212140849e-05,9.460342851908583e-05,9.508152831007134e-05
33,deb4be85025088553d80d6637dbc17d7f8101f41,9.248689325018363e-05,9.588303298435428e-05,9.776858020235192e-05,8.96135070284859e-05,9.442741389979016e-05,9.504941461438483e-05
34,0c06b0b8593d947c5d63b72b6d84ecf83ae5da5b,9.257253259420395e-05,9.644323197955435e-05,9.787461551075631e-05,8.9696520695188e-05,9.427983313798904e-05,9.523873979395086e-05
35,c003e6ef6e421d23b5bf98f01df20f1350f61ea1,9.213721548969095e-05,9.617940946058794e-05,9.771110913292928e-05,8.999103237493117e-05,9.443628263067116e-05,9.543739513240077e-05
36,a0c5f64f4f1a7f6ee80dc9b95aa813df28a87d72,9.205236353657463e-05,9.611313315955076e-05,9.78677152571353e-05,8.976462175000886e-05,9.45894978940487e-05,9.51784916899421e-05
37,c53c89f0d8572086dd13cbe1c3c98a4e73b41d09,9.208835915408351e-05,9.602647782726722e-05,9.789080782370134e-05,8.969761996117771e-05,9.421245618300005e-05,9.520498781718991e-05
38,767744c86e1e4a27bf77f90a85f17e564c9b94ea,9.216920218684457e-05,9.621656068635207e-05,9.786518375304613e-05,9.042367893309633e-05,9.432978166097944e-05,9.501183998178353e-05
39,e657629bbc2bfb880a1b2fa24a39c5921c1f965e,9.207209910858761e-05,9.611171924255111e-05,9.733704522390057e-05,8.94694840993549e-05,9.425322694534604e-05,9.483342397619378e-05
40,3d0c041ca162d69cc5bbb4d9d051eca7933f12bd,9.252039969644763e-05,9.615522274678505e-05,9.884473190388895e-05,9.066787017278434e-05,9.445519271222028e-05,9.532209316437894e-05
41,ce140e8d5c28f1f057db1102cf78263e48f86d61,9.26525035703724e-05,9.649281644008376e-05,9.798773733729666e-05,9.011185905041773e-05,9.464739229191434e-05,9.578993459316817e-05
42,c18ab2c3975c8fa8b59724fe6855c528d72fef8c,9.252049803601957e-05,9.632599116726355e-05,9.796063161709092e-05,9.027057642902225e-05,9.443498301235112e-05,9.533161805434659e-05
43,3d2205dfd1d28fb8106e60223cf7207a3c05dbab,9.228991005908359e-05,9.595804678445513e-05,9.781598875468427e-05,0.00011379504086155641,0.00011774429327083958,0.00011802902546427819
44,c3fd79150bc183e8852f1330ea6e8cb4ca7ce7bc,9.236759929494424e-05,9.608413092792034e-05,9.762361984361301e-05,0.0001140621980946315,0.00011811085086274934,0.0001183483881227996
45,71555c48be7f07833bd540dacb50deb8069b551f,9.208696640350602e-05,9.65632412030741e-05,9.79035006215175e-05,0.00011367252292601685,0.00011808272696785875,0.00011859414086717626
46,5324067c702a41e901354a01a5f0d05ff49b6cb4,9.194921956143596e-05,9.597762149165978e-05,9.820216959251941e-05,8.975494210226614e-05,9.432940066538074e-05,9.483413516797803e-05
47,20cb312563b2e7c0b180db8dffbcd71d7dfd0bee,9.319581599398093e-05,9.725096804851836e-05,0.0001000279120893942,9.251928942139484e-05,9.485559368675405e-05,9.55011991953308e-05
48,45ee22fa2fdd2bace756ed62685a346da91c4cb2,9.16107642379674e-05,9.591200134970924e-05,9.732964561782151e-05,8.941476889809624e-05,9.386314671825279e-05,9.474377994510261e-05
49,798aee26bdb9dcc0e806ca9271f0f98297188dec,9.263939583641396e-05,9.620564312420109e-05,9.800787083804607e-05,9.045420861071792e-05,9.50922088866884e-05,9.569541805169799e-05
50,1c50f244d4d1eba4f3f63e93a05a2b2f938685a4,9.199867702343247e-05,9.65030271221291e-05,9.813369691090765e-05,8.992200778905026e-05,9.47941094636917e-05,9.575644931332633e-05
51,fca7a15f30776ebce9e6814eb927e837f567a518,0.00011962006932922771,0.00012378799285562265,0.0001249356780114562,9.039105955234244e-05,9.455637244338339e-05,9.553350887640759e-05
52,26311ed7bf80e02c827189e80084602d72e4f284,9.30165871977806e-05,9.609221226789734e-05,9.781358848241242e-05,8.985208210031517e-05,9.426538493822922e-05,9.512013586407358e-05
53,b5e01bcb668da0413170a886c258e00d2540e752,9.246608242392541e-05,9.65698833831332e-05,9.824787310072194e-05,8.988031378585445e-05,9.478330040317879e-05,9.600805457342756e-05
54,ab30683fe1277a7fd471be63975a02ed8d766f94,0.00012184248643589543,0.00012486311326543968,0.0001267247432626264,9.117083824124219e-05,9.606803174723279e-05,9.891496209258383e-05
55,3c89e2f913406f55b6e998017c1149e3ba383bcc,9.212362664667043e-05,9.758746336129578e-05,9.873138994655827e-05,9.013422233752967e-05,9.532427330586043e-05,9.613330899314448e-05
56,590f07121dc55e6d9d9ce514887c9bbc253fb266,9.253561835397375e-05,9.651190855286338e-05,9.806165895001454e-05,9.001477346679226e-05,9.521884759041396e-05,9.530967270786111e-05
57,872372bd56ccb5fe98faae8be7d14e4a8c69e037,9.212065064771609e-05,9.603252719071778e-05,9.779324406914622e-05,8.997814883747376e-05,9.48295843872157e-05,9.519751183688641e-05
58,70a84c3192b4f231925e8e36f50d6a26bff3b46d,9.213186038488691e-05,9.674402557451417e-05,9.842802855101499e-05,9.027229179246505e-05,9.526143443178047e-05,9.681876421112706e-05
59,9d416356baf4a653b2c647a921ae24ba7d39e8df,9.251043031161481e-05,9.622290222482247e-05,9.785140441222624e-05,9.010449313550941e-05,9.444115514105017e-05,9.507282044399868e-05
60,09dd75e9e2139bc9742e6009b7babe41d4c002df,9.26624263890765e-05,9.672100740400227e-05,9.833487089384686e-05,9.037337981718631e-05,9.55259639092467e-05,9.569290348074653e-05
61,85d64e375f53f6028519d3aaad0b421934dcbe24,9.226428175514395e-05,9.650821289555593e-05,9.839215146547015e-05,9.022787798288441e-05,9.483739903027361e-05,9.566541253165765e-05
62,09e04dcbe3d0c836437b2d4745b353b256ec6265,9.256685152649879e-05,9.642320007763126e-05,9.815052829005501e-05,9.072331850193749e-05,9.483426216651093e-05,9.590943597934462e-05
63,cdd7ab252988ff4254705e0a89874edeb5cea8eb,0.00012004511574139961,0.00012387678794124549,0.00012553573672681353,9.013083186154523e-05,9.511366317218001e-05,9.571509435772896e-05
64,06da877ceae914a875bd1a55cd8e271332358803,0.0001198694181556885,0.00012393851383504543,0.00012521412489669662,9.011219001629135e-05,9.481696073304524e-05,9.54587689854882e-05
65,8529dfaaec65248420faffe095bac03c23881735,0.00011984132644202975,0.00012401293497532606,0.00012505443788371807,9.032684832441906e-05,9.476796046576716e-05,9.539053690704432e-05
66,171a3e5811e43643788c20075be9ba52efb83b81,9.252814237367023e-05,9.759499014101245e-05,9.857331910593942e-05,0.00011407477585108656,0.00011840339689313069,0.00011880156260145748
67,5bf9ab98edd254dee1162d6f1863053e040cf828,9.309539825401523e-05,9.703453821695854e-05,9.892547757110813e-05,9.065692520831242e-05,9.485923007807948e-05,9.555031376128848e-05
68,9776a73cee9eaaff6af40e971fa2bb7f8f1086c5,9.325149638408964e-05,9.730092503807761e-05,9.892337362874638e-05,9.085030164107804e-05,9.564973244612867e-05,9.653443385931578e-05
69,37a1ad069a800f5ef98286f25fb3fb632375168d,9.275923093032633e-05,9.718376889147543e-05,9.85393300652504e-05,9.080977756376109e-05,9.519277902489359e-05,9.623315947299653e-05
70,1cb2230bb1bfb9b2544dab798dffeedce64ad39f,9.255468506704677e-05,9.697690944780003e-05,9.822338311509652e-05,9.270107435170285e-05,9.518708706040074e-05,9.591679342768409e-05
71,044f5131450f38cdfbab63d6999b60e7e3bbabe5,9.284614246677268e-05,9.659617380411537e-05,9.846724146469072e-05,9.07164952171243e-05,9.557512080804868e-05,9.61428042501211e-05
72,dc089026b4ad0d2d9ea992c7f1b9b5e716dd82cd,9.324775416065347e-05,9.804261763664809e-05,9.924352846362374e-05,9.082399370256535e-05,9.518879127096047e-05,9.675889953293583e-05
73,53adf81bc503d749b13160a27e49160c5bbe48d7,9.282665665854107e-05,9.701638905839487e-05,9.904615581035614e-05,0.0001144317125803546,0.00011874188979466756,0.00011917399651892893
74,49e00940a82f9590d774539cd188b634c29fc39f,9.297586300156333e-05,9.723119959931508e-05,9.874779815700922e-05,9.069330836376869e-05,9.491520679809831e-05,9.589597413485701e-05
75,7b9b41a4c7dbd7b719d62f343f57f841f5809693,9.33418826510509e-05,9.706970652408689e-05,9.885838424617593e-05,9.079237106787271e-05,9.567550891502337e-05,9.64083666489883e-05
76,ae88e02a48c4744afd22c63be388870037f3c84c,9.260760535570708e-05,9.70762392336672e-05,9.860961951992729e-05,9.057773969882777e-05,9.532921354879033e-05,9.612902067601681e-05
77,0aeab48b9e914d1dc7041b7e3f3b7e575ffcbbed,9.298064237968488e-05,9.719670157540928e-05,9.867636803186165e-05,9.080885393806726e-05,9.56315335563638e-05,9.614122946831314e-05
78,c18b3f59b5f5752ab038224fd3bdf2dadba55ecf,9.292230549219407e-05,9.811061541908063e-05,9.90056475116448e-05,9.074904532595114e-05,9.526437344519714e-05,9.643774995181178e-05
79,a5e5e51187d4476841503ce816924ea99936dba0,9.274768093839669e-05,9.667332308877886e-05,9.875358254821212e-05,9.106834503737362e-05,9.528729256934825e-05,9.612280430387606e-05
80,b69cf68a24cffea0a884a102da1797755de8f022,9.266882288185033e-05,9.678319717446963e-05,9.905453771352768e-05,9.087243845232395e-05,9.54026822000742e-05,9.594469641645749e-05
81,ee3e17a7c3e3efdeafe907b394de56aed01a70e0,9.266170673072338e-05,9.723052069127004e-05,9.878788312727755e-05,9.091222689540919e-05,9.589736265215007e-05,9.643001143227925e-05
82,c71ce0e6dbd9ec67b3ac7fb5ac3eb609f8a56829,9.263584982942451e-05,9.77415337481282e-05,9.884483773599972e-05,9.053265137120713e-05,9.537111883136359e-05,9.616789069365371e-05
83,0ce156413feb21a4f2a8eae3b1cd954d04240edd,9.274129671129313e-05,9.750158272006296e-05,9.930691742729918e-05,9.080539034171538e-05,9.598499587313696e-05,9.659892371432348e-05
84,7e3fd81c039b0e22715c4e6eb63439bdf5a620bf,9.281873195008799e-05,9.695656004954467e-05,9.900405226896206e-05,9.067617125870768e-05,9.570006196471778e-05,9.63836485012011e-05
85,a6b4b2bdd6baf2afde27284097426e93912452e9,9.310768324543129e-05,9.722006930546327e-05,9.897662411359224e-05,9.068965234539726e-05,9.568763727491552e-05,9.628520347177983e-05
86,c8a5ff07e5bda47eab870671634b107da5ab7934,9.317381138151342e-05,9.74814033257627e-05,9.940309788693082e-05,9.091098962182349e-05,9.599669667130167e-05,9.664637883278457e-05
87,fafd123410f1ad5c47341c66d8ea4cf541165e77,9.263606996021487e-05,9.702371687374332e-05,9.885581016962258e-05,9.042990955808931e-05,9.52799931507219e-05,9.609669954939322e-05
88,9765987c2ade250c82bfeaba49d1f9301211d63a,9.270458143543113e-05,9.739832412973743e-05,9.915499778633768e-05,9.073974364552615e-05,9.579703381115741e-05,9.641978805038062e-05
89,dbf37449935bced333a3999afa860aaf304ab1a1,9.26328907636079e-05,9.749292988668788e-05,9.907823140648279e-05,9.076493707570164e-05,9.589383209293538e-05,9.652232243256136e-05
90,e1863f3582e3e8870205f8a9d1ed1cef1bf536b4,9.324772452766244e-05,9.742641769763496e-05,9.972008622505448e-05,9.103643453933976e-05,9.577813642946156e-05,9.697343392128295e-05
91,70f4309a155808d3a60a9a71db2d9482c1ec3ad7,0.00012003955304283987,0.00012405011379583317,0.00012571845463542052,9.059201741267828e-05,9.569960476999933e-05,9.62071671065959e-05
92,bb6b86e2afe88b371badfcefe298945002e47006,0.00012004074847532643,0.00012620852794498205,0.00012626599363354315,9.079844775525007e-05,9.648825719275257e-05,9.754243391481313e-05
93,5c3762157a0cd7a6a036a2144a5fbfc5278a919d,9.268272075463424e-05,9.703051129525358e-05,9.902114758179302e-05,9.097782741031372e-05,9.570915082638914e-05,9.663276035677303e-05
94,e0ffe3572b37190d9da5b1d07057e4e038bd3197,9.351410818370906e-05,9.687138213352724e-05,9.882320565256206e-05,9.102993529320748e-05,9.591598487035795e-05,9.659321724691175e-05
95,cfb6a4d88d88307d507a86d1d70cd7d84c611406,9.328814392740076e-05,9.710903448814695e-05,9.896267120811073e-05,9.082299695650409e-05,9.562921951766367e-05,9.613870219750837e-05
96,1c9bd177c44fa9c4914b3e8d6be7aee62a0f601f,9.209043346345425e-05,9.623823094774377e-05,9.830135451716797e-05,0.00011424618044301219,0.0001185946773899638,0.00011879707185121684
97,ce82028409c1147a6df62d8f7437e0a9262ee2b7,9.331829761239616e-05,9.820411743765527e-05,0.00010216945762901256,9.094130417162721e-05,9.924289347095923e-05,9.769262661310759e-05
98,caa27a907ed9dc65ace7c1a14954ae6b75b086d8,9.18853943320838e-05,9.700439193032005e-05,9.865991613072044e-05,9.003953915859056e-05,9.523223323578184e-05,9.615098718892444e-05
99,f5f845b7bd0b737740e419826698ab4a9e61564d,9.266556325283917e-05,9.706466120075095e-05,9.88292380828749e-05,9.022116245440215e-05,9.559367106042125e-05,9.613819420337678e-05
100,9c28deb7d838b6e0c171d54bb6a2a8e5498c9a5c,9.444747120141983e-05,9.918804370010129e-05,0.00010111798931445394,9.228041903539138e-05,9.753427222230525e-05,9.808825137459228e-05
101,7d0430be0712f0a02102c8637da7741eb3b948bb,9.241486814889041e-05,9.740605865689841e-05,9.916964918375016e-05,9.0015821220461e-05,9.587170894850384e-05,9.654926728795875e-05
102,a31071b0b4c8a6f5cb5999b6e04f5ba6057fd546,9.216049008748748e-05,9.707005440511487e-05,9.850766685492588e-05,8.98299838824213e-05,9.51875720850446e-05,9.613906625996936e-05
103,7f6895cd7eaf814d99ca7438857b17d95a21a2a0,9.22877426174554e-05,9.69288997690786e-05,9.852558565891792e-05,9.008030953609254e-05,9.536537849767642e-05,9.60230827331543e-05
104,43c73d4871e78a857470b799e9f481b78e9b1d1d,9.215471588752486e-05,9.694788165671644e-05,9.85880128361962e-05,8.982473076128762e-05,9.549618698656559e-05,9.602261707186699e-05
105,504fd7b2eedb90dd3aa0b326ac8c3120118b5f2d,9.21997707337141e-05,9.692482311617244e-05,9.865199893035673e-05,9.018634176574463e-05,9.52702946960926e-05,9.611845863136378e-05
106,eb66994093be5b57324580cf389b0ec1b41e9e1f,9.199953638017178e-05,9.661445963299937e-05,9.857509708540006e-05,8.985673054313857e-05,9.532120840793307e-05,9.601393883878535e-05
107,8bb6d8245e813d6ee026ac90310d19f3d10edf5d,9.219998663122003e-05,9.687993760136041e-05,9.876544248651375e-05,9.013485348175379e-05,9.542063979262656e-05,9.624946185133674e-05
108,a481a044c8cbd679ca736341056314ffd71d54a4,9.220278483222831e-05,9.669643757795847e-05,9.840467352081429e-05,8.982860229232094e-05,9.516457265073603e-05,9.591537104411559e-05
109,717df4e93234a1a290aa1b472b5c1c4e600009cd,9.270235896110534e-05,9.704995641691817e-05,9.875943122262303e-05,9.015138253323302e-05,9.50604338537563e-05,9.622310383993889e-05
110,610433b03ef720c8bec7dbf7573a6abe4f913031,9.213491681624542e-05,9.670872504840482e-05,9.862402946038065e-05,9.01130713091409e-05,9.516254914077846e-05,9.592263112691315e-05
111,1b8b46b3f2f68f5be8e52e798eb91c2ac5952745,9.475358423184264e-05,9.949355526774559e-05,0.00010093196989128403,9.249379350380464e-05,9.73955417672793e-05,9.855432609949156e-05
112,31647f1b3e56c2f2a471cd2c3a583311534173f8,9.244538166306235e-05,9.707913056693294e-05,9.856511045385291e-05,9.013735111956754e-05,9.531308896839618e-05,9.601207196035169e-05
113,d4f7d9e215773e979eb43a1e5a3cbb51f96bd09d,9.235709228298881e-05,9.642433459785852e-05,9.870625270361251e-05,9.022919030105773e-05,9.520320983772928e-05,9.617139161987738e-05
114,555b3d8e10745bed72e25e70465ac447009fa8d2,9.438943710516799e-05,9.925267659127712e-05,0.00010113957422700795,9.205284690068773e-05,9.764487093145196e-05,9.980832057243044e-05
115,72a8368962fd1365d480a88a1c84a1aae243dd6a,9.22936565158042e-05,9.674037468026985e-05,9.84239476648244e-05,9.035602335102302e-05,9.512827223674817e-05,9.584839201786302e-05
116,0f63c5ef0e9789fd18a676a750c43d3d69211324,9.24998132342642e-05,9.672129950062796e-05,0.00010001417423520132,9.398930908545203e-05,9.770147841085087e-05,9.741688604062458e-05
117,c4ae3ce646c4dd9a12669b379a40287e3c5955bd,9.225814772600478e-05,9.688156318258157e-05,9.84585391374949e-05,9.008240693610562e-05,9.525738741186532e-05,9.608434682542627e-05
118,444f696f69c98208aab00ecbcec7dfd1689da9fb,9.183895943517035e-05,9.673461741344495e-05,9.840126325077606e-05,8.956846765807418e-05,9.537142786112699e-05,9.589489464732734e-05
119,da887a666ad975ece7fb7465005aa99c0ddef8d2,9.449539198116822e-05,9.91184687749906e-05,0.0001007141763013657,9.228820981811886e-05,9.736959314481779e-05,9.804342619397423e-05
120,10eeabee267e17c042bd1ff991823b16c85ed563,9.459993294016881e-05,9.925718503919515e-05,0.00010087198408489876,9.396202354268594e-05,9.732401337135923e-05,9.994682093912905e-05
121,5363cfa7d07641e84fbb5f21a217018c9b55b2fa,9.259487163614143e-05,9.675502184439789e-05,9.868060746653513e-05,9.042967480322546e-05,9.58255703815005e-05,9.615243497219952e-05
122,73fe877ff967f279d470b81ad447b9f3056c1335,9.221429936587811e-05,9.683474729006941e-05,9.830596083599441e-05,9.026537718605404e-05,9.475540454414758e-05,9.558111937208609e-05
123,3dbf5ce5fdbc996e8abb6929a219689cf8c18e69,9.248543700033968e-05,9.657406163486567e-05,9.865566618113875e-05,9.027328957949788e-05,9.513744999739256e-05,9.572508490898393e-05
124,2facd1966c379d20a9b15a62a054ee77f74613bb,9.488751265135679e-05,9.947558337787413e-05,0.00010130347772723153,9.402339770035311e-05,9.757105615876971e-05,9.906001354533214e-05
125,fde2e536a1c1a1ba90727958f0b6da34fa53db1f,9.209411642090841e-05,9.644285521724007e-05,9.86372417008335e-05,9.006116739358785e-05,9.506870145824822e-05,9.607454677197067e-05
126,49e026df832a691638786774708c8ccece6e41c1,9.222679178823125e-05,9.679557169201198e-05,9.837371551177718e-05,8.996625715666566e-05,9.53128519044681e-05,9.595533566815512e-05
127,e4c78e3c0c06576be6cb12354730018b765c627a,9.428123858841983e-05,0.00010096862996843728,0.00010325488295744766,9.435465297669418e-05,9.753408587791703e-05,9.830554269931534e-05
128,09d5b2f8ad8a04eed93b6bc4789c4595bd33c2f2,9.190107018432835e-05,9.656957858665423e-05,9.855202390490292e-05,8.986880694908543e-05,9.51335553757169e-05,9.572306139902636e-05
129,a190258d4e90f2a17a9469e5dd9fb5f4b045aa90,9.207560850138015e-05,9.685895744372498e-05,9.864663959226824e-05,8.997070980219801e-05,9.547166356986219e-05,9.58935653960163e-05
130,d0f19a2d633b12119909b7c9205a8c8932ebbd51,9.239015000110323e-05,9.713253768330271e-05,9.867201893115944e-05,9.038318179486211e-05,9.529168548231775e-05,9.586936794221401e-05
131,e745a19cb0ea9af0fd252a4625ec793130f87414,9.200812148099595e-05,9.670326994224029e-05,9.86792015368646e-05,9.010337708779603e-05,9.507940320128744e-05,9.609521789984271e-05
132,662f973ba58563b268d009e67806aa1150ca1cb2,9.254950776018879e-05,9.682756003544287e-05,9.879676879129626e-05,9.03331405244583e-05,9.539453312754632e-05,9.618502841374584e-05
133,9054ae60ee6989743f3cebfd7faf4f38c0e24756,9.211270900612528e-05,9.646289119565929e-05,9.850479069758544e-05,9.043581691408945e-05,9.523501873693683e-05,9.61281486194242e-05
134,5c7002926ec8ad12785b36024f9da80b7017ad1c,9.209680455652151e-05,9.672610427845609e-05,9.852811186151071e-05,9.0436186364367e-05,9.547392837703229e-05,9.604287333786488e-05
135,bf4ac1f81defc727165da4ae5bfea198c75e82f7,9.250885976309125e-05,9.705719368701633e-05,9.871570562774485e-05,9.046379892417222e-05,9.530458429997618e-05,9.62468372149901e-05
136,59a2c17a7851b4cd88d2631654d5fe5d50f0ba11,9.208363480865956e-05,9.680516086518764e-05,9.870620190419933e-05,9.022211301917872e-05,9.513197636062449e-05,9.609628045423465e-05
137,2908338b19c26c043eab61c2af7bdff96b02b1bc,9.225381284274839e-05,9.680204352156984e-05,9.855303320695054e-05,9.062641862133318e-05,9.556884308242136e-05,9.65037594803355e-05
138,af8e67c4fd368bae710b01f32611b10dfab02b61,9.21539327299053e-05,9.673311036418784e-05,9.935199791057543e-05,9.032909966204777e-05,9.557609532580332e-05,9.635805829682134e-05
139,da54e54cb7dac1c745bc2378769d192eb0dded5b,9.671570733189584e-05,9.935408068651503e-05,0.00010214936254279955,9.26995353603905e-05,9.895435280420564e-05,9.911994587768008e-05
140,9c63473c30b773dcab7adf699e1bd5dfcbb46e9b,9.194446134973657e-05,9.644799442453818e-05,9.871503676880489e-05,9.003879256115472e-05,9.504731913859194e-05,9.60151707245545e-05
141,cafda248a5856a6424324929c1708ea8048d89d6,9.203789417039265e-05,9.667514823377132e-05,9.834325703030283e-05,9.003633725618529e-05,9.504807689650493e-05,9.592301635579628e-05
142,a56fe3b1b3fd358329736dee1edb0ad24eadfce6,9.265547533604231e-05,9.672543965280055e-05,9.873468767512928e-05,9.068382965508572e-05,9.553814730183645e-05,9.630632756108588e-05
143,09416c2934a5f592970e1d97c0298924eed009f6,9.230435825884341e-05,9.707779708233746e-05,9.852721863849597e-05,9.046075095938257e-05,9.547142650593411e-05,9.639710187911988e-05
144,efaf210f7128f32e6d3d193f79ccc6b43ff8c006,9.28963449868289e-05,9.734451093456962e-05,9.87471081316471e-05,9.023895764277001e-05,9.550630030306904e-05,9.633594785224308e-05
145,54232c06e1bc9c2ffdea8a3c2f74dd1f6b064878,9.220416488295252e-05,9.71783333542672e-05,9.872563148163399e-05,9.040314365517008e-05,9.522170929068868e-05,9.618829935789108e-05
146,f10da39336097fca740dd1c407939eb9c6c4ca3e,9.210312061689116e-05,9.658711285076358e-05,9.83398323031989e-05,9.052254151830003e-05,9.54184088517319e-05,9.620854292403567e-05
147,72be9ca10b5391fc036c4cd61830e168712b51ea,9.222718971696768e-05,9.654723107814789e-05,9.885300374166533e-05,9.065123721341457e-05,9.568458084355701e-05,9.655798526687754e-05
148,b91f3c00ee113596acd3e508a593187258291f61,9.221798655661669e-05,9.683365106721904e-05,9.854221293194727e-05,9.029914725048482e-05,9.525907225906848e-05,9.618663991039449e-05
149,33273e4ae770cac1ee0cb304ad5a0056bb59ad56,9.237084199081768e-05,9.650785306637938e-05,9.892353872683915e-05,9.047224240239001e-05,9.556190026077358e-05,9.612482125786217e-05
150,bec2b07db5c999721d2d2c10334f3afe78aaadd9,9.318542751398954e-05,9.68310304663398e-05,9.846404901947135e-05,9.011397954107315e-05,9.540280496532266e-05,9.617656892673535e-05
151,bb54de4905b2ff127fc8b907a5c284e0cf9f8d65,9.219923733987592e-05,9.651811031455343e-05,9.838862090625545e-05,9.006376893929213e-05,9.51111697676507e-05,9.57223502072421e-05
152,2fc0786c175d9dba4526caa425224792d556d116,9.440981613641436e-05,9.893917647952383e-05,9.868945503099398e-05,9.202209016508308e-05,9.788218039003286e-05,9.635854512453079e-05
153,38ca158ad2c8d07bec2d844686eb993e1ba03f38,9.224417365410112e-05,9.647613199793289e-05,9.83696473254399e-05,9.024896743622693e-05,9.526730176400054e-05,9.584055644356542e-05
154,d3653bc6be7a655c2322b2d95f6209626e438171,9.194521064108068e-05,9.623072110116483e-05,9.83766745775938e-05,9.037877917905484e-05,9.574944746087899e-05,9.680586359040304e-05
155,3f04a32ffab73d218ac48f061b7b0d3112b3451c,9.196118705651977e-05,9.641025615769012e-05,9.836972775784407e-05,8.988845708572175e-05,9.55415635623715e-05,9.62491612881422e-05
156,e5875457faf3202c3530f33387341529a2715a7d,9.202287447723475e-05,9.657314301214436e-05,9.824375791305846e-05,9.00288883474518e-05,9.515674954110926e-05,9.593729522417891e-05
157,04b58d3ffbd2c8d30c36ae6ed6366f1069136c43,9.222406978634271e-05,9.685599124404016e-05,9.858477014032277e-05,9.012804559070217e-05,9.543369100852445e-05,9.616618891331282e-05
158,223ccea5ca2323ea011138a0aeecfe1bf2ce63b4,9.210220622745427e-05,9.656624275852334e-05,9.835806082595478e-05,8.995868342597622e-05,9.50587151402777e-05,9.598478844219987e-05
159,bfc7e4347f9b999712768ef7ca8bb3cd0e17dc63,9.24480359324e-05,9.737658229741182e-05,9.86542468043891e-05,9.00377342400472e-05,9.528062814338641e-05,9.609535336494446e-05
160,e2f946aca446d3690e154e191fd22d7002341e57,9.208509105850351e-05,9.650143437853483e-05,9.851690212433987e-05,9.007445605825787e-05,9.521163407374512e-05,9.582946923646061e-05
161,6a9db2e5941bd0b7552103409141d7b5ee9f0d58,9.211290797049348e-05,9.632267540803663e-05,9.833809665658256e-05,8.991454560004298e-05,9.493256326426159e-05,9.583987464958972e-05
162,d9dee6a6b95c3fea8747e591ef1f44f36445f70c,9.236930530856957e-05,9.671822613613172e-05,9.827992568413416e-05,8.97442483273912e-05,9.488876147026366e-05,9.631188586354256e-05
163,8e1ca2754ca5bb4fc9613b2c2f8b7ee1db0019e9,9.2072408138351e-05,9.672525762157007e-05,9.849941442635927e-05,8.997585901544114e-05,9.513462639667772e-05,9.580130942843177e-05
164,c90cb814567b4f798e884b773fe96e42d8aa63de,9.211512621153484e-05,9.743337928552493e-05,9.888126938180491e-05,9.040357468049389e-05,9.594993157820268e-05,9.682860479436138e-05
165,af51d6615c37f43b6d842b72a4b02dc14e024f3e,9.222962385551495e-05,9.699946015395901e-05,9.842604588441275e-05,9.025073771880678e-05,9.506884115663441e-05,9.600034152919596e-05
166,11141c45c21c85eea0ff1bd4054e314163b448d6,9.24366187642921e-05,9.731040336191654e-05,9.890206439315148e-05,9.025628716985056e-05,9.546493264761839e-05,9.592785076661543e-05
167,8ef114b9c98ca5a04b67fb072ff4a0f5a06de894,9.231906892223792e-05,9.646561762718397e-05,9.827046147124335e-05,9.021031754938039e-05,9.502658451145346e-05,9.5889950171113e-05
168,6d47dd75103b1cf90403877c091c1b6b1800c3ff,9.25342891026627e-05,9.680897928774357e-05,9.872788949957434e-05,9.0475401971951e-05,9.596308862621134e-05,9.618934921242975e-05
169,fd996225c5f712e7fc4e301c6e698a8a10854dd9,9.211557917296887e-05,9.644476442851804e-05,9.834593669934706e-05,8.996354785463041e-05,9.500963867387988e-05,9.564682417972521e-05
170,11a8f8d7dba0eb7b0bc31f74bec659e2e497abfd,9.249737062914804e-05,9.664595550434156e-05,9.827526624907147e-05,9.028876030986959e-05,9.545122103934939e-05,9.597867557948285e-05
171,2863c52c9d8e28cd33973e97be492e30c6e1e1eb,9.210376407612454e-05,9.657534855333241e-05,9.840982313328815e-05,9.012543634811708e-05,9.517418643967672e-05,9.601806629110466e-05
172,872373b030eb6c181ab7f29c0928ccd8b0f74528,9.211788631298325e-05,9.680258702825416e-05,9.839582212624095e-05,9.004190979787141e-05,9.523534046655352e-05,9.618212299590762e-05
173,7a4e602a1f9e39ec3662e21a12c35c6df0cf9295,9.23266549679366e-05,9.806352159516377e-05,9.923410453946791e-05,9.03177890957387e-05,9.60062892938202e-05,9.638816118240356e-05
174,b74ee9ff8f0c3be41dfbd1bd5a10f54e67c40f39,9.275226938453587e-05,9.677339006553996e-05,9.843689073228611e-05,9.043057918671734e-05,9.553400291637942e-05,9.607054631818425e-05
175,f42b5a01c8e82dee90d08fd470a16b2fe957fa14,9.221260181882166e-05,9.65498514812101e-05,9.859447706152093e-05,9.037945265612326e-05,9.512891146269711e-05,9.57575457339937e-05
176,b969f8c9a2178bec235d6c47db3e7cd68c5d39c1,9.267849170348862e-05,9.690384295853702e-05,9.824868968941949e-05,9.019383467918584e-05,9.476214816624468e-05,9.584647010673177e-05
177,9772bea95f3d079c2b59107ddd9731602b5edde0,9.212767366658558e-05,9.692188521677797e-05,9.828612039035017e-05,9.037558112508994e-05,9.53433019193736e-05,9.603149850260128e-05
178,c922e983b4048a8710871c9394cc5ad6c4a8be2c,9.3154041943225e-05,9.867028954128423e-05,9.973646056922999e-05,9.133161838389625e-05,9.640579704533924e-05,9.747451509941708e-05
179,5de64de6dbdf89b1bd8828c59393c4239364755a,9.22170298343355e-05,9.637319965770951e-05,9.834059429439631e-05,8.999447007317188e-05,9.503155438737436e-05,9.591382166201419e-05
180,11c2c1e4fcd131154d7aaf8bf25bd779bf67ce35,9.227384051138706e-05,9.623748165639964e-05,9.833885864777997e-05,9.007561059037516e-05,9.482805193825202e-05,9.575047614899549e-05
181,48808e1a6a775283b2d482d65f93390ddeb534af,9.223721413449809e-05,9.65989279476079e-05,9.834595790533262e-05,9.023234217373792e-05,9.51223922046748e-05,9.597556834871118e-05
182,4ed05c3143eacd88a88d73e8e31d64578b7a9bfd,9.191688996824352e-05,9.662534971282167e-05,9.81840728358789e-05,8.989128568940911e-05,9.501872753555124e-05,9.621935473247008e-05
183,aca2d10c79c4d86d60eba1111272679471540f57,9.185654873197729e-05,9.742393848244791e-05,9.828367758364904e-05,9.007438678633083e-05,9.492216631770133e-05,9.605098007754846e-05
184,de8bb00dbf007b65095e858ff2490b8df39b9047,9.298023175109517e-05,9.705216031182896e-05,9.83367578309273e-05,9.021058309176737e-05,9.492702612822706e-05,9.58789393983104e-05
185,f55f5d45518c2f83271330041b982e55dcd6bbf9,9.241470728408206e-05,9.66359522532333e-05,9.841155957117259e-05,9.049753820107988e-05,9.490114382722161e-05,9.589903903278437e-05
186,d5b6b41bcff0bd85e34f1f4afb6130fdec72ec7b,9.220790287310426e-05,9.669703209684008e-05,9.844574907963926e-05,9.006516592315405e-05,9.517210789702156e-05,9.597498415545984e-05
187,f103c9e9d5f4af6b7ed5ee93dfe76bcfc36da0d8,9.234076873822645e-05,9.71366194480995e-05,9.819797494194725e-05,8.991613122057324e-05,9.501765228130601e-05,9.575586088679053e-05
188,2d6c55528956e2f9233364657bc865eb57603514,9.214724837379023e-05,9.656407108361071e-05,9.820697324298253e-05,8.99044165680231e-05,9.512019936334003e-05,9.580949660051953e-05
189,ada2724f71a1ed479fa080f51623f2cc6ba07a46,9.58157279952006e-05,9.708841131112286e-05,9.834378619085659e-05,9.024640206586231e-05,9.534006769006904e-05,9.550209241834554e-05
190,ed222954f9595510257e207e6d289f15f100ace0,9.20334407551722e-05,9.635016322135925e-05,9.858463760291304e-05,8.98921862244606e-05,9.520585564049808e-05,9.597940370440484e-05
191,c03d892ece761aa17f7452d78a21c76afd5c6c8a,9.267228570851414e-05,9.648019278591329e-05,9.822006398272292e-05,9.016351666578577e-05,9.496745399453424e-05,9.582728486169469e-05
192,ac7676930a8ea25502c2856fa364c0cef0913ae3,9.214892475442452e-05,9.669934477761527e-05,9.82244075699286e-05,9.009215888405635e-05,9.519883685491301e-05,9.591380472887646e-05
193,5cf29978851d7ca7f81fc5d8f5b5089d22b535c5,9.24392518672076e-05,9.677041829987007e-05,9.859152646227317e-05,9.004336835677959e-05,9.516698562286118e-05,9.599863974885507e-05
194,fd07632dda668ffcc38985576a6595d33edbf03a,9.240252389149232e-05,9.708508679812604e-05,9.857324714010412e-05,9.01214224247893e-05,9.528909894553097e-05,9.589562333136235e-05
195,b4491833d636344ef295f1609bcf4742c1d94d10,9.209785441106015e-05,9.630893783591619e-05,9.800116667180387e-05,9.001836119111904e-05,9.512575343251228e-05,9.604744951833378e-05
196,80ffa42124541d5a82f5af67375f14efcf548110,9.277763522484085e-05,9.64954834092747e-05,9.818068620833484e-05,8.998041556886405e-05,9.492721239274198e-05,9.573384780775418e-05
197,78cf92c19a7cfe9a07b970a2156d177a9ba627b0,9.228500791571358e-05,9.646138853647492e-05,9.835946627638557e-05,9.01214224247893e-05,9.561687369238247e-05,9.589300236918709e-05
198,6c141d0663e2d0da30cf601c5726cbc44830d15f,9.216459637338464e-05,9.665324945341457e-05,9.875279766592113e-05,9.035235963577082e-05,9.512834420258348e-05,9.590913964943452e-05
199,3efd3af3305698e8e0b0efed2ad653eaf1c35b4e,9.213324466889554e-05,9.636536917903206e-05,9.80771231380376e-05,9.012096061194238e-05,9.457091377540068e-05,9.56867059523409e-05
200,fa2b3b83c106d28ef280f271086d47482f21315d,9.216404604640873e-05,9.670367633754558e-05,9.830428118055517e-05,9.010164913806048e-05,9.493455290794372e-05,9.581403468142856e-05
201,9f12028b9453c17b72b26355fd503e512af96a5d,9.21747393228791e-05,9.666670283133333e-05,9.814646433700215e-05,9.003409361543734e-05,9.510972621766004e-05,9.566644545305858e-05
202,d3763198673ffc1092539041b8bd23134ae22bee,9.219495748931711e-05,9.668889370831576e-05,9.849107030917098e-05,9.006248740864194e-05,9.541893377900123e-05,9.601449763233011e-05
203,0a1bd4ead41b1fdfb53142097b5e08555f280545,9.20032151043415e-05,9.646323274507701e-05,9.825870564038103e-05,8.997947654940865e-05,9.527825327082114e-05,9.59951261227781e-05
204,2f466b31820b6af40c3bc1ca3957682b6f20365a,9.236724369905211e-05,9.606429799036546e-05,9.780019860376011e-05,8.99620200237952e-05,9.471114555543119e-05,9.551900015635924e-05
205,2b7be2005f3d74141f9f8e83be603be0ddbe7046,9.24757258458571e-05,9.68193466013128e-05,9.83196310698986e-05,9.040482927206135e-05,9.503034366802736e-05,9.596070952036165e-05
206,6373ded2ed1403cc3ec40dc5d919b316a1b58e44,9.188633412122726e-05,9.632378782111186e-05,9.808302433653312e-05,9.017229110987719e-05,9.477257897908037e-05,9.539409286596558e-05
207,43598128a0f452f2d016bcdb9f52d2ca8b148b0c,9.1988474807956e-05,9.612298371004207e-05,9.786441596677003e-05,8.979489765137682e-05,9.46068289605054e-05,9.54498028890653e-05
208,61723384df3678b12a19439d1218f50554e1498d,9.240553799000654e-05,9.673846546899189e-05,9.847164831378243e-05,9.000046594330102e-05,9.496406736699017e-05,9.604766964912414e-05
209,32b564ade7ef22439b5f2b9c11aa4c63f0ecd6fd,9.218717671253464e-05,9.677457538518038e-05,9.826262969346274e-05,9.020328644878608e-05,9.485727006738835e-05,9.600634432651781e-05
210,cba30dbc4012f0968e25d4da3b48f3d9d745aa00,9.226439182053912e-05,9.63389365510507e-05,9.852113540876996e-05,9.015526560958751e-05,9.574673392555931e-05,9.614569558338685e-05
211,40dec6d12d70de265e605046675f2e62f6676344,9.212294085459276e-05,9.662524204362522e-05,9.849605743180622e-05,9.01257711624311e-05,9.525555439970711e-05,9.611116044900634e-05
212,b666225ca3e7a7e2d0121554424b0b39d9412c4f,9.18998552316969e-05,9.686882522973147e-05,9.861916134303267e-05,8.996795431887807e-05,9.522240778261965e-05,9.610214355317028e-05
213,8742209a1fbe9f35cdeead79f12e0029d3776992,9.24541445618326e-05,9.700755842707374e-05,9.87437130375342e-05,9.050114034128584e-05,9.531706402247602e-05,9.611804314233639e-05
214,3e2406a51845dbefd696d596fd2e0961b92ed09a,9.22853211787614e-05,9.827017439184365e-05,9.865427220409566e-05,9.023592892018232e-05,9.544508701021021e-05,9.637454693967645e-05
215,95d73525a7e0a42c49cb2bb46e6b701168948e29,9.211742629607518e-05,9.692797267978841e-05,9.829442609440197e-05,9.001338130925313e-05,9.510870176282797e-05,9.58569347858429e-05
216,ce78e8c55b7729e79f87e4e67b85e9d6f03f001a,9.246776727112857e-05,9.706773879853161e-05,9.865599938414313e-05,9.029460993926388e-05,9.540051899173044e-05,9.645387022332711e-05
217,abe26c2e3e3bce8227af75fbaf7ab7e36a9cd1cb,9.228867394003001e-05,9.814279878305065e-05,9.871634908697823e-05,9.010099490319402e-05,9.557726708325472e-05,9.632704102180221e-05
218,8eff1f6a2fed8d9df52750271f4e07dc4ea5e1bf,9.263237430290743e-05,9.726054797118359e-05,9.890585629777476e-05,8.995657832908235e-05,9.583849459886551e-05,9.630762764977085e-05
219,d7d9d7ba33d6486dff1a8cc1c55ed542e0bfb47e,9.266773069446736e-05,9.717975150455128e-05,9.903349828991023e-05,9.017018216454293e-05,9.56205357969911e-05,9.608208625154062e-05
220,7b085eac10d08c49453541a896297f42f09ddfe7,9.18921675871719e-05,9.64177857068452e-05,9.820973500609397e-05,9.007952830269317e-05,9.49007204987786e-05,9.59013673392209e-05
221,5c15cc3d76d171f07f9809a14a0dffd5ab37e599,9.207711131735282e-05,9.675869700786108e-05,9.8560784350742e-05,9.002482657097588e-05,9.525691751729358e-05,9.608874944123355e-05
222,2bdecde364f133ce94b7f9271a6d34a8fb5cae86,9.250272573395209e-05,9.66113145378503e-05,9.822475469925188e-05,9.003935828189219e-05,9.505717422474515e-05,9.590027515183795e-05
223,3f3e6045d594e28cd1953de9353b9f7cc103386f,9.275861931118099e-05,9.713606494996283e-05,9.847279130057856e-05,9.011231701482426e-05,9.533341296694495e-05,9.596440941095352e-05
224,3823775ca779f5470b46c24d141fd483fee931d5,9.244557639414614e-05,9.680592708966948e-05,9.86955831495096e-05,9.03823774708204e-05,9.565081616694277e-05,9.625700556419113e-05
225,f6a71feac4ac1623c8cd69dea5a560fe1e9af00d,9.222895076329058e-05,9.711758148941127e-05,9.82773405584422e-05,9.011959826404399e-05,9.521650658412414e-05,9.580511091784997e-05
226,0316d19de1f5ba05e8409fda83ffeddf59ffc76d,9.304242716594175e-05,9.67477387356981e-05,9.854609485376964e-05,9.017165996565306e-05,9.54501415518197e-05,9.624373845078729e-05
227,1900913b4c226e4cb49ab466671ed56bccb3f700,9.211970662528818e-05,9.719510139389471e-05,9.96859066865661e-05,9.008452357832066e-05,9.563897143710743e-05,9.616399183869362e-05
228,00f6ddb9881a9587c915b3db00fa6e99bd025bf3,9.22002067620104e-05,9.601344777779145e-05,9.819437862835198e-05,8.989006958224556e-05,9.51433808288791e-05,9.58612442693927e-05
229,7b0653cdd0d0a5ddcda061ee2eaf247f6303bc1e,9.505377066406337e-05,9.707317069590649e-05,9.844775929629247e-05,8.990711817317759e-05,9.599556638435884e-05,9.62792481813166e-05
230,26e0003573463d0c5ca6c07289cd5151b4dba3b2,9.232757782394235e-05,9.672141379930756e-05,9.804807434027845e-05,8.984259522158252e-05,9.580596604130485e-05,9.584333747625351e-05
231,6d8956e46026b68a4c2a50f1aab0c4f36a46053d,9.261570362882181e-05,9.699933738871054e-05,9.922387755729935e-05,9.026400714127485e-05,9.589160538532517e-05,9.662078016183594e-05
232,871009f6415a2f588230e2e36bc9dbe751698ee1,9.251985360275616e-05,9.84670679000291e-05,9.885236237929245e-05,9.040215845443e-05,9.529372169212862e-05,9.666944599964403e-05
233,01c9bfe4f48d23ec2d2db50ffc58d6e5e42cbe93,9.234760125929658e-05,9.675944562662731e-05,9.855011647397822e-05,8.98599516877458e-05,9.494562718001279e-05,9.595265781337565e-05
234,5ca0ef6272ef3eabe2feb4049b7cb05a52516495,9.22132706777616e-05,9.70717605755285e-05,9.860452440268589e-05,9.010425838064556e-05,9.548194982387401e-05,9.629023684696718e-05
235,fc2fe480f42e78c23a1cb1c8088bc1148784e16c,9.269920939748938e-05,9.719472886486487e-05,9.909543124112216e-05,9.047850381490612e-05,9.526780648332722e-05,9.611014446074312e-05
236,e1ec9e868bf03ec4284b9a5fb291418983b3a4fb,9.28096134554256e-05,9.716733104803345e-05,9.854318235408177e-05,9.042307857639533e-05,9.565797041762959e-05,9.607086804780092e-05
237,a5dc2b5b917fc50575e10bbe139a0c78e43a1c1c,9.21279445967891e-05,9.639186107299544e-05,9.858029979196462e-05,9.00162060645001e-05,9.54027795656161e-05,9.614115750247782e-05
238,7dcd29aaafe1ab8be4be04d3c793e5bcaf17459f,9.184357794848355e-05,9.64839149404455e-05,9.829823605038903e-05,8.985924357471387e-05,9.522613307291812e-05,9.585736767837295e-05
239,7a18e4ac4f0b9f0933a190ac25cd75729bcdd146,9.197205813093619e-05,9.695007889108225e-05,0.00010336802603260986,9.011517255759437e-05,9.507879784161394e-05,9.618390520865267e-05
240,17e3ef963a039b8312af119e300a9e68a37e568c,9.340249340642582e-05,9.74348746240139e-05,9.864389219067313e-05,9.011399493483472e-05,9.523710574616085e-05,9.598285806449976e-05
241,67ddfd05d65cb1f106504bb92978cc94bcec8612,9.214997460896318e-05,9.69448211518201e-05,9.841314432295887e-05,9.032479710569067e-05,9.56947576593269e-05,9.625816548412496e-05
242,ba4eab8681a12863269e5159910cbaeb06517ef9,9.230199185284702e-05,9.641462767666036e-05,9.797265414487232e-05,8.98380848494443e-05,9.490910020691377e-05,9.575823999264024e-05
243,9fd5ca55cc8c76759927831f44a98e2c65ea73d1,9.233375841921027e-05,9.661574334463226e-05,9.858220476995815e-05,9.057939452819587e-05,9.524810381911018e-05,9.614765982736241e-05
244,46e984e9f93774570b9d15288f3c24f5e0cae63e,9.23836857757785e-05,9.668801318515431e-05,9.844453836029227e-05,9.012754914189172e-05,9.535187855362892e-05,9.598234599387204e-05
245,002611249a38b45e691219567f7ecee4d1250b4b,9.218450974334371e-05,9.630177678032355e-05,9.794545105912469e-05,8.983355138666374e-05,9.476591578938744e-05,9.562439200553027e-05
246,e9070852051515395e0ae9bbe66f929111d59c41,9.261622855609114e-05,9.712516753510996e-05,9.862881119328517e-05,9.061165215555302e-05,9.559889916669239e-05,9.642616761001673e-05
247,06b995cae91b98778b78e5249129912b5372a959,9.221960367126898e-05,9.673293679952621e-05,9.928297420794313e-05,9.032505110275647e-05,9.548499841581691e-05,9.599688716910102e-05
248,6f65e1fc25f265ff36bdbfb3aa482f65fd84a684,9.225732223554091e-05,9.684467857534236e-05,9.893365726571216e-05,9.036205000867529e-05,9.557763961228457e-05,9.627335450866006e-05
249,dc35f0155a80e8ae1e3f146da9a717888a55f1c0,9.604134512218563e-05,9.901625188914211e-05,0.00010277777910232544,9.449227255279735e-05,9.767201475121758e-05,0.00010043045471387881
250,0eb9f54e5e466c8d7a76ae116712b368d045c7e0,9.216999804431743e-05,9.647911753166806e-05,9.827988329701699e-05,9.030369225858657e-05,9.50840132480318e-05,9.594850072806532e-05
251,740a8cf8c103e4e329021802af007295261b0da2,9.443033486604691e-05,0.00010061140748716536,0.00010294700954474655,9.216549382968383e-05,9.782844292068922e-05,0.0001004352497885812
252,02d6e9a4b4bae1eca7896fdba043575ef3aaf038,9.259242903102528e-05,9.693704037503763e-05,9.85733572054993e-05,8.992734557587253e-05,9.533552114259113e-05,9.596741504289886e-05
253,572d5a1dadb398d0b7d27468230f186f72987b3b,9.208160706541756e-05,9.686255996877496e-05,9.827309714578023e-05,9.00582002460464e-05,9.552408856424418e-05,9.598507630554112e-05
254,b126821abbf14c88f85646b3fa074d3466bf2dbf,9.219157932834192e-05,9.654708714647726e-05,9.822341854925508e-05,9.015200213213597e-05,9.509794922037557e-05,9.603780609640209e-05
255,60d46ea7bb53da9792ee03dc32341d51e4638960,9.622267895826587e-05,9.91429176146739e-05,9.883601395856766e-05,9.173047844289749e-05,9.803924088676771e-05,9.808987030916125e-05
256,a8f38c5f49f92be3897888d2b02cb734a2f32187,9.215066886760973e-05,9.726499276304687e-05,9.92354428903623e-05,9.039621646246635e-05,9.605852379040285e-05,9.654418311335825e-05
257,30678f57d5f4c68e4a0590fda104b32895a216b8,9.273332966999574e-05,9.694919836792079e-05,9.900812680522601e-05,9.038646451451561e-05,9.503373029557142e-05,9.608984162861651e-05
258,68e4d56eb9b539cccd582de7e7fb09c373d37609,9.30655916983431e-05,9.646134620363062e-05,9.81227240779183e-05,9.024038541415506e-05,9.555831043557687e-05,9.583009576255625e-05
259,6562324781f287cf07a4dc694fddb297e32d7ca8,9.20110974799503e-05,9.694959629665722e-05,9.834596209905364e-05,9.006040925083082e-05,9.558768942952156e-05,9.636083109812303e-05
260,d23d968fef1464407bcb1b28147dcfff133bced4,9.219709953123873e-05,9.66440039602193e-05,9.837724655023162e-05,9.031261294341285e-05,9.522670033303173e-05,9.586737406524744e-05
261,02d508c90a214e0aeaf78b4ad41a578e267dce12,9.213293140584772e-05,9.686314431881463e-05,9.847689758647572e-05,9.020009994014235e-05,9.587286886843768e-05,9.650949558073825e-05
262,eb4317d0a4c94b3f1454dca58c76caed8bbdc7e6,9.274863722649488e-05,9.705321254017198e-05,9.886030615730719e-05,9.031874735739606e-05,9.506457071337436e-05,9.620267862700066e-05
263,10e43ca5882a22de3ef9082ffce82c65c3261b8f,9.205340492454442e-05,9.692655876278878e-05,9.872919287193905e-05,8.996319764655484e-05,9.579256346279924e-05,9.665639901703055e-05
264,028bdf88e6c71a705d0c6bfd55d1117c7f44f6aa,9.215996516021816e-05,9.67826440253041e-05,9.837881238623098e-05,9.000321372974018e-05,9.501600130037828e-05,9.595853361216459e-05
265,9437402f1d60778cd723e6119044ef0510ef17c0,9.58993099629879e-05,0.00010100614592850766,0.00010199553022782008,9.349976581605997e-05,9.70095226710493e-05,9.837714713756684e-05
266,579ee2a137b5b4f8dcf70a7a548d6c4194e31257,9.250828826969321e-05,9.713360023769465e-05,9.862093085592443e-05,9.052410783353917e-05,9.550875560803847e-05,9.66473821211945e-05
267,b51b540285d4cf2af69976c1e3b285f7c21b46f7,9.200113232840191e-05,9.664928709918803e-05,9.846586564725096e-05,9.010740640488538e-05,9.550382806496187e-05,9.589401835745031e-05
268,98cb6bc8522b89ef308da40a26fa910fd1a17097,9.221458299593492e-05,9.656126018274915e-05,9.837387637658552e-05,9.02843653909431e-05,9.563124145973813e-05,9.608273817734284e-05
269,2eb2e93ef43618f01258c43f4e7024cb5e3fc173,9.1970737346194e-05,9.690367362715982e-05,9.847560220144012e-05,9.019793711664263e-05,9.53636724840511e-05,9.605976837602528e-05
270,a3881774f72499728ef05d2234ef62cfa3774076,9.219480509107763e-05,9.623684666373514e-05,9.88308533604415e-05,8.999600944932827e-05,9.684606741827268e-05,9.650725732061351e-05
271,c5f7feea27931f62ef31b071e7e10ce28d7baa16,9.259283542633056e-05,9.76886007596146e-05,9.890978734167116e-05,9.040870080309467e-05,9.565610777248036e-05,9.665685621174899e-05
272,a14c41264855e44ebd6187d7541b5b8d59bb32cb,9.291547096588394e-05,9.884404187852686e-05,9.907104910534119e-05,9.25827173328181e-05,9.763411556680998e-05,9.999100608055038e-05
273,d2b969d57ba162f0d19660e895ce94bc59638b72,9.251148016615347e-05,9.666614372421195e-05,9.860417551615022e-05,9.010020212447348e-05,9.523891759189693e-05,9.636579250747507e-05
274,7d3b555ca383a20dcf4618ce3e3d0392ad556b04,9.210242635824463e-05,9.656804190440611e-05,9.825802408158779e-05,9.02201580114601e-05,9.499440308321606e-05,9.565080770037392e-05
275,9a2a786ea3606d06e2372f88badc5802fd7e95b4,9.211744605140253e-05,9.677189148285173e-05,9.816835041750561e-05,9.003145358532913e-05,9.484072639183564e-05,9.567900984124703e-05
276,f9dd21e64584f6e821805daa450b8bc9f8ef3526,9.263251823457804e-05,9.652986614541574e-05,9.84148545698686e-05,9.050613561691332e-05,9.521301835775376e-05,9.579264812848784e-05
277,cefab37bfba72ae062a58be3c7bdbd59c2c4d309,9.257923811674119e-05,9.655953300270168e-05,9.843969548290426e-05,9.033083146022371e-05,9.558553892103109e-05,9.651996057342599e-05
278,1932e4bdc460975d8b35ae8351e037d26e5ee6f8,9.248898449269208e-05,9.638408029621297e-05,9.829963926436767e-05,9.012212284094045e-05,9.491420774297281e-05,9.583408351648937e-05
279,592b71c8cd10ef3cf9bccebb6c3ed0198f105484,9.217810901728543e-05,9.703417731957002e-05,9.869467467069626e-05,9.045214969510875e-05,9.548508308150551e-05,9.627612751154673e-05
280,e5f6012b9d59848d1b76e1b09982cbc67989572b,9.254271333867853e-05,9.670755402608352e-05,9.839925068345936e-05,9.024519596464378e-05,9.503641419790008e-05,9.602177198286409e-05
281,6c79e97d7bac51adb292ce6f7d4d77376f818d52,9.234163232825019e-05,9.696801108392803e-05,9.89188440144062e-05,9.027526767785884e-05,9.546425532210957e-05,9.635255079377782e-05
282,8c671cb7a2e99dbd4146a77c0e88f4d24efc911f,9.224150668491016e-05,9.676613421602683e-05,9.872335940599441e-05,9.015849060263516e-05,9.520099582997235e-05,9.610685943202539e-05
283,0721406ede8b983b8689d8b70556499fc2aea28a,9.246389804915949e-05,9.705071096067076e-05,9.830910712480546e-05,9.023762993083513e-05,9.5234311778437e-05,9.651570157571272e-05
284,6e2e9e678a44650d45f036d4a6c72609a3b8ab20,9.199371561408043e-05,9.655767035755244e-05,9.834898466413671e-05,9.039004356407922e-05,9.514541280540552e-05,9.585920382629741e-05
285,168978df69efecb07943fd8ce3a7c95aab7122cb,9.214728224006567e-05,9.666173295541243e-05,9.879741130523311e-05,9.008904164733965e-05,9.533262777107734e-05,9.617848660458219e-05
286,cb557b79fa0ce467c881830f8e8e042c484ccfaa,9.22924034636129e-05,9.691426530480384e-05,9.886235930025577e-05,9.015640474794326e-05,9.549097581343217e-05,9.642197242514654e-05
287,badbf70324274bdb4299d8c64d3d83a26be2d4c0,0.00010127444800577665,0.00010643330299192005,9.830411111649412e-05,9.216246703131633e-05,9.57883894443512e-05,9.727267633107575e-05
288,4c780c2d4b35a54cf45ca7d931efcaca73d0bf24,9.262116033245217e-05,9.668285704471849e-05,9.852939039328189e-05,9.032007122089056e-05,9.531989608975974e-05,9.625165469267152e-05
289,3c91a3e1704c8aa7f1258aa30892040df9d952f4,9.237015619874e-05,9.69116533683105e-05,9.827889840711247e-05,9.029183521374198e-05,9.539434262974695e-05,9.605139917270703e-05
290,fe3d717080e812383900507168a6bd7093c4e434,9.224855933677067e-05,9.372144598852505e-05,9.500559588724916e-05,9.014838844660885e-05,9.161719959998918e-05,9.243194521828131e-05
291,0cb9f7f7aa8f4255fafb5431dcc595ce183bc376,9.235770610923117e-05,9.362076578492469e-05,9.55846964974295e-05,9.029130028052764e-05,9.180177003145217e-05,9.27588309754025e-05
292,75f852edf94a7293e7982ad516bee314d7187c2d,9.26385929977352e-05,9.453571824864909e-05,9.667842902920463e-05,9.106018403468053e-05,9.275016967545856e-05,9.353154444329018e-05
293,5265343e268264101ec317594b1b97814d8d5875,9.232200682163239e-05,9.390818886458873e-05,9.543439796702428e-05,9.062137716442099e-05,9.155479598451745e-05,9.245623157105663e-05
294,542e35e121988a9a942435da91d407d11a6ff96b,9.242150593887676e-05,9.42283013666218e-05,9.574725038625977e-05,9.07050307131996e-05,9.223963133990765e-05,9.319888512519273e-05
295,8bcfd67720dadab6cc8562183b3d5b3458a8a91b,9.24607484855435e-05,9.373158047145064e-05,9.564706971022216e-05,9.042915526377268e-05,9.205742654475299e-05,9.296771392903544e-05
296,a914cb7cf691a1e676b55459aed58f793883a1a7,9.26112417470325e-05,9.368241087279536e-05,9.532288055528294e-05,9.079997943452567e-05,9.208389303900979e-05,9.272749197076668e-05
297,e0ceabc087303ce18d38183de9058df23f63df6e,9.287218986587091e-05,9.392476640641689e-05,9.561892790354302e-05,9.063836418030676e-05,9.224293753504754e-05,9.298307228494774e-05
298,1e2aa70c87031d2b4e0a53c0a2153ac4a89d8fe9,9.26746478812261e-05,9.434445422481407e-05,9.552807208489288e-05,9.063696719644483e-05,9.224195541305976e-05,9.285502389750697e-05
299,0fe94ce8a6c4fbe94305e4a4be45fe06e774be29,9.242772387388424e-05,9.365000084719875e-05,9.54512930051847e-05,9.028406906103299e-05,9.199143387377262e-05,9.272770363498817e-05
300,7fe64b4a15daa340ed086b6bab85c1a274e5ea6f,9.24493016844446e-05,9.388243356211619e-05,9.554522958668795e-05,9.041134853008364e-05,9.190067648887635e-05,9.366573173214088e-05
301,53d74a1fc054a5f997007fd851476776599cb6f6,9.258328936994075e-05,9.388823739506981e-05,9.566614912314848e-05,9.034288092708785e-05,9.185691702772272e-05,9.268527765843e-05
302,4d820990180a54ca7ce22ba698646deee17292f8,9.233850816434079e-05,9.414157406850294e-05,9.518482045016506e-05,9.022661184599577e-05,9.204267778179862e-05,9.280350482599302e-05
303,f079a56b18714bd622f7ca457d14ebe873b67c55,9.287983941083605e-05,9.426453404805878e-05,9.587714448571205e-05,9.111714095246693e-05,9.232569401237098e-05,9.308469651097602e-05
304,7d8fadac32f102f25642b47e82437f4243ca2658,9.222961115566167e-05,9.372700852426615e-05,9.538830596614968e-05,9.025046832797942e-05,9.18434848162261e-05,9.306999431415037e-05
305,80b387c66e4f10faafdb1a21c011c173f77b0942,9.732633182218045e-05,9.81791167972592e-05,9.929817128472173e-05,9.415907273002879e-05,9.58771681821831e-05,0.00010118270909680922
306,4647bfbb57768efda59160c3beb98cf02badd6c5,9.607122271766208e-05,9.747874545692784e-05,9.706281816761474e-05,9.242217769617339e-05,9.430006817141971e-05,9.450366363704564e-05
307,764662504a233ce218543aae3257dafdaa39e4f0,9.463933182070667e-05,9.607335908764402e-05,0.00010001289351917135,9.310383181648583e-05,9.47438591042142e-05,9.490226817764449e-05
308,31e153c4b80b03d0ef0670bd9aa9e52745c7e3fc,9.244319545277077e-05,9.396241363323168e-05,9.548071818492397e-05,9.076810744795506e-05,9.193145908118988e-05,9.276290455256293e-05
309,f8a30474faaa135ea1b23ad0184f74a19d8b480e,9.682860456285364e-05,9.810500454147007e-05,0.00011716642308247407,9.468111817444549e-05,0.00011305235497275135,0.00011212282222711817
310,164682330d70ffe84e706a67955435b76e1cf19d,9.638134722283414e-05,9.782913636875243e-05,9.940045454806584e-05,9.423076818083329e-05,9.564439090106383e-05,9.63828772744984e-05
311,07685e4386b4dbfbe52a1ecd95bc7fcc397b2411,9.254833633101292e-05,9.374356357677078e-05,9.547345451375638e-05,9.045102065890904e-05,9.19917227292899e-05,9.257278182882476e-05
312,07272c441ee1a12e260a55b252835ff1e1ca0c50,9.270487730232576e-05,9.387909998291764e-05,9.571995360602159e-05,9.058609502370785e-05,9.230538178764454e-05,9.281500910715708e-05
313,2f0ed6acea1308c89e6c814b1317d96362370703,9.308775003195148e-05,9.42777284668911e-05,9.560201810514131e-05,9.147026364437558e-05,9.312300449395975e-05,9.33139817789197e-05
314,6ff787b93d46cca6d31c370cfd9543ed573a98fc,9.293455910995942e-05,9.387277724189599e-05,9.584452312049473e-05,9.101164052917137e-05,9.257349546797658e-05,9.34205455202821e-05
315,35a793c31faa1d7aeb1fd44cf79407132efcab08,9.261425915280019e-05,9.431568178115414e-05,9.556092726680535e-05,9.073667355220427e-05,9.227174543246457e-05,9.303007278834807e-05
316,755d7c3ec0371c25ff25c3142034f3555ab4fd27,9.248114974153312e-05,9.405424537941475e-05,9.564855903260072e-05,9.048549979848187e-05,9.228633187541908e-05,9.366329547695138e-05
317,45c57078fd599194b49148fb66808f03490ee423,9.246229098855772e-05,9.381342758636244e-05,9.522638654082337e-05,9.063749587594354e-05,9.213576320855117e-05,9.289108645382593e-05
318,6d9e294c47e790067e0b5724afecb4e38a542bd0,9.281845440537753e-05,9.388417264827613e-05,9.523860909129408e-05,9.056391754410853e-05,9.214184537995607e-05,9.285246381874788e-05
319,e69faef03428b82f5651a5fb521610ddea2bd22a,9.265668658454986e-05,9.360170013017275e-05,9.526606352830475e-05,9.03678015028396e-05,9.213367249520326e-05,9.290934566789391e-05
320,4fcea6deac29276605e58b0a011f7ef6d089f66b,9.257653198966925e-05,9.392735029740089e-05,9.52153821179474e-05,9.039473577502591e-05,9.185079040683128e-05,9.284055029804057e-05
321,d5da698181fe6e920b03cef8a6a20e39c7d40cdf,9.255136828869581e-05,9.426215441304852e-05,9.573744080791419e-05,9.106620405377312e-05,9.226646401326764e-05,9.326246376572685e-05
322,3300c03992d963f9c571975c17ed93f17b090672,9.276852308010513e-05,9.405921340327372e-05,9.538516433994201e-05,9.048379782571896e-05,9.248801824552091e-05,9.336631364104423e-05
323,bdb5cc7b54d19f1f79eba1680a59f6852c6e3614,9.272940488616851e-05,9.395840461365879e-05,9.550545893778856e-05,9.095527699278776e-05,9.284441793252799e-05,9.332692292942241e-05
324,b63e25648f2d7d0c2d56851352740620848da3ae,9.262297746979377e-05,9.417733632620764e-05,9.553181377916851e-05,9.073517362256188e-05,9.244040384973314e-05,9.303020937791601e-05
325,3d83143c2c2f877ee921c4c7c6746d836c459839,9.286735863001509e-05,9.392507226121697e-05,9.550554572011936e-05,9.068870659117118e-05,9.238862284374508e-05,9.305961800485171e-05
326,d785aa39f99720950cd7f9acfe1133494cb5ff58,9.251745491796596e-05,9.37660727438263e-05,9.533956816250628e-05,9.0606090678133e-05,9.21869449402121e-05,9.30573685433377e-05
327,6568c6b022e12ab6d71e7548314009ced6ccabe9,9.279966788281771e-05,9.427829116413539e-05,9.61770959706469e-05,9.074354975307283e-05,9.215402797880498e-05,9.29615910122679e-05
328,068074f4acab87b0fabf194517b7dfb0f038af5a,9.221656364388764e-05,9.359911359338598e-05,9.541944124397228e-05,9.021082265718171e-05,9.174705430103296e-05,9.27739178719507e-05
329,d78893c1116b3ada9eb1ebbddc17aee69693eb5c,9.257339988835155e-05,9.417595945044674e-05,9.546632751483808e-05,9.090974368924691e-05,9.223315018144521e-05,9.298300031911243e-05
330,f128be6c671d320c84771e923ddaf6467645216f,9.245745922354135e-05,9.411808621900326e-05,9.52868637713519e-05,9.091921903054453e-05,9.212283184751868e-05,9.264581392265179e-05
331,edb880dd9b3c7241b96ccef34c43bd9f90e4a6e4,9.23497089057822e-05,9.393269058570943e-05,9.563698602670973e-05,9.093211371112955e-05,9.219730907881801e-05,9.293881382539191e-05
332,882f00bd47ceacbbcf34cad5d491be43fee0c99e,9.231779576194557e-05,9.382087261077355e-05,9.54727589521768e-05,9.050146649660897e-05,9.192337324334817e-05,9.284647795456377e-05
333,1d7939e1d26adbedaeec98c8153ea2e37297f520,9.237937258810481e-05,9.392227300188759e-05,9.565444991246543e-05,9.081536790448402e-05,9.199899610724639e-05,9.286994516680186e-05
334,1f95d7914ff23ffeb95767de79c55b4f702e6f2f,9.245606382716108e-05,9.422552697783844e-05,9.581897227855569e-05,9.076136755102799e-05,9.232613215730949e-05,9.302797737870027e-05
335,8dde6f8f4a6180e5a26332733367e3fcdc5aac66,9.256451685204465e-05,9.397657281211154e-05,9.547049571252004e-05,9.061342532446316e-05,9.218702696009792e-05,9.311625458808108e-05
336,b32b72e3d98d784b98d9c38d4f9905574a60707d,9.239608665335584e-05,9.36604046728462e-05,9.520517249422318e-05,9.032300806196392e-05,9.199657255191017e-05,9.285008153793486e-05
337,df9c973f28fb9c0e713db29285b07b57c622652a,9.312060481699353e-05,9.396023603833535e-05,9.548999527892605e-05,9.054001247556494e-05,9.197202691046352e-05,9.275226832621477e-05
338,8eaceff8aa2ed313d78b4f84e35b90a24505662d,9.255690013312482e-05,9.385020556775007e-05,9.541213089092211e-05,9.048679720394868e-05,9.211562362245539e-05,9.319898249073461e-05
339,c750d24ef3a9a897fb19d3f0b4910f07f078e302,9.218274128877305e-05,9.365349119021134e-05,9.548159485513514e-05,9.060059943475013e-05,9.200805374844507e-05,9.294147179885343e-05
340,bb71b5fb7b65b662c1fffa3f8120cbfd02e2c164,9.307957635345783e-05,9.410951434719292e-05,9.552375519309531e-05,9.084845298290754e-05,9.225180414928631e-05,9.30615224536847e-05
341,89babbd98fc75399709543f55013ff856280c668,9.230174208906564e-05,9.38797729428519e-05,9.483696829358285e-05,9.013102139723448e-05,9.195792742750861e-05,9.25321512940255e-05
342,202467c653efa89e94cc20feea0ea277cd0a8458,9.23085777850991e-05,9.356234963475303e-05,9.482333605939693e-05,9.064147083381237e-05,9.20829511332241e-05,9.276640537956898e-05
343,b47c3c1c70644c84dac18de878cd53d1b103595a,9.277762252498756e-05,9.429533119228753e-05,9.579228194938464e-05,9.10030624998564e-05,9.228042750196024e-05,9.332799077541991e-05
344,e14d47ce9fe29884a524322b295b723cf8ee1e08,9.295183170417493e-05,9.428728583522818e-05,9.547641648995605e-05,9.07033595279598e-05,9.25656545653262e-05,9.353541747920892e-05
345,89c80ba606f4346f8df2a31cfcc0e967045a68ed,9.32548819533126e-05,9.366402254355225e-05,9.506069525906985e-05,9.055506949859463e-05,9.20665090564977e-05,9.28131186149337e-05
346,64e62ef69babccb36cb2ee014225c6845b163c0e,9.221475444395434e-05,9.355124043808742e-05,9.5099303218597e-05,9.025061937926475e-05,9.170827794481408e-05,9.260074637660925e-05
347,e02af0b2991171c39bb3013fa83bdbe727cd3cda,9.252100339175289e-05,9.427604540674525e-05,9.53326594423164e-05,9.032513769266527e-05,9.208311411467465e-05,9.290841408073902e-05
348,f3533711c854d05e2d767e3e8373c882d4d9f3ae,9.236326441168785e-05,9.331766473637386e-05,9.506733622401952e-05,9.020627764907997e-05,9.200683562085032e-05,9.26732678305019e-05
349,a4e931f15e87cada0b9bb9ad80378115e72ba7ba,9.226431350477717e-05,9.368450952355157e-05,9.535404176197269e-05,9.039770677100775e-05,9.198112265122208e-05,9.276073277843269e-05
350,93a9ed22b6fb6ecd6c4a10382306b1e5c6d06abc,9.244133570146832e-05,9.388705948367714e-05,9.573588190092282e-05,9.086931293660945e-05,9.237331846220927e-05,9.295680475505916e-05
351,3fc4b7178d6edfb01dfddad57344330fd930440d,9.247145446186716e-05,9.409449253739281e-05,9.525510884652084e-05,9.040379404159617e-05,9.18372227302329e-05,9.297820083288983e-05
352,785d1eb24ae8690b6b7389f6badbc91f949552a4,9.230682732198726e-05,9.330156767232852e-05,9.525471409274774e-05,9.038646740084592e-05,9.175363652916117e-05,9.249825432727283e-05
353,676a619f2ede19db5f8c8d42f7221a6b10362015,9.208328662101519e-05,9.336810961196369e-05,9.496788155626167e-05,9.033221497454426e-05,9.187059582803738e-05,9.266896893016317e-05
354,f726490c4c83e48fe05e0a80073e9716800a508a,9.24840315499089e-05,9.348748505792835e-05,9.501764169809493e-05,9.049080631672596e-05,9.220670379528945e-05,9.27240460772406e-05
355,e9fb9335399580aaef1e5fa01e6f7afc79b82792,9.239698146385225e-05,9.357666448605331e-05,9.523264492269267e-05,9.017761927559848e-05,9.208249605514786e-05,9.24769630232318e-05
356,94de9f7007b9264328dfa16dcf60a8c34a2c8ec0,9.188309565863825e-05,9.339389243078502e-05,9.486744476651604e-05,9.006074021670443e-05,9.194243033532022e-05,9.240493157201192e-05
357,8eed39d6562045c650f4c8aeec5319f4bf34402b,9.229594037275422e-05,9.374857393347404e-05,9.544911921362985e-05,9.04619295442523e-05,9.212664497846906e-05,9.290685517374765e-05
358,131b6bf29e20e801368907f71e5d8594a484f742,9.225802390243519e-05,9.359259116040034e-05,9.512415536763993e-05,9.03061533362166e-05,9.163531411269848e-05,9.275704558769411e-05
359,63884710e540d1218ed3713b8998d515abd3c71e,9.222258072854442e-05,9.337127716703848e-05,9.494504616172476e-05,9.027389955729986e-05,9.191753236915578e-05,9.274727199226618e-05
360,d3382a5e7e3c45a2fc9840509de0c8eadc25fa07,9.27038596604358e-05,9.350977647541599e-05,9.547744517807255e-05,9.039152521362974e-05,9.21539454297586e-05,9.314774599095637e-05
361,639f94d164407a311295fa67d3a5363cb718f965,9.247522737661546e-05,9.371184913272207e-05,9.513811356472698e-05,9.021322408398567e-05,9.180173616517675e-05,9.292847667397423e-05
362,b575bd6928402e9738f439610ec13058f3402f3a,9.274532256478613e-05,9.363123152235692e-05,9.508020540868693e-05,9.072109891394199e-05,9.201114933768456e-05,9.280314182185314e-05
363,4c37b8df70952d9192c528f1988e7285b44fd7ae,9.260181422260674e-05,9.38820546831597e-05,9.5374695956707e-05,9.03969139922872e-05,9.218376786024733e-05,9.292238709432158e-05
364,4bd449439ccce1be0bc43abed15423b46dbdcacb,9.472049688073723e-05,9.59305759434673e-05,9.732459740782226e-05,9.250112661075862e-05,9.405243591490117e-05,9.510404687096305e-05
365,3cec3ae80e626952a6b61a72516713217d99fefe,9.269640061327001e-05,9.348914556374605e-05,9.550274646078998e-05,9.041633129827986e-05,9.199122326787223e-05,9.256130380725318e-05
366,f4353323d0be0c3b3c7d0c752d6c135bc6d36465,9.497225453907794e-05,9.61321861144494e-05,9.930855065414852e-05,9.475701607856131e-05,9.478597732430155e-05,9.686394954438915e-05
367,2a6a8f5a03ca78392aabc9a2d938760285fcee30,9.317489933561195e-05,9.43015625869686e-05,9.55273132686588e-05,9.071442475619395e-05,9.224148551848802e-05,9.277191394093362e-05
368,b797a0cb97a8a9e7e36962dc8c37c075967aa88b,9.264782261611385e-05,9.372890080240639e-05,9.544461711563847e-05,9.082679344294977e-05,9.214424168352376e-05,9.287536906247789e-05
369,f69c2fae9cc592fe42355b1533bd1a7e32216ace,9.259573310952295e-05,9.418683740395036e-05,9.545767785642634e-05,9.090660817243835e-05,9.214574979110197e-05,9.2875537335534e-05
370,2e5e6f6949af92b3f7abd99e558f1f6ae5be2185,9.25909262150526e-05,9.389224102381956e-05,9.576444598761472e-05,9.072230790149082e-05,9.196253641593185e-05,9.291539053347977e-05
371,28a05b3a60014f755d72eb86e8a352f6d4476d07,9.230298561636698e-05,9.385917801409959e-05,9.539559568193826e-05,9.055898721091265e-05,9.190570351413705e-05,9.290224512700329e-05
372,8365e3ac35fe9c0b4cba8bc707dc1910e0c1f387,9.237310891462998e-05,9.384318149055948e-05,9.540683293545788e-05,9.060559086193724e-05,9.182279569689523e-05,9.274940768426115e-05
373,86bae1ae269969a48759257900320c0f0664d37d,9.24924367361448e-05,9.40073905936019e-05,9.54128452576697e-05,9.089891706431699e-05,9.275330442257902e-05,9.327376346019182e-05
374,d61fdc7d4c33d7f2104afde7e32d56af59f9d4f9,9.233463153412397e-05,9.377894457429647e-05,9.527675997973843e-05,9.069565206396677e-05,9.20939174565402e-05,9.268860501999205e-05
375,1078723d2741d3379b65a70ee7aa23d9e7f08457,9.270079476250844e-05,9.417265060950409e-05,9.586002151654275e-05,9.073878538386882e-05,9.253442245112224e-05,9.337676350365985e-05
376,3409bd3f38adc03cdf0096c53e897818517bc286,9.232374670153314e-05,9.365900080989708e-05,9.525166401131588e-05,9.054959990268896e-05,9.209931277754632e-05,9.29983269253915e-05
377,c3d1107b8931313c85947439c406dab98ebfc8ea,9.21687153591351e-05,9.365451776168564e-05,9.557294278320941e-05,9.045522267476093e-05,9.201804641634226e-05,9.29999038238417e-05
378,092905febd53742d2a700322f88b652d6a5fd4fb,9.2740744267675e-05,9.36515989120711e-05,9.539456276053732e-05,9.061764994990235e-05,9.189037267457355e-05,9.307543620128523e-05
379,e58c1a7f0decf7e43afbdeaa755492e665dd5533,9.271740828725424e-05,9.433828209611503e-05,9.552811441773718e-05,9.086770621274621e-05,9.23049043525349e-05,9.315772490067916e-05
380,978bbe7fdb519edf1f28df4982ce13523ef59a4d,9.271505881439557e-05,9.400935166261414e-05,9.507878937504508e-05,9.089069487142168e-05,9.212381502782756e-05,9.291382421824065e-05
381,6e5cdc9d0923558dc66ad878f2e5392d29185754,9.236367080699313e-05,9.369866668500684e-05,9.529589971696788e-05,9.039804254743186e-05,9.19254454360767e-05,9.275098458271135e-05
382,83377c70a3dc49a7f3200c85d9736b346c42760f,9.232071990316564e-05,9.399106175723401e-05,9.520518254827369e-05,9.044238042917627e-05,9.193442211571065e-05,9.259508118372072e-05
383,b908da64dd4fa8dc70932f51202f9701db4cc868,9.261214766990055e-05,9.414298163557593e-05,9.539985859935933e-05,9.061342628657326e-05,9.214696686037562e-05,9.294420438395305e-05
384,2f782a2f1afa1b25ffacb3ca1ffdbbab0abc1504,9.227142542261968e-05,9.374288545752115e-05,9.518281387334521e-05,9.084525825994567e-05,9.2108473605053e-05,9.260300589217381e-05
385,6df71138184f26cd87bb086acb1e6b3dc1be4bbf,9.232649621977048e-05,9.366711178286509e-05,9.532526389441706e-05,9.04339638900412e-05,9.202884552492337e-05,9.281580886718902e-05
386,2a862700bd376800ff4495e572ca4c85c919a218,9.251066314225847e-05,9.381806858899919e-05,9.500638116151094e-05,9.000612122645556e-05,9.16769601066004e-05,9.267480874603444e-05
387,77bc3225e6f4badf83190ec300a0e10e56949644,9.25766917961565e-05,9.401033166795969e-05,9.545977439054034e-05,9.072688408195972e-05,9.232436476105993e-05,9.299835655838252e-05
388,402802d8a16da735017bbefa8621a91f5707beba,9.262142702937126e-05,9.393992368131877e-05,9.542275643484159e-05,9.048232724043456e-05,9.183707139031453e-05,9.277562229809435e-05
389,e12112e7caf72f93e07128f6e7a8a3399f1c6bc9,9.27831025116823e-05,9.357641366395083e-05,9.539519986984405e-05,9.04741608499249e-05,9.172336537052285e-05,9.262227368625727e-05
390,2c1a34daa024398cdf9c6e1fbeff52b4eb280551,9.23315676945177e-05,9.29860228841955e-05,9.449610105631026e-05,8.961858712752496e-05,9.10823183395892e-05,9.188775438815356e-05
391,4516ee94feef318c72bdd96282d0cac98a10e433,9.182405615733428e-05,9.30520197884603e-05,9.470155928283929e-05,8.941154873137139e-05,9.08446886907678e-05,9.163891346278515e-05
392,6822c098a73f168dfe4400867b0d82f29a7f5e89,9.195007891817526e-05,9.321159767833624e-05,9.482116861776872e-05,8.940068073570728e-05,9.101918082653492e-05,9.165127042003654e-05
393,f25905b5d25a2fca1e23adad11d4597a1e658276,9.179234674031085e-05,9.317555972798304e-05,9.487221567806872e-05,8.960886568319603e-05,9.105774027503227e-05,9.179022374816916e-05
394,41977b24ae011a51f64faa75cb524c7350fdedd9,9.215646211735227e-05,9.339624084532262e-05,9.472188963131472e-05,8.976246711233111e-05,9.113517378202894e-05,9.183048651638357e-05
395,a1ee7968df16a4f57c8e22164d19aa2d14a6cdad,9.193440518257294e-05,9.314921599897471e-05,9.463950779966333e-05,8.922933085151941e-05,9.098033466922843e-05,9.16590638966723e-05
396,2a9a95d250c91f842b9fdc32cbeaeaced8b5896b,9.226661852814935e-05,9.323211005804214e-05,9.485469199717046e-05,8.953995002079602e-05,9.11176662645803e-05,9.187877559187737e-05
397,b5cdbf0434019e802b5e1a44bee06e67e0beef75,9.210298726843162e-05,9.364800062030553e-05,9.48612874543125e-05,8.976187418438186e-05,9.10206592049111e-05,9.186584079130129e-05
398,672a2ec822bb2d3619096a66b76afc79eea118e6,9.212605443529108e-05,9.325757538053122e-05,9.472852318801662e-05,8.98866002132331e-05,9.12213509455939e-05,9.183935313062235e-05
399,c136cb7f2982554a9ae305aafd81b9f68ac03ec5,9.232398588210344e-05,9.419681843031536e-05,9.508740199221806e-05,9.02309067054721e-05,9.154011707075617e-05,9.226175871762363e-05
400,481e731368dd47705248b1832ebd70913e99772e,9.211528495970097e-05,9.325970683924176e-05,9.468734391372311e-05,8.960458650138261e-05,9.126956786283038e-05,9.196965574202212e-05
401,f9408ee13adbe81c7740daa03a52fc73d71e71ba,9.216411377895962e-05,9.319813795049082e-05,9.483382613821463e-05,9.017828505578612e-05,9.118316864425486e-05,9.2081700197675e-05
402,07cbfffec5156f8491c885d4e893fb7b920428b2,9.201219178397547e-05,9.363014250993729e-05,9.487004188651389e-05,8.981904469060995e-05,9.134932698235532e-05,9.240371344441717e-05
403,b3e3567544dc2b41e1bcc89157b977cf12ef2efb,9.234930938956412e-05,9.347001852636988e-05,9.51081450859254e-05,8.998961718983888e-05,9.125780779868365e-05,9.215444495732134e-05
404,d97e31e891e868457d710d53b8ddadb0d473ec8a,9.232524951750581e-05,9.326517624272542e-05,9.466538163409991e-05,8.99503784916125e-05,9.170223069800571e-05,9.232311170886864e-05
405,cc7f1504aaf7b02de09ba87ee91dfe4446d90031,9.209049907936291e-05,9.310989090326157e-05,9.480118751525879e-05,8.946950509228178e-05,9.099040218929122e-05,9.179097727279772e-05
406,de4a75535fa48ab93ae226c70182e411b27daade,9.18249176307158e-05,9.290730072693391e-05,9.465357712046667e-05,8.955526692395816e-05,9.096166203645143e-05,9.173896925693209e-05
407,3aad1490f24f4d39980a72bea0617083aaf508ea,9.208584669977427e-05,9.333995297889817e-05,9.462298952381719e-05,9.002540960969511e-05,9.156718892468647e-05,0.00011195541698146952
408,99eac42354f9c900bf8897abec6e7c1bd6c9ff6c,9.17384506795894e-05,9.326895021579483e-05,9.470878549936143e-05,8.958733009466947e-05,9.103900837627325e-05,9.187871420925314e-05
409,969ada67c1b9b32b863a9ce77f56689ca7ba3b43,9.196733378551223e-05,9.311688217249783e-05,9.472549003972249e-05,8.966145487349542e-05,9.101794162872902e-05,9.187331253832037e-05
410,2f52098908b00397e425904b89ac89d84e344627,9.214892475442452e-05,9.307130028239706e-05,9.473622353239493e-05,8.949632217630375e-05,9.105398612143087e-05,9.186159269037572e-05
411,261a769dd135c1e4007a6d0bdbed68a8c929497a,9.205042469230564e-05,9.330134330825371e-05,9.451744527640668e-05,8.957578092505617e-05,9.09923283337069e-05,9.194797709245574e-05
412,455f1f3168ab0105d05add646ff63a17b80fdcdc,9.18509607965296e-05,9.302104696292769e-05,9.470173073085872e-05,8.971254679967056e-05,9.090888991274617e-05,9.186223614960909e-05
413,c4e20ec45f0aef437df9bbdc18849d15e9d7e850,9.203086903488095e-05,9.389798876575448e-05,9.47332771664316e-05,8.995540070632273e-05,9.126538537781347e-05,9.218348740515383e-05
414,eeef9d4646103c3b1afd3085f1393f2b3f9575b2,9.281509132547813e-05,9.429398077455433e-05,9.559361602772366e-05,9.077864233404399e-05,9.218082890253175e-05,9.296113752167334e-05
415,38d843e6b526fc5e8a936b77dc8d33750f5735d8,9.244640400125221e-05,9.359842250970278e-05,9.511057331384914e-05,8.966045431053836e-05,9.118137334681247e-05,9.22754533927549e-05
