,hash,skiprows-0,skiprows-500,skiprows-10000
0,03164d2d819f9b38e1c684d6d9e128f11867dc3c,1.1715506470063701,1.1668325184873538,1.058435469007236
1,60df9b1eb6375e3decf12ba7506404c46af0469a,1.196681521498249,1.1814676744979806,1.0654883229872212
2,772c80b1ce1db7e30497fcf555ac9af56b0d7fce,1.1469391834980343,1.1361022659984883,1.0344629485043697
3,66d357ae3aedcd324a1c607e037adc65d3ae1c02,1.1693683945049997,1.1922010074922582,1.0549595994962147
4,cec39effb1739ae0a7690e56d58d3e9432569d5f,1.1655491265119053,1.1549935789953452,1.0451728560001357
5,8ae543cb13769a0afa6e176898824db7fd992d27,1.1941386069956934,1.189830211995286,1.0783846174890641
6,c890b10a8ade5df19f97b02a2b10a75f9f6075e9,1.2062358330003917,1.203124673003913,1.0920686030003708
7,c9a83043c0669fd17306843eb21abd236b675537,1.1719268070010003,1.167631436503143,1.058671022503404
8,4d87d909bab7a7dd4bb570444cf35d98d551668f,1.1696332700084895,1.174330857989844,1.0555039499886334
9,a280f5e5d725de732a906b67172114b263ac3bfa,1.170865819498431,1.1662115104991244,1.050157693491201
10,c303c9b77afbc7fe6f4049683c3ccaabdebe7be3,1.1823075539869023,1.184414386487333,1.0736581349992775
11,fdfc4807cbe2de71f74053c45ae0de383332c4e1,1.231388316497032,1.2501354339983664,1.1232725009977003
12,537d35c2cf49cae0a496c37564fa282ec80e3695,1.1578267730001244,1.1558595354945282,1.050978541992663
13,1b6831be8dc33308e77f3d3253f5ee777e3bb178,1.157904095001868,1.1493905960014672,1.043301893507305
14,7ef145115fede2c20df2cfc51ed28fcc9742b696,1.1903680184987024,1.152076564503659,1.0516718985018088
15,175476fec763984573e60485a447978cbcb381c0,1.1772651255014353,1.1743582769995555,1.0641375464983867
16,c3c2b689cd4e1ccc24b18e764f105ed0e400ae92,1.1619390585037763,1.1449503245021333,1.040836186002707
17,93240e0d8ea23644a5b7874037e658c54966ff54,1.152307477495924,1.1533681889995933,1.0456608950044028
18,e1f191c46f2eebd6cb892a4bfe14d9dd43a06c4e,1.1538627519985312,1.1560497699974803,1.048574609500065
19,8eedd3e911b7e3f5f35961871ddb8ee1559d4225,1.1566850109957159,1.14673319850408,1.046617308005807
20,ade91ea2f28284668fbf78971538ac4827d653b8,1.183102153998334,1.165777012502076,1.0588887589983642
21,b0a6e5583f2952a040c45d0d50f5e93372dc175b,1.1841274124963093,1.1728044594929088,1.0696648364901193
22,94b36b557ce7d88bbfe4091c59aa376764b7047d,1.18629957200028,1.2175782100093784,1.0940061375004007
23,ce6d3ffc991c63c1a91fd806b4eb3d0008caace2,1.1939745014969958,1.182011381497432,1.078110870999808
24,aab7993af0f6f3b9ac0d76952933b19163d65496,1.1618365729955258,1.1480266384969582,1.0453869170014514
25,b94c2b01ff7ef5b8dc44726512cfa232e9054882,1.1552548780018697,1.1492607830005,1.0615015645016683
26,f737b354e6ab2aef8b4c05bca0011de46a4b53b0,1.1516540224984055,1.149521672501578,1.0361731389930355
27,bbd5a7750fbed42a4aaf12f196282a9504a1e865,1.1743169719993602,1.1648527854995336,1.0555845854905783
28,66f1b8a5411e8265ed87ff7bf97c67960af2624d,1.2211038425011793,1.2028244385001017,1.1023200019990327
29,d9347181d825d9426e783cfeafee304735bd25aa,1.149842674501997,1.141834681002365,1.0359010304964613
30,fc159a547f091d1d6f75db470a0b8e9b2e7acea6,1.1561483729892643,1.1557547855045414,1.0426968250030768
31,857125603f3cf72e2078ed2effd0f6ce40f0ca28,1.1107109219956328,1.1050771629961673,1.0018923980023828
32,847119387dedec1ce7a85c1c0f29bcf86bc0348d,1.1269653475028463,1.123635051488236,1.0215619550072006
33,deb4be85025088553d80d6637dbc17d7f8101f41,1.1406564744975185,1.1356520819972502,1.0293893090056372
34,0c06b0b8593d947c5d63b72b6d84ecf83ae5da5b,1.102945621998515,1.0903517100086901,0.9839243449969217
35,c003e6ef6e421d23b5bf98f01df20f1350f61ea1,1.098278470490186,1.0948002764998819,0.9961078139967867
36,a0c5f64f4f1a7f6ee80dc9b95aa813df28a87d72,1.1053709049956524,1.093150398999569,0.9891859675044543
37,c53c89f0d8572086dd13cbe1c3c98a4e73b41d09,1.146026032998634,1.1315154094991158,1.0300604855074198
38,767744c86e1e4a27bf77f90a85f17e564c9b94ea,1.1032841864944203,1.1021439290052513,0.9935611809996772
39,e657629bbc2bfb880a1b2fa24a39c5921c1f965e,1.1167888764975942,1.1112566364972736,1.0073651019993122
40,3d0c041ca162d69cc5bbb4d9d051eca7933f12bd,1.1085099039992201,1.101670492993435,1.0003843035010505
41,ce140e8d5c28f1f057db1102cf78263e48f86d61,0.8578383554995526,0.8601798734962358,0.7850226904993178
42,c18ab2c3975c8fa8b59724fe6855c528d72fef8c,0.8733003755041864,0.860810918500647,0.7847289994970197
43,3d2205dfd1d28fb8106e60223cf7207a3c05dbab,0.8846969325022656,0.8777630450058496,0.785701639499166
44,c3fd79150bc183e8852f1330ea6e8cb4ca7ce7bc,0.8897484575063572,0.8796614410020993,0.7955511065010796
45,71555c48be7f07833bd540dacb50deb8069b551f,0.8951477030059323,0.8796933984995121,0.7988897809991613
46,5324067c702a41e901354a01a5f0d05ff49b6cb4,0.9040982714941492,0.8781176670017885,0.7926659855002072
47,20cb312563b2e7c0b180db8dffbcd71d7dfd0bee,0.8907968470011838,0.8879440600067028,0.8053182914954959
48,45ee22fa2fdd2bace756ed62685a346da91c4cb2,0.8887883150018752,0.8713584425058798,0.7880610460051685
49,798aee26bdb9dcc0e806ca9271f0f98297188dec,0.8994452709957841,0.8779253804968903,0.7987083205007366
50,1c50f244d4d1eba4f3f63e93a05a2b2f938685a4,0.8698578155017458,0.8616698960031499,0.784482091999962
51,fca7a15f30776ebce9e6814eb927e837f567a518,0.8725615250004921,0.8701035350022721,0.784660775498196
52,26311ed7bf80e02c827189e80084602d72e4f284,0.8922199334992911,0.8791418239925406,0.7991261530041811
53,b5e01bcb668da0413170a886c258e00d2540e752,0.9060858425000333,0.8946922024988453,0.814037684998766
54,ab30683fe1277a7fd471be63975a02ed8d766f94,0.904890070502006,0.9001162075073808,0.8153816870035371
55,3c89e2f913406f55b6e998017c1149e3ba383bcc,0.8940556934940105,0.8804128219962877,0.7986848420005117
56,590f07121dc55e6d9d9ce514887c9bbc253fb266,1.0432535375002772,1.0486155110011168,0.9589173205022234
57,872372bd56ccb5fe98faae8be7d14e4a8c69e037,1.0454701669987116,1.0249275480018696,0.9295209715019155
58,70a84c3192b4f231925e8e36f50d6a26bff3b46d,1.030533838998963,1.0285439135004708,0.936437839998689
59,9d416356baf4a653b2c647a921ae24ba7d39e8df,1.0579573920003895,1.0359193965014128,0.9344059720024234
60,09dd75e9e2139bc9742e6009b7babe41d4c002df,1.0411211944992829,1.0367173204977007,0.9307552860009309
61,85d64e375f53f6028519d3aaad0b421934dcbe24,1.0856608274989412,1.0514147699977912,0.9549553644974367
62,09e04dcbe3d0c836437b2d4745b353b256ec6265,1.0360596409991558,1.0351657339997473,0.9392225590017915
63,cdd7ab252988ff4254705e0a89874edeb5cea8eb,1.0109683974951622,1.0029511755019485,0.9078101930026605
64,06da877ceae914a875bd1a55cd8e271332358803,1.0252333720018214,1.0171853709980496,0.9231325215005199
65,8529dfaaec65248420faffe095bac03c23881735,1.0338203105020511,1.0244366580045607,0.928438910501427
66,171a3e5811e43643788c20075be9ba52efb83b81,1.0082115935001639,1.0057153439993272,0.9095632980024675
67,5bf9ab98edd254dee1162d6f1863053e040cf828,1.0483161744996323,1.0364029064985516,0.946224566498131
68,9776a73cee9eaaff6af40e971fa2bb7f8f1086c5,1.0982061175018316,1.095375276501727,0.9877627894966281
69,37a1ad069a800f5ef98286f25fb3fb632375168d,1.1102781150002556,1.1066666759979853,0.9993033914979605
70,1cb2230bb1bfb9b2544dab798dffeedce64ad39f,1.2740432414975658,1.4101953199970012,1.1939945260055538
71,044f5131450f38cdfbab63d6999b60e7e3bbabe5,1.0807322114960698,1.0766204469982767,0.975224680500105
72,dc089026b4ad0d2d9ea992c7f1b9b5e716dd82cd,1.113064844499604,1.101994258002378,0.9979774395033019
73,53adf81bc503d749b13160a27e49160c5bbe48d7,1.1146558945001743,1.1060411955004383,0.9940537174989004
74,49e00940a82f9590d774539cd188b634c29fc39f,1.096903187000862,1.08983641049781,0.9805676155010588
75,7b9b41a4c7dbd7b719d62f343f57f841f5809693,1.0812770130032732,1.0734419194959628,0.9681436230021063
76,ae88e02a48c4744afd22c63be388870037f3c84c,1.1030127390022244,1.0944727070036606,0.9966021150012239
77,0aeab48b9e914d1dc7041b7e3f3b7e575ffcbbed,1.0357767594996403,1.0236587094987044,0.9312111675008055
78,c18b3f59b5f5752ab038224fd3bdf2dadba55ecf,1.0395039009999891,1.0462385294995329,0.9505175875001441
79,a5e5e51187d4476841503ce816924ea99936dba0,1.0291083669999352,1.0305430104999687,0.9216945335010678
80,b69cf68a24cffea0a884a102da1797755de8f022,1.0296565925018513,1.0212732654999854,0.9309931219995633
81,ee3e17a7c3e3efdeafe907b394de56aed01a70e0,1.0417016515002615,1.0300522789984825,0.9300969329997315
82,c71ce0e6dbd9ec67b3ac7fb5ac3eb609f8a56829,1.1647463705012342,1.1628412189984374,1.045075417499902
83,0ce156413feb21a4f2a8eae3b1cd954d04240edd,1.1621505390012317,1.1534642435017304,1.0458261009989656
84,7e3fd81c039b0e22715c4e6eb63439bdf5a620bf,1.1410443234999548,1.1373238980013411,1.0295739280009002
85,a6b4b2bdd6baf2afde27284097426e93912452e9,1.1560822694991657,1.1469882755009166,1.0326393434988859
86,c8a5ff07e5bda47eab870671634b107da5ab7934,1.1483338124999136,1.161408649501027,1.0730668330006665
87,fafd123410f1ad5c47341c66d8ea4cf541165e77,1.1468582469997273,1.134426067500499,1.026343949499278
88,9765987c2ade250c82bfeaba49d1f9301211d63a,1.0894350810003743,1.080965498000296,0.9813995055001214
89,dbf37449935bced333a3999afa860aaf304ab1a1,1.0844668305071536,1.0790274199971464,0.9805941755184904
90,5e84ac2bf2085d438da2d0dae5d370c4389bbdca,1.0968823885195889,1.0937693499727175,0.9893747110036202
91,c70bff83e452c9b76b7f5de2e6811b800d4f72cf,1.064704090473242,1.0738544809864834,0.9620176894823089
92,b4fd7a79bc55f17f301d219492528e6f5f40c6f0,1.0762176240095869,1.0682424515252933,0.9695656480034813
93,0311c93c8c43cd913303c529673d69575901475e,1.073086771008093,1.0621185554773547,0.9681398475077003
94,adf50b93d76fa55d03ccbc4910602cda23b32c7d,1.080518143484369,1.0800535445450805,0.9777595360646956
95,64619c55896dad1927afe78c0702a58abf0d038f,1.0751506949891336,1.0707919820561074,0.9726036005304195
96,eaa59b4f04a0c75091e332afa95a304eddcd93ab,1.0712297125719488,1.0752862085355446,0.9674367115367204
97,2810becf98e20bfe2bf99311c5f4f3e150d12d09,1.0855785555904731,1.080245291464962,0.9754790745209903
98,d34b9ead10e28e3a0a62d642a16efdae2030ed76,1.0646451654611155,1.0640354586066678,0.973508964991197
99,0bd548e287b9e2fd0126f64d8be01a812e3c6a48,1.069994043558836,1.0594394486397505,0.9620828980114311
100,4cba2d91e1546872d29af6b25ad35947f27e03ac,1.0694185991305858,1.0657081415411085,0.9605496694566682
101,97f9fcb599fec377f35be647afdc2d5c2c6ba1f9,1.080973522970453,1.074423954472877,0.9685757575789467
102,67c68b88e4120a84ec516725e322265446fc50e6,1.0688574365340173,1.0639630215009674,0.9986227300250903
103,551773f27ccc955ce24d15eae84eed924250c573,1.0873656260082498,1.0886054644361138,0.9930821468587965
104,196d633cb19274ddffb4ba42928126fd15e3282d,1.0773610600735992,1.0736082621151581,0.9714330150745809
105,1af65ee2225a011b39a9cceac306328be3737aa2,1.0770084150135517,1.0704169899690896,0.968213860061951
106,b4d2295bb5ba3c866553c1d7c10938f7f00c3286,1.0743921459652483,1.0697569905314595,0.9679664738941938
107,69898992b339e4614780f626ed07c4244a08648b,1.08575204689987,1.0783761480124667,0.9733068784698844
108,2d43a901ea6b16ff5bf1766177f16cec4eedfe0c,1.085441768518649,1.0804233759408817,0.9778530045878142
109,fa45695b787070275696e979eb9f476ef3afc5e6,1.1101299589499831,1.1024516980396584,0.9989877236075699
110,6511a143a0bfd2be89799a7db2e9363eba5e7450,1.0622571549611166,1.0525889819255099,0.9582604315364733
111,529c61bdf69356b4a428d48bb5bc72c2417ed0cf,1.0766413344535977,1.0686527874786407,0.9633161864476278
112,97d2db483fc0ffd46f38d0e1c39d5fc001e33197,1.0735380959231406,1.0644296034006402,0.9680912530748174
113,5bf6d68e7241498556ee1b28fc146c1c21fbb5e4,1.0732560594333336,1.0707407450536266,0.9717208645306528
114,e4e0ab8e5ba9cdf17f9bd2c3c9e06e3d12030022,1.0681588848819956,1.0632095150649548,0.9694323149742559
115,a7401aee4d6d465977760e9e4b16f793d60f4ee4,1.0773311100201681,1.070131475571543,0.969506173976697
116,32b3f82e4862d85c5aebba2b2b82a931038cd103,1.081483018468134,1.073217150522396,0.9763499951222911
117,4cd6e4b336fbc68d88c0e9bc45a435ce7b721f1f,1.0930342075880617,1.0976412700256333,0.9865828466136009
118,53ea3a9dd802c13dc6930504d4a896bba8287cb0,1.1180225950665772,1.0783451854949817,0.9780831380048767
119,e1863f3582e3e8870205f8a9d1ed1cef1bf536b4,1.0763175931060687,1.07163393846713,0.9690921474248171
120,bbe2cca1925873dea538674b96b53b5cef0a148a,1.0934681234648451,1.0887458204524592,0.9916908744489774
121,f4703789ee8181fb6a71f4250dc8316e81de7f78,1.074664857587777,1.0732745049754158,0.9708104473538697
122,54811204a63c2606e89c4f053c4b9a7215207079,1.0920088699785993,1.0929092816077173,0.9836558614624664
123,60f9c616aa12800e27baef1db0f964cd9da6623f,1.0854987115599215,1.0838234089314938,0.980976848048158
124,651fb50e07a8e11d31bed9c202823da2ce558c58,1.094193585915491,1.0858493051491678,0.9851648875046521
125,72e8904d1074c2eb02558c017880b9a8b3e017db,1.0817096354439855,1.0835068691521883,0.9829374228138477
126,459991afcddfce6fbbae3fa83467fe607f2de7d0,1.1092013786546886,1.1067127177957445,1.0065220780670643
127,263b293d9caf8f54183509275a853de9b8d8839f,1.0923116179183125,1.0849220268428326,0.983138345181942
128,3fbc84a5662ffd985a071b0bbdcd59e655041ad3,1.075233709299937,1.0756080206483603,0.9713530293665826
129,db866874ccb8c8c814df57eb1edca4fd05eb1753,1.0822234398219734,1.1981526503805071,0.9745337311178446
130,f7cb42d52f121656b0a96ad5a9bc5c44506d2cce,1.0902748447842896,1.090409740805626,0.9810572071000934
131,f1d0378d3735aa97a86af3b87b8a9d9ee4575af7,1.06433044699952,1.0601417678408325,0.9672444337047637
132,6eaf8906c4dccc60592dedd0ec9a7aae0e7db851,1.0897730954457074,1.0835707697551697,0.9860644740983844
133,e3c84a44b68966ab887a3623a0ff57169e508deb,1.0721076799090952,1.072322690160945,0.9672121116891503
134,1f8ce6341159ebb0731c2c262f4576609210d2c8,1.0937548545189202,1.0913708051666617,0.9858797546476126
135,f842c487da5096bd3e76a716ca033681981821c7,1.093854273436591,1.0853771553374827,0.9805837497115135
136,04d8d96285e38f1683960611177b360fb1b9718f,1.0687387380748987,1.0634992129635066,0.9700032130349427
137,925f8381009bf63e54984fb4245466f0bef31ab0,1.0678817224688828,1.0634449953213334,0.964813003083691
138,99bcf99750d7da499bf3887e6acf89f025e0b9f2,1.0971576664596796,1.090265752747655,0.9868577613960952
139,912790315033d8a2b8d525eb36db410a851ca1f4,1.102416469482705,1.0949580639135092,0.993664845591411
140,b95ba5d22c8e567afb5085f6dcc8aa0e499fe525,1.0920870625413954,1.0857242599595338,0.9838490870315582
141,a8c8b63b70ce3303e56e2e89aefa7c9995cc2443,1.1016429455485195,1.0967197564896196,0.9937904651742429
142,02746c9f20b8f491fd2cd40d8807b24ddc6ce26b,1.0804346718359739,1.079199118539691,0.9728295539971441
143,c970c04cbeb38c80901a02bc573a9333458d4c4a,1.1029031504876912,1.0969493940938264,0.9983827844262123
144,34ab10da8641ec9c98d8241ef94ae1ee0af946e9,1.0861025212798268,1.0806440939195454,0.9801609774585813
145,d73991e45e097d2d23732f5a2fcb1c9cf61f69fc,1.0918025113642216,1.0934606075752527,0.9867461489047855
146,9c9df9c649361fb651f4b2174e779b3036464ab4,1.1123574853409082,1.117472423473373,0.9964642380364239
147,803386487f14484cfa24af915c24ad75211469e8,1.089524943381548,1.0830835746601224,0.9815841955132782
148,274d5d64a989e44e99a9defeaf8fa1b11bda46b4,1.0932822418399155,1.0869467365555465,0.9921854312997311
149,459ffe5c008863b58805c9177a85668a3e5fb4f6,1.0713862893171608,1.0669173947535455,0.9669084555935115
150,e31f1fac208882f1255edf346ef10c769b775853,1.0829137628898025,1.077191979624331,0.9773245297838002
151,f34c7c6b0edb8bb3044867d5984dfd607fe9f5b9,1.0819396225269884,1.0772456363774836,0.9788068379275501
152,e4630a2f5273307983b6ddca9b72aa0cf5a65784,1.114185338607058,1.0977262661326677,0.9947906529996544
153,3a9588ae8041d611cb1df4be849db88fefc5ea46,1.0831461478956044,1.0703621366992593,0.9864630559459329
154,74712a53df240f1661fbced15ae984888fd9afa6,1.0762647152878344,1.0678647705353796,0.9743604760151356
155,be92e0099d4926be76ab4ec9ca6db6f2471397d1,1.0819406979717314,1.0873014174867421,0.9726631629746407
156,7e9d603664edc756f555fecf8649bf888a46d47c,1.0767893441952765,1.0711290000472218,0.9728731571231037
157,02798e4ce39ae7882b19a3fde209472b7411d48a,1.0748699612449855,1.0665011785458773,0.9694423775654286
158,3329d26c5d1d53f7fca1dfe253fdc43e93f0f6aa,1.0849314008373767,1.0764698958955705,0.9749772895593196
159,bc6000da993399284d2afd4fcfa1e4c4fe0d408e,1.0713205199936056,1.0685894264970557,0.968565111499629
160,c7d83e7412169399586272176d5ad839b568ba57,1.0814403555050376,1.0830164680010057,0.978048734497861
161,8adeca227a39640b0ad4db38ca34a77a0bb50c8f,1.0698819620010909,1.0680946849970496,0.9688762599980691
162,9dd6c60bfccea7f78371e1b88f223b93ae69d037,1.0939286194989108,1.082439946505474,0.9735690130037256
163,48efb02a936da85e395ff29a477765ea3916770d,1.0641325494980265,1.059445646002132,0.9596719350047351
164,3ad444b07ed53cf43d11e755701224a96840de62,1.0837016264995327,1.0774592829984613,0.9768813339978806
165,3f5097baec71b4c6b287534cc938a16b1f9fc474,1.0870127420057543,1.079996286513051,0.9798832379747182
166,4cdd3606160de923fb4054cf93f4ea02a356def0,1.067626131029101,1.0684088899870403,0.963846379017923
167,245b73ef38844395c36ce4c1032092c81253d112,1.078069315495668,1.0739072164869867,0.9692869060090743
168,7b7e7fe4936a0cd8b1278ebc3169463e392a486e,1.0720067789952736,1.0650967810070142,0.9633954174933024
169,d2b0d56350ab4ec48a19349a4c05cea0e2603b21,1.093677378463326,1.0846210189920384,0.9838425765337888
170,bd263912e11f7f79310c5516fab6bd0a7b7c8eb9,1.0683654739987105,1.0688700945174787,0.9643477294885088
171,08690a9e394406562f636f90bcc899430bf3cdee,1.0703369249822572,1.0664249715046026,0.9718444239988457
172,e731e8676118c48770368eb470fed2d77fe82847,1.0923113220196683,1.0895408705400769,1.0120266334852204
173,f1f1436b853f3855d75667ab4055cce06960fda9,1.1101577265071683,1.0979013944743201,0.9870070590404794
174,bde2119e80d14a21950285f2d872b29506c7b851,1.0816288745263591,1.0733200414979365,0.9695169104961678
175,60a1e10c4593736b188b38e7d7c51aefb213af6a,1.0786597970000003,1.0739421585167293,0.9701503650285304
176,233c63a56974de22b846ac989cef1fabe45e7296,1.073652632010635,1.0705676614888944,0.965501705504721
177,bbc0a6b7efd4930053976e55b7937ed4606b5a14,1.0782719779817853,1.0730506489926483,0.9729316789889708
178,c6853c7c27bb8352ab498848439d4fee9eb79a33,1.0901128219556995,1.0813309520017356,0.9880184165085666
179,385575faba79b5c857112199206119bf9ac2277f,1.0715673480299301,1.080804044031538,0.9682423755293712
180,3b294521a7394c2195e6b2980555c6b27258bac9,1.1086302899639122,1.0840758054400794,0.9833439294598065
181,70f4309a155808d3a60a9a71db2d9482c1ec3ad7,1.078775675559882,1.0770918669877574,0.977402267511934
182,e552726e3a5ff964a004d46558f534e7a47cab70,1.0798672719975002,1.077884295489639,0.9755660194787197
183,64fb290a8cb8fa9201f18015f3de1186e950a137,1.074633875512518,1.0754645349807106,0.9724796810187399
184,f981a7ff4b02204f215eb089ce77f9a3f3906b1e,1.0815392624936067,1.0811783615499735,0.9825341410469264
185,0d2536650ff1b750a9008cfd2893dcc1db58f94f,1.1090910440543666,1.13356291805394,0.9936814100365154
186,bf37644ca5987f5fabfe72be6da1fcf7a0b6b6a8,1.0729482114547864,1.0695591974654235,0.9705819070222788
187,57f2a6fb79a7aba317f3fb57a0f1e2439ea99481,1.0671676049823873,1.0619855260010809,0.9727203875081614
188,a1454867ab910a356588c511700c99ec6bef93b5,1.0849124629748985,1.0795794564764947,0.9789277530508116
189,ffb6f185b5775c612524496e98c8e6240f9bfccd,1.0920595889911056,1.125355812953785,0.9630113615421578
190,02e6b062027666b22c68d91e280b28f57ee9c2b5,1.0795930373715237,1.0736195214558393,0.9723367859842256
191,a2a6d0d24d99703ded59c31b98b259900469762f,1.082401774940081,1.0825502990046516,0.9807473790133372
192,ce40769276729d7bde07eb556398a5f47b8ecacf,1.0666078159119934,1.0831109981518239,0.9630559984361753
193,82226d816c67a80ff634fd202c1df32865175232,1.0807321993634105,1.0725656320573762,0.9756131540052593
194,66685909f174c38ebfbf7f733f40bcf7d9e86d48,1.0784927426138893,1.0715458954218775,0.9659824321279302
195,015eb5f76e1dd5b38b08bbe8b648fdb34b25e938,1.0843610119773075,1.0792481795651838,0.9766625080956146
196,33e1dbee8d9e11a3e96efaae822ff6f3c44e3cef,1.0821649194695055,1.0759611390531063,0.9741082919063047
197,821c53daa1261a6285cb85c106eab25c4d88ea2a,1.0744930314831436,1.066047688946128,0.970149660599418
198,34d7d395d79f880dc9e156ff83af0cf5844867bf,1.0855610319413245,1.0751424815971404,0.969955375068821
199,6525ed58f1757092d73f33ee8717be2b5988c3e8,1.0955615555867553,1.0890552869532257,0.986795954988338
200,e6d04db287a4421edb3a060fc84d9f8c66718cb5,1.1056261784397066,1.0795954305212945,0.9744831541320309
201,cb107d1ca6ac633702650a21152de7d05d31862a,1.0732920604059473,1.0680876154219732,0.9735515860375017
202,0630be4c479f36113e9c3bac50a11d163d2208e4,1.0693598304642364,1.069518567994237,0.9843912059441209
203,d92693b9c7f36679a7703a72397a2993ab158f88,1.079543098108843,1.0734576049726456,0.9717406649142504
204,058af7581d22d15bc45f24283cbf5374a6a02541,1.0828878040192649,1.0809578915359452,0.9760779135394841
205,60945085cfd1abf4e04db461040bc675f1d325c7,1.1327789640054107,1.1275405389023945,1.0270614665932953
206,ed7d967ff37b649a3b5ce8adc51cdf4ec9dd39a3,1.0896828244440258,1.1104888456175104,0.998177686939016
207,26cff95893d7609b7bcba4b6d374835ad975137c,1.08399182849098,1.081866346532479,0.9759692765073851
208,d49ecd53dbbaa9abdbeae6b5ac0486a2df376566,1.0763106994563714,1.073001927579753,0.9699349369620904
209,33963bac8b276f2f2a6aa25e80caddbf23d9ff57,1.0739386224886402,1.065946965944022,0.9689756395528093
210,88ed1552809f81e2ec8b04c8874443abf14e6f8e,1.0757410165388137,1.0715002685319632,0.9723500594263896
211,e695dd02a5c3c9cb0ebea8eebc72915af9deebdf,1.0747177825542167,1.070951457018964,0.9683634905377403
212,57adb4bb6a8eb46fed597d4a781e47bcb86ebe11,1.070519041037187,1.0647997685009614,0.9652369314571843
213,5165c654dbb2b08e8a38ac437ab35611726bf26b,1.0928119535092264,1.083303356077522,0.9811301594600081
214,d19c664c70a3bcdd728a2a78bfe424491bdf2fc0,1.0856050866423175,1.0753469249466434,0.9761839801212773
215,b93b67ca5c208dbb8d0d0cfd640dd6125dba96a1,1.0718750421656296,1.0647920075571164,0.9599033565027639
216,47a918f644da4ed3947ee2f797c790027041f29b,1.0822127091232687,1.0770085459807888,0.9770510039525107
217,565fe77f9ed8ed5720b42ddc3dc30947a1f3e9ae,1.0708133354783058,1.06123981194105,0.9649133366765454
218,24d368a809827cd2cd787a470a65b4a7cd721d10,1.081969004473649,1.075672708451748,0.9743070990080014
219,48896f5ef84e1b1f89c37ab85ed256c4c68796b6,1.083251099451445,1.0867571039125323,0.9823525839019567
220,e6b8b19ee832ae89289721301a4f5afcd454ec4f,1.068583763553761,1.0639256979338825,0.9623154420405626
221,d5a3e2747f08da24ffb8b889daacc47890b72c5c,1.096779587911442,1.0887969341129065,0.9923671709839255
222,86fe6658e8ae9dc70825df110d444e3780ad1ad8,1.0716064705047756,1.0717174935853109,0.9703442089958116
223,88eda2f2f430e2f3b7e580fe38ac31e4c5fac942,1.0776448210235685,1.0689321120735258,0.9717803038656712
224,7f1cef6b4700c4df135abbeb446458ee468d3d98,1.0732028745114803,1.068229723139666,0.9658469600835815
225,73157efcd17da95ce984d1595ac4907233b9dbf5,1.0811327591072768,1.0611584429861978,0.9630852084374055
226,81829432b3a00ae8ebe46e53d181810b462f0024,1.0689206019742414,1.0653385785408318,0.9673654385842383
227,2dbfb458fa3e96203f93118a9d142a6bedca9271,1.0689730370650068,1.0914211994968355,0.9671574860112742
228,3f6bb2073418e0ea0d88398e1848e2aa3f1b53eb,1.1385992768919095,1.1111292134737596,1.005450188065879
229,cf1306a842d7b1064270bd06951a485121e60816,1.0692089960211888,1.0591288624564186,0.95854664046783
230,9ebd2bfa64eab788d529af7404f85dc3a58ff411,1.104202140471898,1.0705581590300426,0.9680163949960843
231,9b10c12e9d173d8b67c50e97e6998dbc57a549d4,1.0827355874935165,1.0786255040438846,0.9820306078763679
232,225c3360721ba515de88a1e191ede58e8b95593d,1.0751178103964776,1.064585320535116,0.9647182108601555
233,923e77abdbc22c0ee5816086a334617bf7935f1c,1.0832791584543884,1.0765903169522062,0.9973228359594941
234,07a97601175f44ecda357514c0b91ea5139fb04e,1.0779869356192648,1.0743836980545893,0.9691921379417181
235,23e42e91052df51b55719b7c6759d3480b295cc9,1.0920433385763317,1.0857964225579053,0.9869355845730752
236,c20f08accae9d2b2bafde2265d7d30b73b059035,1.0783532040659338,1.0705507965758443,0.9730842662975192
237,789b21719fe89a3b38cae5a8800a4c0c3886a0f0,1.086378621403128,1.080690714996308,1.0131988765206188
238,2eed8784d5946e420500bf87f9af305d87aaa055,1.0853657075203955,1.082992755342275,0.9803320094943047
239,590201aa6ef313f9d34fa4136d6f0b3b3c36e951,1.1317775163333863,1.0878330410923809,1.0037170664872974
240,291ac7f21e59440d249d0afaed3213a79cf70535,1.0783933254424483,1.0749420698266476,0.974929844494909
241,9e37e585cc86ff6dc821d0566baacc137cb16343,1.075732444645837,1.071890406543389,0.9722543789539486
242,2378c3c987c479cca27470d3d66b5d50e91ad673,1.0759012673515826,1.075559549499303,0.9741215819958597
243,2a267e6a49ed68da01761c92deb7c90be207660d,1.0871521702501923,1.082550397142768,0.9801778355613351
244,18af0e10878fe49a893fd576317dabd424c7ca16,1.0679193215910345,1.0688428524881601,0.9626157023012638
245,86472322736260e7c2fb2ef72e7d01925adc9de0,1.0814164481125772,1.0736237475648522,0.9745734583120793
246,c954144b7682014428d547e7cbbcc154a8cc5fa0,1.0633184278849512,1.0594378679525107,0.9577623044606298
247,20d5999e2f01c32876368b97797047c3adc536bd,1.0883149441797286,1.0786616229452193,0.9831901655998081
248,d3d594039815cbdae8e9afd281d629d0ee266b84,1.0943775330670178,1.088335240026936,0.9812164288014174
249,0cefa592833151266d3e0fc2f258685280b0713b,1.098356527974829,1.0978500870987773,0.9942826591432095
250,328135c3a355baed063a1ccbb224c9dc1b71a464,1.0630721647758037,1.0598175621125847,0.9604647334199399
251,156cd054e007b05d4ac4829e10a369d19dd2b0b1,1.0921542386058718,1.088567069498822,0.9829450373072177
252,822e00b9b87f8ce41ccf8112bf4105ebd1657f83,1.0816055212635547,1.0737974755465984,0.9748273964505643
253,aeb23741b1186e6ae525c4dd7f46ce9e1378e670,1.0921999630518258,1.0887151416391134,0.9826792806852609
254,4afd82d8dd2c1ef48c62bdf875a194e407f2d2d3,1.0994605275336653,1.0946777053177357,0.9963279028888792
255,2866c83df6f080393f9fe2110039d1ca272232fc,1.0842734626494348,1.0789899353403598,0.9799294075928628
256,f0171ba7643060cf7cf05a27e24ce66f09d5a9e9,1.101410017348826,1.0937869581393898,0.9907751919236034
257,bb6b86e2afe88b371badfcefe298945002e47006,1.0886095720343292,1.0748479838948697,0.9730862760916352
258,07a54df60c6012da3b02a248c65cba9688681109,1.0857051694765687,1.084495541639626,0.9797666729427874
259,588a517b68d9f273b607622dc854b1b3d014ac58,1.143415719969198,1.1146226690616459,1.0070186567027122
260,a34cfc9cff3886ae770cb0a2d527498d60ab24fa,1.0967878142837435,1.0932744175661355,0.9903851023409516
261,d4c08f977ff7ec0bb7e043d9657b8c0747efc169,1.0840420313179493,1.0830320585519075,0.9767915799748152
262,4c6f0f88df24180bde7475030e3f40680a150e57,1.0968411432113498,1.0909109904896468,0.9914437746629119
263,a72b89c7c2e30f5df5cf27f68b6afd45361934fd,1.1119181297253817,1.135468139545992,1.0278936075046659
264,18da0ef0480920c6256627ed91469a40997ba4f5,1.085928390501067,1.0801897244527936,0.9790689910296351
265,9af9a963b9b154dbc958f05480dfdee6a2965292,1.0932252905331552,1.0912528010085225,0.985242796363309
266,dbc4f5d3fff330a842576427674ee4fc5de0164d,1.1174263849388808,1.1075719869695604,1.00180194247514
267,8eb6424128b4be16bab4115f9d172b32c397972d,1.1026207944378257,1.1069891133811325,1.0024659091141075
268,eb2c75189c9814dd463e0019419360b860d59ec1,1.0925886584445834,1.0908312196843326,0.9805140434764326
269,820a439494aa8c5a199edadd6bf38af400f67caa,1.1191578954458237,1.1270003004465252,1.0065470186527818
270,4ccfbe69b7a8c511d262a9759e576bb87ec119cc,1.0983663129154593,1.0881085554137826,0.9853284610435367
271,a5aae4f4cd852b64f5f36e8c225895b3a2113c48,1.104618261801079,1.1001204522326589,0.9939687536098063
272,99cf84aed1751d4707f6f0c2cb9fcfb460f56ea7,1.089491878869012,1.0849880769383162,0.9829768461640924
273,dc11e03f11b9354a84db0848e7ddc277ab779b68,1.0996707794256508,1.0923036471940577,0.9897818914614618
274,b4718373f5412ea0d52ecbe2a3f9bbed824953a0,1.0891058335546404,1.0864556040614843,0.984657931374386
275,b9dd2be0108cb312b4c34239a1dc8d24ef3a05a9,1.0814361602533609,1.0756962574087083,0.9759970949962735
276,aebaa8d2dbff7af620a2fca3b5ca9fbb08d4c60c,1.109991475008428,1.1078491285443306,1.0021804186981171
277,2ce4ab4063457f558e5aab1051aedc68ea17eb25,1.114444198552519,1.1151890670880675,1.0054840166121721
278,7b0a764fee6e1614f3249e9082d8c4acf1dc62d5,1.106761877425015,1.100706021534279,0.9944205072242767
279,bb76bff17f86e468ca9fbc5071d95782dc932c10,1.0948087484575808,1.091471726540476,0.9846868854947388
280,8fadcf13ddbbce596d008e206bf3127cfc379377,1.0872078915126622,1.087469214340672,0.9848620276898146
281,fb27bd593222f42b4dad5286dcb9be4b74f34273,1.1018625947181135,1.0981735526584089,0.9966348486486822
282,bd178b3836e62064bd894a8a2b4c9f0ea71452ac,1.0823977149557322,1.0807759265881032,0.9764849289786071
283,136185cee387e0e3638abf38b4faf9b0f0cfadd7,1.1215049305465072,1.116933141136542,1.0107380575500429
284,76e80b35bcf279f7837b999cc8c7d6dd2d0a3402,1.1048951221164316,1.1058753540273756,0.9999319182243198
285,32f1359fc2d11014b240dee2270acea1784a34bb,1.1026541523169726,1.0954487933777273,0.9916641504969448
286,854f95a25d702bcc3b1373defa9ba70de9ce32b8,1.10312239266932,1.0946905119344592,0.9961878743488342
287,9bbb13b81d842dafe8ea4e03dff9b9b6c021fd71,1.0795616719406098,1.0731343140359968,0.9751682977657765
288,ac26202be0fee25871845e2fb479bf0b09be2b3e,1.0911886468529701,1.0849286823067814,0.9839046320412308
289,04934769d5d667404dd311256632618a13625e91,1.0945976020302624,1.095168188912794,0.9883163855411112
290,6c44128939d0bcf60bc1b89a5c761b2ecabfdd3c,1.1257678845431656,1.1580011434853077,1.0058686884585768
291,84626f2cdf1e14fcd5acfad5169afbe6830a0bed,1.0872454491909593,1.0800706860609353,0.9811292660888284
292,395b754902c6a31ee34d4a985bf612d712c25b08,1.0919983475469053,1.0868310329969972,0.9866405935026705
293,0645461254a2110438b6df63ef193c1138c306ec,1.0807316461578012,1.0767025814857334,0.977557972073555
294,c0043831c46ec07fdc34999d664af654ada0825f,1.1006637013051659,1.0949596408754587,0.9967286593746394
295,444bbc9a787ab1d8a487085e75772db210a77699,1.1221544785003061,1.1146558685068158,1.008717347001948
296,ba1fdc94b0d7358c993361bdd73feca09d38171c,1.0992547090063454,1.0925944459959283,0.99253944150405
297,d483de0f32baec73b0856230dd35f08373ecbb85,1.120507395491586,1.1158214810056961,1.0160053610015893
298,043a0421504396fa7ab0f27d66f8bb5ea539606a,1.1020588940009475,1.093958665998798,0.990776458500477
299,56388f8f582b7800bc3af84958e2d1b0eae1bc05,1.111740156498854,1.103873318999831,0.9915440955010126
300,119a0330c9cbeb13fbf8801b4f5d956659ff92cc,1.088589076000062,1.0827829109985032,0.9806817889984814
301,788976979452a2d0758040c3c79b9bcf9c78b7c7,1.105127596485545,1.1002197030029492,1.0007687699981034
302,1245f9da021d65789a3332f0e046ca30d518e9c8,1.129425009014085,1.125761544011766,1.0152142535080202
303,ca39060bd4f98657139f782ff9c02a1f095ed3dc,1.0926873030111892,1.0872706714872038,0.9893812880036421
304,7b2b9f53503eba60da8eb6e3646cf3b9ab342b61,1.102103380500921,1.0968879425054183,0.997813934009173
305,d8e0863c76c23964974c454e043d6f9e0c9d29be,1.100086010497762,1.1175641775043914,1.0032047554996097
306,fcba5a6c901717110b9767b418df410d7c8c6e73,1.0872723409847822,1.0831218325038208,0.9856108514941297
307,bb100bcc3b4975819c9140003463f39b7d8e255e,1.0763773879880318,1.0729023849999066,0.9712448619975476
308,ab5dc576c1ab55e2a2ebd7efd5e125fac3e84879,1.068408310500672,1.0709031884907745,0.9659308455156861
309,2dcbc560320cb70c2664ed442b9083f80b23840b,1.0821388565091183,1.0839582355110906,0.9769874694902683
310,bffc8b422d7741ae47d0c5604bda475d3c92aad6,1.0773285210016184,1.076785536017269,0.9814178439992247
311,723a92e463112b1163e5adb071644506a24027f4,1.0977402054850245,1.0873720755043905,0.9853073990088888
312,a8a3fdeec2c19a1ec776c3a33062502962e09cce,1.0918435735220555,1.082138774509076,0.9794491374632344
313,9563a3a63fd3dfb3b687fbabad134b5ded72bd46,1.099475948489271,1.0884404034877662,0.9877608045353554
314,3cd6c57ffc80fa88a3c4c268f53d8d08d37e3fe5,1.0978627474978566,1.0940445715095848,0.9890712040069047
315,ab22e0076608f4825bf9a3ca1b6a0a6a7a670d14,1.0958308140106965,1.203523344505811,1.0120647470175754
316,c5b2676a5cc32b316a76d4ad636b6b3109f09c2e,1.092451152013382,1.0863398909859825,0.983952579961624
317,b10ee24730097204b72c12bcbb74555083e9b54b,1.1014371360070072,1.0938581905211322,0.9970208115119021
318,08f9eeb4a39761131af059b944225874835e94b0,1.0870110419928096,1.0814344699901994,0.9792691259935964
319,9c43c1f8d06b69715f03646cc26546f3bf4bc71f,1.0952623044722714,1.0878096365195233,0.9921499750344083
320,43683b3256a86659f230dcadbcde1f8020398bfa,1.0909536675026175,1.087641235528281,0.9884301199635956
321,8829b807a841911ce18e79b308fee9fb92fb91b6,1.0802328675054014,1.0785091654979624,0.9797964669996873
322,5c3762157a0cd7a6a036a2144a5fbfc5278a919d,1.0806633250322193,1.071601778967306,0.9723866520216689
323,8fa7f5949fb2452715a03d26bf83f85d418dd55b,1.10466453502886,1.10216192092048,1.0182258120039478
324,3052bbcf1ec4de331154f920dd9bba0bbc200b95,1.0757680585375056,1.0736880535259843,0.9761420845170505
325,5b5c15e3096f0f040a70040dc006fa23fec371d0,1.1037503075203858,1.1034713225089945,0.9987953929812647
326,0fe3a700a559d6bdf05d7aed95528290d3aaa698,1.082883270981256,1.0753120455192402,0.9694591140141711
327,9bc70e740253b4314ccce42bcd29c8f24875d704,1.107629364472814,1.17139071499696,1.0458031870075502
328,d3cbba2ee0ad9909a3fa2f33b23aeb94785fd37d,1.0855405264301226,1.082493481459096,0.9800029484904371
329,9b7a4c97491c53e9f0602699facadad26605752f,1.09321798797464,1.0850954175693914,0.9858266725204885
330,3eefc256a7d87fdab7aac059b61f7deb2834d517,1.1046715039992705,1.0978893709834665,0.9969753219629638
331,c96717f9fa0e9efe506ad4eeebf36f5a8b27bd80,1.0912971469806507,1.0827029870124534,0.984312467975542
332,1a12887866d06bd8b24d07f7109cb08e7e82e12d,1.080017846019473,1.077456244500354,0.9743565035169013
333,9dca4085c724b3e62d54dee33e42ebdba3bb975c,1.0948846294777468,1.0812152889557183,0.9822230755235069
334,4c83c0444c68b89b051f7ef8d8eb1a2276439d78,1.090881425945554,1.086364607035648,0.9845617004903033
335,d62b0ee88b20e5946fe49f0ba533b3e547e4d4f1,1.0874802529579028,1.1085700169787742,0.980231627007015
336,8b15e57718042c75af22a25a7d604fa0f938f16e,1.0839822190464474,1.0776457145111635,0.9789828359498642
337,f8c608cc7a8abcfaea1cd655ddaab47065c5b1e5,1.0860205485369079,1.0807612080243416,0.9813162264763378
338,7f7d14a2b6e1078af25233bbdbc5d8533529fad8,1.089815567014739,1.0853497490752488,0.9847914124839008
339,b219f69db011a89e6c514ee487dc437f607c4d94,1.1008266770513728,1.0935769280185923,0.9877264239476062
340,93d3e7c247b66ec54d1095df30e99a95b4af9c72,1.081640467979014,1.0764470495050773,0.9735414125025272
341,49d62f84df0a82b10b3623024ca66b1f09958072,1.122078862041235,1.1048505085054785,1.0175413705874234
342,43f80863ba2994a186293d86d516204ef38b0043,1.1274062709417194,1.1253922905307263,1.0191507134586573
343,2351cf4976b940eda199f9a17a12bd170d9b326e,1.1067334840772673,1.1014358309330419,0.9942793269874528
344,ae7f9a2cb71cccc9d49cd343e238464107397814,1.1087094590766355,1.0978127609705552,0.994665460428223
345,4403503b501a46e4eeb9f23e010e913ac5bd7a95,1.1000429764389992,1.0939760159235448,0.994601376587525
346,5f071c67660dd3eedd6eddb39681cd2943166e68,1.1295073145302013,1.1272851045941934,1.0192498619435355
347,cfee2df31bdc127c345894aee594cbcbb8cddd0e,1.1355684529989958,1.1326210930710658,1.0243360365275294
348,e77b53a880edf16808488084c67ef090c69b3258,1.1180938694160432,1.116876604501158,1.0119306745473295
349,a20eca25e9b492efedafea4b7c5d84692d869f7e,1.1187744850758463,1.1144539089873433,1.0072007840499282
350,cb5507025e470ddf485bdaa115ffff07ffd0076b,1.1101290715159848,1.1018470184644684,0.9989446660038084
351,0ffaaf8cff4855f4127ae6025ec271bfe9c8666f,1.1105394068872556,1.1057322390843183,1.0011964334407821
352,509b5ae4a7bb3c99324fd302ead1bbf4b130c741,1.1415919193532318,1.1360184970544651,1.0306332828477025
353,3dca0c71d1446f4730c2b72d67719467a5ce528e,1.1109507329529151,1.1041014725342393,0.9994424739852548
354,4e61c8958beaac5a276cabe30f98721ec50734b8,1.121256698970683,1.1129021240631118,1.0098137388704345
355,08edcad74d32d89f6b60cab43d61e58773e2e761,1.1176557058934122,1.1055107754655182,1.004467134946026
356,4a4ca3946510a5f6d888d48d185d3b5d3532d03c,1.1264262505574152,1.1168039650656283,1.0155799725325778
357,0dfbc057a58f4992843b78847115225019e9d573,1.096183415967971,1.08992816391401,0.9866203260608017
358,c2313555d7d202e732872e9a55d717d368004aa1,1.1374479519436136,1.1265053170500323,1.0207260724855587
359,a64510672cfe7a6cc67a04b8f3bf1d47a938c353,1.1101209474727511,1.103416736004874,1.0008457724470645
360,5d24993c2def9e3a368e29ee64a0d29f110d1657,1.0915974229574203,1.123328537447378,0.9871325143612921
361,360ba0572483457837992d711a0a00580741fc88,1.0858876780839637,1.0774174120742828,0.9806541869184002
362,5da4a8e1835a11d5a03b715e9c0afe3bb96c883b,1.0742947919061407,1.0707031873753294,0.9707641626009718
363,2884e617b2d93010707525071c4308c3356fb8cc,1.0878401140216738,1.0825337944552302,0.9808248453773558
364,8fee756d8c9d2f5fe211fd9feb999c0da8a89821,1.0837972674053162,1.081516199046746,0.9813752241898328
365,b88b2c0c19851810d4ee07f03a7734b6e19dbdaa,1.087646801955998,1.0781832383945584,0.9713863676879555
366,ab24dc6130d834fda0744c193f002b3a5f671a90,1.112818255322054,1.104343207553029,0.9989479414653033
367,e0ffe3572b37190d9da5b1d07057e4e038bd3197,1.076278655556962,1.0662534383591264,0.9695278515573591
368,950c6340164ef502c032d11f50130e4bd270c875,1.0776013429276645,1.0725000521633774,0.971089830622077
369,097888c917d75fa85788ce7b4edaa98b2bdc6ad1,1.1178804994560778,1.0911799969617277,1.0552429407835007
370,1713503b4117550152ca47feee651e67275f3557,1.0831171080935746,1.0793434050865471,0.9795109929982573
371,269f2f2d30a2c6ef3c435386aa392b5b1715c662,1.095207042992115,1.0970988895278424,0.9906906844116747
372,a0f9f503f2dbc9492e7cc20b52623993ced6214a,1.1137967430986464,1.1087458070833236,1.0089216839987785
373,f09166e85cea7c1639fbb1054171699394ecb62d,1.0907147005200386,1.0891834807116538,0.9851053291931748
374,94b347e867759325d8586ad3d1c3e01c590d83c1,1.1000135722570121,1.0920001524500549,0.9920593330170959
375,c0628451db9c87ff0b11f07e68e3d30a954f1ada,1.0947179095819592,1.0885930538643152,0.9887856508139521
376,98dddf908dcdae90930e09c40bc92135bd4407eb,1.0995024659205228,1.0936307965312153,0.9896666791755706
377,918ed48eeffaf26b6ebc0d9a1296d756a349bc7d,1.1000803858041763,1.100256800185889,0.9928009435534477
378,520b7d12256fcfcb6a2b3791f8d1bd3794302af6,1.1102376149501652,1.1054302079137415,1.0026815738528967
379,7571d4ad2ca1be26a76c153431c937dbe24490bc,1.1100193441379815,1.1055332110263407,1.0061697734054178
380,e38a64fd8d78d838f950db685a16337aa78f9940,1.1113251571077853,1.1187288940418512,0.9957098430022597
381,44f8f9d6a73920eeb04ca577267b68b90cef6e3f,1.1069491105154157,1.094672362320125,0.9993362589739263
382,ba77419b101535e8ec14192c35b924b32b6a31bc,1.110779735026881,1.1032467863988131,1.0031219692900777
383,24a470494ebf452931ae9b7bf94689dfcca1fff0,1.09620829555206,1.091130952583626,0.9871540500316769
384,30cc38701d010d1cc053ddb9856b2d522c33c0f3,1.1281208500731736,1.1255415950436145,1.0221429865341634
385,d4ba8edb36eb8f272274d835294533eb00b0e57a,1.105147329857573,1.1024870830588043,0.9992545084096491
386,af4b110273346e5969fba04365bc477747529fe2,1.1126212237868458,1.10043482366018,1.0016607155557722
387,b66d03dfc4958d159c5dc3ddc9075f8bcc47f9c5,1.0948624624870718,1.0894759562797844,0.9877035154495388
388,4635c9966f9f9a1bbb775fafc4096fddee8160dd,1.100735686486587,1.0937949183862656,0.9950346173718572
389,220ae326b8cc407f3e4fa3c5d243c71a84749605,1.0949231353588402,1.090068656252697,0.9838108103722334
390,8d161acfdcaaa5f09efa7c2f675e74631da6b293,1.1166944899596274,1.1089367563836277,1.0033774205949157
391,f4aadabcc0e1968f3b309642af52ef11ae77ca01,1.1152314059436321,1.1116497181355953,1.0068888841196895
392,c2b9d20cd6a8d28785972bd883f11d1a7fc3a8fa,1.1080972959753126,1.094951453153044,0.9919592344667763
393,8988d371ba3652daf991169750e48b01aa16240c,1.1025549478363246,1.0937240147031844,0.9974911625031382
394,f1f8455865786829edb1191dcaa8b9a46c036106,1.1092095584608614,1.1034300969913602,1.0019592884927988
395,68b06ce36f7d9201481b73c150e2ccb3b5aa9540,1.1175423227250576,1.1168234010692686,1.01239423872903
396,d0a457f2d16b64373e689c78d53f835844d5b432,1.1183856853749603,1.1190132529009134,1.0104869799688458
397,1e4c12dcacca05adc999c8f74608c002f1c2896e,1.1121694708708674,1.1100594284944236,1.0046120788902044
398,76930e7d0c22e227c9ff9249a90a6254c5a6b547,1.1275573612656444,1.0978022697381675,1.0085020908154547
399,c924809ce02135db2349187ca94e5a985840bb96,1.0913294914644212,1.0843519698828459,0.9820920960046351
400,ada944199d09c0e64dbd9282e31ec7e766d847f4,1.1030069058761,1.1028300223406404,0.9958804037887603
401,d3cffdc67589a8189e5aa490a21bae4228fb3d96,1.141553639434278,1.1333945624064654,1.028314099414274
402,c1e3b726c0ea767e38b5cec3966c5b434e62f215,1.104961015516892,1.0939692822284997,0.9948289759922773
403,33dc7bea24f1ab6c47047b49521e732caeb485d5,1.0913282006513327,1.0831638786476105,0.9832214035559446
404,c310f75c59fb5cfa2fcb58922db5cc78a304d447,1.0845691186841577,1.0780404349789023,0.9817114677280188
405,03692a740083a7ab54cd09a7c564cd1bbbe5c067,1.0927842054516077,1.0910215345211327,0.985955131938681
406,e1f168276986395fbd6fe3e6305ae82d88b81a12,1.0985561171546578,1.0992706154938787,0.9952768990769982
407,e481e39350847af034bbab8e1237ef0085714886,1.0875460559036583,1.078347307164222,0.9796283089090139
408,4ec84c5ee225e43ca27930944f74ccc04df39115,1.0715277537237853,1.0611283623147756,0.9571691385935992
409,8b6717eda19732e93d5d0802f68005b585e7c6b3,1.0676500245463103,1.0624192969407886,0.9633916732855141
410,266a6cfdf47b7065ac2c0ebc660488cdb596cdcb,1.0799820388201624,1.074305911315605,0.9786609006114304
411,4950fd10e678faea859fc8d8bd5d7ea9df2007b1,1.0876681134104729,1.0791408277582377,0.9793160534463823
412,92bf2f6d81252f97a7acc69fcc016636b29d1277,1.1001592590473592,1.0985104555729777,0.9922129050828516
413,e538e11d2b0acd93f5ce74fb3c6a0e25a4aa3ef8,1.0777872470207512,1.0708951805718243,0.972185141639784
414,b1862a3006a354be01b860a1a23f100e6401dd1e,1.0772408784832805,1.0708254899363965,0.9781289640814066
415,0b311f4f6c5208946f72d022a97c818c58178b52,1.0960560648236424,1.0897693855222315,0.9801441105082631
416,45840adcf20eabc665d2fc17f28bf93e75bdf20a,1.099772092886269,1.0931912797968835,0.9891908662393689
417,1de46fe2feee9d3c500a83331ac9b75af5aef947,1.1266917057801038,1.1222493452951312,1.0194676043465734
418,643bc75dc8537de3722de745752a1eaa065cf4bd,1.0856466358527541,1.098245435860008,0.9827220740262419
419,90bcdead2c29f535f4140782610dde10ddd38592,1.0957155344076455,1.0855999081395566,0.9884787034243345
420,7a505741392ee24cb85ee096eec3b3e4a624ac15,1.0872854636982083,1.0864040709566325,0.9825367105659097
421,953757c691b0ffa5c4e0e0f58fd40de6ae983d52,1.0930522484704852,1.0842589454259723,0.9875211275648326
422,a3c09377e80a37deedc486ec30a7e852b7a8e564,1.1031054358463734,1.0988649160135537,0.9933328335173428
423,905075211bb0bae80cb7f837419180f25a253dd5,1.1066761000547558,1.0999344408046454,0.9935938133858144
424,b01a4732cedf8ffe6def3a877e22dacacc796bd5,1.0853178608231246,1.0785732623189688,0.9815886651631445
425,4d290795d4e8c60053eb789acf173159dc4c1575,1.120027084602043,1.1312166531570256,0.994255245430395
426,bffb00600e686d7d321d5b7529390201382c41b7,1.0893430118449032,1.0802691464778036,0.9754253891296685
427,fb5aa9dbadfb216ee75e76ca3c7e3bae204eaa20,1.0866152674425393,1.1125663134735078,1.0057803820818663
428,695eb87f10af2d012937492d4943b59b57cdbfaf,1.122341565322131,1.1071327945683151,1.0056625108700246
429,b6f8b211d79327948d2c6972a62e0700975d613b,1.1250481368042529,1.1130914352834225,1.0068843895569444
430,26f8b11b6e5529789d8e8f6c677ac02432d84f59,1.1148465184960514,1.1084183719940484,1.0055163842625916
431,91d9bbebc159ada6cccd0e1fcec1926e26b19c6f,1.1390125886537135,1.1351118255406618,1.028624014928937
432,9e26d1d2be7a961a16f8fa9ff7820c33b25415e2,1.1401711674407125,1.1339438227005303,1.0208207750692964
433,78a58c3d5b9b5fb5d7def57bc5b026e539744910,1.1060547335073352,1.0973207354545593,0.9958727131597698
434,ba596df4cc23445a117c3785239a75a3cab6b2f2,1.109850451350212,1.10258493386209,0.9983230233192444
435,cfb6a4d88d88307d507a86d1d70cd7d84c611406,1.0980163421481848,1.0953190801665187,0.992921344935894
436,f1e479659566ab798bec511c97d32b0ab8b645c9,1.09988809004426,1.0919397687539458,0.9895853898487985
437,779613108f2d7a138bf20c8e6c82d9f98e2cde74,1.1205980987288058,1.113670761231333,1.0022516325116158
438,fd1b878b62469cc9cdcb80e66bdec9d2949d8133,1.130603355821222,1.1234813169576228,1.0157759189605713
439,7a42940e610b77cee2f98eb88aed5e66ef6d8c2a,1.1343558374792337,1.1267931796610355,1.0283750030212104
440,8e956b4f613d1a7332f0a07f53afe0855ca59f83,1.1053920448757708,1.1097807888872921,0.9998839334584773
441,eff302e5e8678fa17fb3d8156d49eb585b0876d9,1.1253509717062116,1.1255441810935736,1.0163803631439805
442,e3722cea8adb7b66084a7edbc6afb978c5521c16,1.110539609566331,1.1077792723663151,1.0023821601644158
443,1d2eb4b33d115b88681a3225172a5bf8629c6211,1.0969173908233643,1.0947946468368173,0.9889098685234785
444,30114c3b34feef351143fd4676839eaab93af931,1.0985050201416016,1.0986452880315483,0.9922634926624596
445,e4feb7027e397925d220a10dd58b581b87ca1fec,1.1318451068364084,1.1313561438582838,1.0264686741866171
446,de3fcf1473c7a13da1f8f643f6bf33c0c306f73d,1.1049474379979074,1.1295878887176514,1.0197119694203138
447,995ea11dc9fcf746f52c0e942cd1cf1b3a5c1a03,1.1203207443468273,1.1140557490289211,1.010153658222407
448,23d0c17dec171c2d7c21bb40be773aa809ea2685,1.0966362776234746,1.0909144394099712,0.9914278290234506
449,1342aaa49d9544029f1ff1e56b404adfa1bef468,1.13195268670097,1.1251033204607666,1.01765231275931
450,74e135b261e4613963cc50ddb97ac2edbd5936ba,1.125484854914248,1.112020717933774,1.0099952197633684
451,812b696bc47cf1fc71719758aba43e4be4f6a512,1.137161798775196,1.1283494597300887,1.0248192050494254
452,c9f9081fd7156e351f7a30d8e3b75968cc5503c4,1.1107276598922908,1.1093775886110961,1.0038224635645747
453,ebe111e30186fe24473b854db789172c11c67d4c,1.133442871272564,1.1164688263088465,1.0213920255191624
454,3fc052fc6e64c6306974d4606551cc9b4711039f,1.1188817974179983,1.095787201076746,0.9796628099866211
455,8e038f4a930c0c899e599ee58a56391e026a608f,1.139962439890951,1.1290505263023078,1.0347377164289355
456,b6391657bcbaebf9b917ae2f4472ba9c8e872cba,1.1049047317355871,1.1037773988209665,0.9950652895495296
457,c4693fe6f291ff142f6729ba1d3d6baa1b968b38,1.1265840115956962,1.116262505762279,1.011835212353617
458,d7a75e8e8fefc433cf6e5305807d5f3180954273,1.1098103448748589,1.104282608255744,1.0009049256332219
459,d714c8244011a01dfb6f6f453da132a9b10fd935,1.1074367142282426,1.1044470979832113,0.9977380274794996
460,5b63f260933672b7182daf4fb15ffcd15bae68bf,1.1029107542708516,1.1005183444358408,0.9914890290237963
461,bac54ecb0b815eea2e8116d21aa96e1387793468,1.108231435995549,1.1034427345730364,1.0041150827892125
462,80354c5fd729ef3bbcbfc41a661fd0cfb0f4a107,1.1194905703887343,1.114641651045531,1.0112502533011138
463,b2f29f2751a8c9fcd83bb106d5e020d1901377d6,1.1255309348925948,1.1459962627850473,1.0431759105995297
464,dc3fe03617103814d56941b74f4ebbf9b33cf3b2,1.1069559627212584,1.1017594896256924,0.9979208284057677
465,3095b43db1831d876915bb581078e8d11c9febfb,1.1179548148065805,1.1144211739301682,1.0073867365717888
466,811f9eea3b105919846760a6eca4edd22cc11c1d,1.1397634511813521,1.1349141779355705,1.0239575575105846
467,f7bc512184a1de3992b0d154e6244a7a0d9a574f,1.1004618918523192,1.0986104919575155,0.9893329660408199
468,e0af5e076a1bb8f378b73ed622240170d06a16fd,1.103556530084461,1.097451128065586,0.9939266219735146
469,b34df2990805634bed20d41b8e314cd0a796bffe,1.1158395144157112,1.114769531879574,1.0059113088063896
470,11cba18268c04d43a56cca3635e49fce1e3a759e,1.1180074135772884,1.107018583919853,1.0045597730204463
471,ab12dc87f4717fc0fdeca314cd32cd5924928595,1.0959378629922867,1.0936209145002067,0.9922356368042529
472,e3f288ed51e292af99368eae2d5725772666d923,1.1314493967220187,1.1232070089317858,1.016541940625757
473,557ed6af978a2816b1c7c0e785c5cae6b7c92504,1.1142452424392104,1.1109595582820475,1.0051745725795627
474,e393b066cbf09d982c44063e051341dd061a1b82,1.10814229818061,1.1043897364288568,0.9986261478625238
475,3b39031332a5581ed7b95ea41f66c5f8149cfbbe,1.1162684699520469,1.107757744845003,1.0062086870893836
476,08d7e1163a70224b448469e072981b7347ed179d,1.2120915749110281,1.1426545940339565,1.0371847650967538
477,85df388d344f4ebd70921dca0bc723770e05a37b,1.1184901865199208,1.113099766895175,1.0256337253376842
478,073b9b9435b1bcabc0d7641fd7c9d9f5333a578e,1.1107638026587665,1.1061366056092083,1.005085235927254
479,cd50d88237a95eed03536b18eb1faf60885233ee,1.106521890964359,1.101371600292623,0.9971309998072684
480,2e5502ecaab235d9a1b5e4ae341a86714f981355,1.1309979311190546,1.1309604938142002,1.0208709314465523
481,098a3b417dbb3c620e423e29f194585b68882d5e,1.130757668055594,1.1286093974485993,1.0134226731024683
482,1c9bd177c44fa9c4914b3e8d6be7aee62a0f601f,1.0968918050639331,1.085825523827225,0.9742125659249723
483,ce82028409c1147a6df62d8f7437e0a9262ee2b7,1.1035721404477954,1.1009666030295193,0.99362672585994
484,caa27a907ed9dc65ace7c1a14954ae6b75b086d8,1.1075305119156837,1.1034677238203585,0.9949580314569175
485,f5f845b7bd0b737740e419826698ab4a9e61564d,1.094573947135359,1.1176482220180333,0.9877869114279747
486,9c28deb7d838b6e0c171d54bb6a2a8e5498c9a5c,1.1049782941117883,1.0826023640111089,0.9843209898099303
487,7d0430be0712f0a02102c8637da7741eb3b948bb,1.1024804497137666,1.0971052255481482,0.994506832677871
488,a31071b0b4c8a6f5cb5999b6e04f5ba6057fd546,1.0916736680082977,1.0935155902989209,0.9872114732861519
489,7f6895cd7eaf814d99ca7438857b17d95a21a2a0,1.098491762764752,1.0887644947506487,0.9877930395305157
490,43c73d4871e78a857470b799e9f481b78e9b1d1d,1.0953168594278395,1.0879244580864906,0.9883058806881309
491,504fd7b2eedb90dd3aa0b326ac8c3120118b5f2d,1.1039208765141666,1.0982996420934796,0.9943196955136955
492,eb66994093be5b57324580cf389b0ec1b41e9e1f,1.092210605274886,1.0861590802669525,0.9861804102547467
493,8bb6d8245e813d6ee026ac90310d19f3d10edf5d,1.1003971258178353,1.0922557143494487,0.9948591738939285
494,a481a044c8cbd679ca736341056314ffd71d54a4,1.0977305881679058,1.0904894997365773,0.9891797052696347
495,717df4e93234a1a290aa1b472b5c1c4e600009cd,1.093945270869881,1.0931888208724558,0.9839971298351884
496,610433b03ef720c8bec7dbf7573a6abe4f913031,1.1242997460067272,1.1199406958185136,1.015742831863463
497,1b8b46b3f2f68f5be8e52e798eb91c2ac5952745,1.1199293001554906,1.1187671846710145,1.009175881743431
498,31647f1b3e56c2f2a471cd2c3a583311534173f8,1.0889754937961698,1.0804624240845442,0.9880533306859434
499,d4f7d9e215773e979eb43a1e5a3cbb51f96bd09d,1.095185648649931,1.092501865234226,0.9862507986836135
500,555b3d8e10745bed72e25e70465ac447009fa8d2,1.1064487327821553,1.0880679530091584,0.9872157485224307
501,72a8368962fd1365d480a88a1c84a1aae243dd6a,1.1179734389297664,1.1105341757647693,1.0077529600821435
502,0f63c5ef0e9789fd18a676a750c43d3d69211324,1.093467894475907,1.0906536825932562,0.9858349789865315
503,c4ae3ce646c4dd9a12669b379a40287e3c5955bd,1.0851257583126426,1.08642734028399,0.9785923957824707
504,444f696f69c98208aab00ecbcec7dfd1689da9fb,1.122683968860656,1.1152574513107538,1.011107659433037
505,da887a666ad975ece7fb7465005aa99c0ddef8d2,1.1001213202252984,1.1155648650601506,1.0006184550002217
506,10eeabee267e17c042bd1ff991823b16c85ed563,1.1951483129523695,1.1942459270358086,1.0794481849297881
507,5363cfa7d07641e84fbb5f21a217018c9b55b2fa,1.0968108321540058,1.0898473584093153,0.9918652614578605
508,73fe877ff967f279d470b81ad447b9f3056c1335,1.099484583362937,1.09764400171116,0.9907844648696482
509,3dbf5ce5fdbc996e8abb6929a219689cf8c18e69,1.108130231499672,1.105225482955575,1.0032218941487372
510,2facd1966c379d20a9b15a62a054ee77f74613bb,1.084207285195589,1.075026886537671,0.9760686694644392
511,fde2e536a1c1a1ba90727958f0b6da34fa53db1f,1.0806108987890184,1.0760734430514276,0.9739295225590467
512,49e026df832a691638786774708c8ccece6e41c1,1.1061707916669548,1.1089986255392432,1.0080177187919617
513,e4c78e3c0c06576be6cb12354730018b765c627a,1.0766479605808854,1.0740767968818545,0.9699885644949973
514,09d5b2f8ad8a04eed93b6bc4789c4595bd33c2f2,1.077517724595964,1.0712246391922235,0.9685027045197785
515,a190258d4e90f2a17a9469e5dd9fb5f4b045aa90,1.0815548114478588,1.0729267979040742,0.9718544748611748
516,d0f19a2d633b12119909b7c9205a8c8932ebbd51,1.0764016197063029,1.0754511910490692,0.9718562811613083
517,e745a19cb0ea9af0fd252a4625ec793130f87414,1.1003934484906495,1.109660413581878,0.9953989866189659
518,662f973ba58563b268d009e67806aa1150ca1cb2,1.0923046036623418,1.078961287625134,0.9872368918731809
519,9054ae60ee6989743f3cebfd7faf4f38c0e24756,1.0896917250938714,1.0841213511303067,0.9835373936221004
520,5c7002926ec8ad12785b36024f9da80b7017ad1c,1.085744165815413,1.0830971002578735,0.9831574261188507
521,bf4ac1f81defc727165da4ae5bfea198c75e82f7,1.1325764628127217,1.1335894879885018,1.0204924521967769
522,59a2c17a7851b4cd88d2631654d5fe5d50f0ba11,1.1091042696498334,1.1150733209215105,1.0031529096886516
523,2908338b19c26c043eab61c2af7bdff96b02b1bc,1.0995968710631132,1.090722830966115,0.989669332280755
524,af8e67c4fd368bae710b01f32611b10dfab02b61,1.1175302835181355,1.1039884081110358,0.9989318381994963
525,da54e54cb7dac1c745bc2378769d192eb0dded5b,1.0892906063236296,1.0878786877728999,0.9843381908722222
526,9c63473c30b773dcab7adf699e1bd5dfcbb46e9b,1.1259381822310388,1.1179676591418684,0.9953594775870442
527,cafda248a5856a6424324929c1708ea8048d89d6,1.1006871033459902,1.1006384314969182,0.9908123724162579
528,a56fe3b1b3fd358329736dee1edb0ad24eadfce6,1.098932574968785,1.098156978841871,0.9880955796688795
529,09416c2934a5f592970e1d97c0298924eed009f6,1.0944238645024598,1.0834230557084084,0.986900597345084
530,efaf210f7128f32e6d3d193f79ccc6b43ff8c006,1.0893608536571264,1.0857116314582527,0.9828872177749872
531,54232c06e1bc9c2ffdea8a3c2f74dd1f6b064878,1.0832000174559653,1.0748262498527765,0.9751248648390174
532,f10da39336097fca740dd1c407939eb9c6c4ca3e,1.1154995020478964,1.0990534704178572,0.9981124643236399
533,72be9ca10b5391fc036c4cd61830e168712b51ea,1.1042581223882735,1.0957501879893243,0.9941991926170886
534,b91f3c00ee113596acd3e508a593187258291f61,1.0970982369035482,1.0859489999711514,0.9897041982039809
535,33273e4ae770cac1ee0cb304ad5a0056bb59ad56,1.1273416322655976,1.1228183866478503,1.0124472677707672
536,bec2b07db5c999721d2d2c10334f3afe78aaadd9,1.1023412058129907,1.1001325747929513,0.993675266392529
537,bb54de4905b2ff127fc8b907a5c284e0cf9f8d65,1.1011358159594238,1.0952529953792691,0.9972403817810118
538,2fc0786c175d9dba4526caa425224792d556d116,1.0880669066682458,1.0827165474183857,0.9792212303727865
539,38ca158ad2c8d07bec2d844686eb993e1ba03f38,1.0829504616558552,1.098272097762674,0.9746249411255121
540,d3653bc6be7a655c2322b2d95f6209626e438171,1.0990024800412357,1.0943967425264418,0.9873647042550147
541,3f04a32ffab73d218ac48f061b7b0d3112b3451c,1.104037368670106,1.0963223236612976,1.0011282926425338
542,e5875457faf3202c3530f33387341529a2715a7d,1.0885741766542196,1.0885429130867124,0.9843392432667315
543,04b58d3ffbd2c8d30c36ae6ed6366f1069136c43,1.0936793242581189,1.0874505997635424,0.9863159679807723
544,223ccea5ca2323ea011138a0aeecfe1bf2ce63b4,1.1056979922577739,1.0955152898095548,0.9916804893873632
545,bfc7e4347f9b999712768ef7ca8bb3cd0e17dc63,1.0929612619802356,1.0936116389930248,0.9828770747408271
546,e2f946aca446d3690e154e191fd22d7002341e57,1.0757424463517964,1.0708635095506907,0.9718707790598273
547,6a9db2e5941bd0b7552103409141d7b5ee9f0d58,1.0929433233104646,1.0863109482452273,0.9844705169089139
548,d9dee6a6b95c3fea8747e591ef1f44f36445f70c,1.0997499409131706,1.0732759875245392,0.970689692068845
549,8e1ca2754ca5bb4fc9613b2c2f8b7ee1db0019e9,1.0857442682608962,1.058017601724714,0.9598623760975897
550,c90cb814567b4f798e884b773fe96e42d8aa63de,1.0659282905980945,1.0661752931773663,0.9652504874393344
551,af51d6615c37f43b6d842b72a4b02dc14e024f3e,1.0719430246390402,1.06120432773605,0.9599349861964583
552,11141c45c21c85eea0ff1bd4054e314163b448d6,1.1122202002443373,1.1604661187157035,1.005587546620518
553,8ef114b9c98ca5a04b67fb072ff4a0f5a06de894,1.1603360385634005,1.1563979405909777,1.0493513750843704
554,6d47dd75103b1cf90403877c091c1b6b1800c3ff,1.072628017514944,1.0692636952735484,0.9672403451986611
555,fd996225c5f712e7fc4e301c6e698a8a10854dd9,1.0796987656503916,1.0817754375748336,0.9734846442006528
556,11a8f8d7dba0eb7b0bc31f74bec659e2e497abfd,1.0982716684229672,1.093448089901358,0.9874299806542695
557,2863c52c9d8e28cd33973e97be492e30c6e1e1eb,1.0725530735217035,1.0632896912284195,0.9678753525950015
558,872373b030eb6c181ab7f29c0928ccd8b0f74528,1.0801330637186766,1.071760878432542,0.9758839844726026
559,7a4e602a1f9e39ec3662e21a12c35c6df0cf9295,1.0864310995675623,1.0888535506092012,0.9802744081243873
560,b74ee9ff8f0c3be41dfbd1bd5a10f54e67c40f39,1.0867575146257877,1.0779757271520793,0.9729533572681248
561,f42b5a01c8e82dee90d08fd470a16b2fe957fa14,1.0906915622763336,1.0834457911550999,0.9836701112799346
562,b969f8c9a2178bec235d6c47db3e7cd68c5d39c1,1.0627620937302709,1.0650808922946453,0.9584343349561095
563,9772bea95f3d079c2b59107ddd9731602b5edde0,1.0656913332641125,1.062077984213829,0.9619464166462421
564,c922e983b4048a8710871c9394cc5ad6c4a8be2c,1.0719695882871747,1.0740750627592206,0.970330910757184
565,5de64de6dbdf89b1bd8828c59393c4239364755a,1.0768045140430331,1.0764502920210361,0.9725212147459388
566,11c2c1e4fcd131154d7aaf8bf25bd779bf67ce35,1.07753215264529,1.0695088747888803,0.974692003801465
567,48808e1a6a775283b2d482d65f93390ddeb534af,1.1033917907625437,1.0983293950557709,0.9868026291951537
568,4ed05c3143eacd88a88d73e8e31d64578b7a9bfd,1.0934164756909013,1.0817740950733423,0.9813255006447434
569,aca2d10c79c4d86d60eba1111272679471540f57,1.1098582092672586,1.1049499232321978,0.9983866037800908
570,de8bb00dbf007b65095e858ff2490b8df39b9047,1.1250075213611126,1.1233541620895267,1.0094951204955578
571,f55f5d45518c2f83271330041b982e55dcd6bbf9,1.1008493015542626,1.0945320948958397,0.9990212572738528
572,d5b6b41bcff0bd85e34f1f4afb6130fdec72ec7b,1.0899381767958403,1.0922277020290494,0.983679729513824
573,f103c9e9d5f4af6b7ed5ee93dfe76bcfc36da0d8,1.0763520915061235,1.0788604319095612,0.970071510411799
574,2d6c55528956e2f9233364657bc865eb57603514,1.0852591479197145,1.0751782348379493,0.9714623410254717
575,ada2724f71a1ed479fa080f51623f2cc6ba07a46,1.126012477092445,1.143805149011314,1.027862410992384
576,ed222954f9595510257e207e6d289f15f100ace0,1.0836960189044476,1.0819634040817618,0.9769961079582572
577,c03d892ece761aa17f7452d78a21c76afd5c6c8a,1.0795805174857378,1.073053665459156,0.9754648702219129
578,ac7676930a8ea25502c2856fa364c0cef0913ae3,1.0948126735165715,1.090174843557179,0.9858596445992589
579,5cf29978851d7ca7f81fc5d8f5b5089d22b535c5,1.0839199731126428,1.0784722734242678,0.9779100324958563
580,fd07632dda668ffcc38985576a6595d33edbf03a,1.0979383597150445,1.092514174990356,0.9908919371664524
581,b4491833d636344ef295f1609bcf4742c1d94d10,1.107307299040258,1.095352073200047,0.9907867554575205
582,80ffa42124541d5a82f5af67375f14efcf548110,1.0924147740006447,1.0846497528254986,0.9849481768906116
583,78cf92c19a7cfe9a07b970a2156d177a9ba627b0,1.0877077523618937,1.087391179986298,0.9806860210373998
584,6c141d0663e2d0da30cf601c5726cbc44830d15f,1.104478838853538,1.100292562507093,0.9896547924727201
585,3efd3af3305698e8e0b0efed2ad653eaf1c35b4e,1.086159392260015,1.0717229321599007,0.990420357324183
586,fa2b3b83c106d28ef280f271086d47482f21315d,1.1183007201179862,1.095221127383411,1.0038622105494142
587,9f12028b9453c17b72b26355fd503e512af96a5d,1.0912562608718872,1.0868086591362953,0.982289751060307
588,d3763198673ffc1092539041b8bd23134ae22bee,1.092932797037065,1.0865428056567907,0.9826535359025002
589,0a1bd4ead41b1fdfb53142097b5e08555f280545,1.075062932446599,1.0785721223801374,0.9747951710596681
590,2f466b31820b6af40c3bc1ca3957682b6f20365a,1.0958840437233448,1.0919896913692355,0.9883707957342267
591,2b7be2005f3d74141f9f8e83be603be0ddbe7046,1.0825644917786121,1.0934565784409642,0.9845412820577621
592,6373ded2ed1403cc3ec40dc5d919b316a1b58e44,1.0859659975394607,1.0897787529975176,0.9880796484649181
593,43598128a0f452f2d016bcdb9f52d2ca8b148b0c,1.0729056308045983,1.0656558256596327,0.9675865164026618
594,61723384df3678b12a19439d1218f50554e1498d,1.0784710133448243,1.074098420329392,0.9695680318400264
595,32b564ade7ef22439b5f2b9c11aa4c63f0ecd6fd,1.0902896830812097,1.080269374884665,0.9758934015408158
596,cba30dbc4012f0968e25d4da3b48f3d9d745aa00,1.08862373419106,1.091669701039791,0.9847258515655994
597,40dec6d12d70de265e605046675f2e62f6676344,1.0758669590577483,1.0714699365198612,0.967663231305778
598,b666225ca3e7a7e2d0121554424b0b39d9412c4f,1.0842686099931598,1.077297369018197,0.9744009245187044
599,8742209a1fbe9f35cdeead79f12e0029d3776992,1.100166143849492,1.092178144492209,0.9944570856168866
600,3e2406a51845dbefd696d596fd2e0961b92ed09a,1.0867433371022344,1.0851785857230425,0.9881083806976676
601,95d73525a7e0a42c49cb2bb46e6b701168948e29,1.0887101208791137,1.0812770631164312,0.981269795447588
602,ce78e8c55b7729e79f87e4e67b85e9d6f03f001a,1.063093738630414,1.0665641762316227,0.962229136377573
603,abe26c2e3e3bce8227af75fbaf7ab7e36a9cd1cb,1.0934269577264786,1.0714730313047767,0.9709907555952668
604,8eff1f6a2fed8d9df52750271f4e07dc4ea5e1bf,1.0868304753676057,1.0848624538630247,0.9807208981364965
605,d7d9d7ba33d6486dff1a8cc1c55ed542e0bfb47e,1.0734799960628152,1.068955009803176,0.9687661416828632
606,7b085eac10d08c49453541a896297f42f09ddfe7,1.0837462320923805,1.075489447452128,0.9860070925205946
607,5c15cc3d76d171f07f9809a14a0dffd5ab37e599,1.1086435914039612,1.100159882567823,0.98753821849823
608,2bdecde364f133ce94b7f9271a6d34a8fb5cae86,1.0731365093961358,1.07145319506526,0.9749380964785814
609,3f3e6045d594e28cd1953de9353b9f7cc103386f,1.108544236049056,1.1105923661962152,1.0016042785719037
610,3823775ca779f5470b46c24d141fd483fee931d5,1.0850926525890827,1.084572988562286,0.9845411526039243
611,f6a71feac4ac1623c8cd69dea5a560fe1e9af00d,1.0939374333247542,1.0902073308825493,0.988214110955596
612,0316d19de1f5ba05e8409fda83ffeddf59ffc76d,1.1100644897669554,1.1004976509138942,0.9942613644525409
613,1900913b4c226e4cb49ab466671ed56bccb3f700,1.0954622440040112,1.0886440426111221,0.9878975106403232
614,00f6ddb9881a9587c915b3db00fa6e99bd025bf3,1.0727065512910485,1.0672832950949669,0.9857896761968732
615,7b0653cdd0d0a5ddcda061ee2eaf247f6303bc1e,1.092477260157466,1.0866156062111259,0.9866467723622918
616,26e0003573463d0c5ca6c07289cd5151b4dba3b2,1.0693228160962462,1.0618611369282007,0.9638594025745988
617,6d8956e46026b68a4c2a50f1aab0c4f36a46053d,1.0799017138779163,1.0784262735396624,0.9762718426063657
618,871009f6415a2f588230e2e36bc9dbe751698ee1,1.0833973521366715,1.0851216614246368,0.9785422757267952
619,01c9bfe4f48d23ec2d2db50ffc58d6e5e42cbe93,1.080907746218145,1.0803976859897375,0.9735231073573232
620,5ca0ef6272ef3eabe2feb4049b7cb05a52516495,1.095241173170507,1.0853482699021697,0.9891794230788946
621,fc2fe480f42e78c23a1cb1c8088bc1148784e16c,1.0904413908720016,1.0662835938856006,0.9653683761134744
622,e1ec9e868bf03ec4284b9a5fb291418983b3a4fb,1.0805822536349297,1.0941122397780418,0.9980010353028774
623,a5dc2b5b917fc50575e10bbe139a0c78e43a1c1c,1.0731464456766844,1.0620390055701137,0.9669347899034619
624,7dcd29aaafe1ab8be4be04d3c793e5bcaf17459f,1.0755031229928136,1.0674337362870574,0.9683939600363374
625,7a18e4ac4f0b9f0933a190ac25cd75729bcdd146,1.1063490081578493,1.1061527216807008,0.9953166358172894
626,17e3ef963a039b8312af119e300a9e68a37e568c,1.0658163288608193,1.0701010106131434,0.96400879137218
627,67ddfd05d65cb1f106504bb92978cc94bcec8612,1.0887783281505108,1.0834437729790807,0.9879708997905254
628,ba4eab8681a12863269e5159910cbaeb06517ef9,1.0855970559641719,1.0790240839123726,0.9729408444836736
629,9fd5ca55cc8c76759927831f44a98e2c65ea73d1,1.0795695940032601,1.075425081886351,0.9746402949094772
630,46e984e9f93774570b9d15288f3c24f5e0cae63e,1.0721960114315152,1.0746837323531508,0.968770457431674
631,002611249a38b45e691219567f7ecee4d1250b4b,1.0775302443653345,1.0705117527395487,0.9688602853566408
632,e9070852051515395e0ae9bbe66f929111d59c41,1.090368322096765,1.0870116371661425,0.9929952910169959
633,06b995cae91b98778b78e5249129912b5372a959,1.075169013813138,1.0619848780333996,0.9634006964042783
634,6f65e1fc25f265ff36bdbfb3aa482f65fd84a684,1.1016426999121904,1.092727447859943,0.991963810287416
635,dc35f0155a80e8ae1e3f146da9a717888a55f1c0,1.0618424527347088,1.0611917143687606,0.9674629615619779
636,0eb9f54e5e466c8d7a76ae116712b368d045c7e0,1.0894202794879675,1.085020324215293,0.9834500160068274
637,740a8cf8c103e4e329021802af007295261b0da2,1.080985982902348,1.0771327074617147,0.9728898871690035
638,02d6e9a4b4bae1eca7896fdba043575ef3aaf038,1.0725878942757845,1.072251282632351,0.9668319234624505
639,572d5a1dadb398d0b7d27468230f186f72987b3b,1.0859327176585793,1.0656261397525668,0.9635843513533473
640,b126821abbf14c88f85646b3fa074d3466bf2dbf,1.0787477884441614,1.0791310239583254,0.9730866914615035
641,60d46ea7bb53da9792ee03dc32341d51e4638960,1.0748584941029549,1.085075406357646,0.9679993614554405
642,a8f38c5f49f92be3897888d2b02cb734a2f32187,1.0913754161447287,1.0857652490958571,0.9827500795945525
643,30678f57d5f4c68e4a0590fda104b32895a216b8,1.1046924153342843,1.092792178504169,0.9863036377355456
644,68e4d56eb9b539cccd582de7e7fb09c373d37609,1.1160073187202215,1.1135547803714871,1.0097112646326423
645,6562324781f287cf07a4dc694fddb297e32d7ca8,1.0819820864126086,1.0768635980784893,0.9724601898342371
646,d23d968fef1464407bcb1b28147dcfff133bced4,1.0931298872455955,1.0873329490423203,0.9862841404974461
647,02d508c90a214e0aeaf78b4ad41a578e267dce12,1.0964773604646325,1.093043165281415,0.992839515209198
648,eb4317d0a4c94b3f1454dca58c76caed8bbdc7e6,1.112830919213593,1.0892780097201467,0.9877603417262435
649,10e43ca5882a22de3ef9082ffce82c65c3261b8f,1.0572549253702164,1.0575236035510898,0.9586748080328107
650,028bdf88e6c71a705d0c6bfd55d1117c7f44f6aa,1.0901082968339324,1.093389868736267,0.9836276555433869
651,9437402f1d60778cd723e6119044ef0510ef17c0,1.0800102818757296,1.0731535740196705,0.9738574391230941
652,579ee2a137b5b4f8dcf70a7a548d6c4194e31257,1.1299279425293207,1.1292911311611533,1.0228399261832237
653,b51b540285d4cf2af69976c1e3b285f7c21b46f7,1.0770807042717934,1.0662584453821182,0.9732007496058941
654,98cb6bc8522b89ef308da40a26fa910fd1a17097,1.0922204041853547,1.0859559969976544,0.9880378497764468
655,2eb2e93ef43618f01258c43f4e7024cb5e3fc173,1.104376321658492,1.0966869434341788,1.0057531101629138
656,a3881774f72499728ef05d2234ef62cfa3774076,1.1089860945940018,1.103364654816687,0.9992938656359911
657,c5f7feea27931f62ef31b071e7e10ce28d7baa16,1.1265695309266448,1.1021084683015943,0.9947973489761353
658,a14c41264855e44ebd6187d7541b5b8d59bb32cb,1.0917732818052173,1.0816742526367307,0.9862544341012836
659,d2b969d57ba162f0d19660e895ce94bc59638b72,1.084535007365048,1.0783725092187524,0.974800799973309
660,7d3b555ca383a20dcf4618ce3e3d0392ad556b04,1.0829539485275745,1.0786445597186685,0.9832136835902929
661,9a2a786ea3606d06e2372f88badc5802fd7e95b4,1.055959077551961,1.0538443895056844,0.9551400244235992
662,f9dd21e64584f6e821805daa450b8bc9f8ef3526,1.1006338885053992,1.0958012575283647,0.9953759331256151
663,cefab37bfba72ae062a58be3c7bdbd59c2c4d309,1.1029101787135005,1.0917341075837612,0.9892405066639185
664,1932e4bdc460975d8b35ae8351e037d26e5ee6f8,1.0922504542395473,1.0795646533370018,0.9757343046367168
665,592b71c8cd10ef3cf9bccebb6c3ed0198f105484,1.07878150139004,1.0720233907923102,0.9805097924545407
666,e5f6012b9d59848d1b76e1b09982cbc67989572b,1.0856574773788452,1.0891322027891874,0.9772647134959698
667,6c79e97d7bac51adb292ce6f7d4d77376f818d52,1.0939174098894,1.0933432318270206,0.995893144980073
668,8c671cb7a2e99dbd4146a77c0e88f4d24efc911f,1.111093731597066,1.09727503079921,0.9963603438809514
669,0721406ede8b983b8689d8b70556499fc2aea28a,1.1122528780251741,1.0963674364611506,1.0053893579170108
670,6e2e9e678a44650d45f036d4a6c72609a3b8ab20,1.1028303997591138,1.1100336154922843,0.9987310329452157
671,168978df69efecb07943fd8ce3a7c95aab7122cb,1.0928566735237837,1.0843488676473498,0.9835337540134788
672,cb557b79fa0ce467c881830f8e8e042c484ccfaa,1.063905782531947,1.064163139089942,0.959922528360039
673,badbf70324274bdb4299d8c64d3d83a26be2d4c0,1.0676389541476965,1.0619702339172363,0.9743558475747705
674,4c780c2d4b35a54cf45ca7d931efcaca73d0bf24,1.0818206672556698,1.0724194585345685,0.9735596538521349
675,3c91a3e1704c8aa7f1258aa30892040df9d952f4,1.0650435131974518,1.0631661261431873,0.9594898107461631
676,fe3d717080e812383900507168a6bd7093c4e434,1.0870362929999828,1.0770782832987607,0.9790889979340136
677,0cb9f7f7aa8f4255fafb5431dcc595ce183bc376,1.0594078837893903,1.0524306641891599,0.9568851199001074
678,75f852edf94a7293e7982ad516bee314d7187c2d,1.0644288710318506,1.0639039622619748,0.9665055340155959
679,5265343e268264101ec317594b1b97814d8d5875,1.0841697030700743,1.087585506029427,0.971033364534378
680,542e35e121988a9a942435da91d407d11a6ff96b,1.0791768725030124,1.0731337941251695,0.9721161434426904
681,8bcfd67720dadab6cc8562183b3d5b3458a8a91b,1.0683743180707097,1.0632979162037373,0.9592935522086918
682,a914cb7cf691a1e676b55459aed58f793883a1a7,1.0640401584096253,1.0607225210405886,0.9588510682806373
683,e0ceabc087303ce18d38183de9058df23f63df6e,1.0763143245130777,1.075766185298562,0.9709056909196079
684,1e2aa70c87031d2b4e0a53c0a2153ac4a89d8fe9,1.0823058793321252,1.0716072567738593,0.9736164645291865
685,0fe94ce8a6c4fbe94305e4a4be45fe06e774be29,1.076888617593795,1.0599195673130453,0.9587140516377985
686,7fe64b4a15daa340ed086b6bab85c1a274e5ea6f,1.0748471673578024,1.0766178970225155,0.9715650537982583
687,53d74a1fc054a5f997007fd851476776599cb6f6,1.0823799585923553,1.0741852037608624,0.9702655035071075
688,4d820990180a54ca7ce22ba698646deee17292f8,1.066391818691045,1.061909796204418,0.9627323518507183
689,f079a56b18714bd622f7ca457d14ebe873b67c55,1.0571206379681826,1.0522450245916843,0.9544039033353329
690,7d8fadac32f102f25642b47e82437f4243ca2658,1.084615251980722,1.054703179281205,0.958485571667552
691,80b387c66e4f10faafdb1a21c011c173f77b0942,1.101319899000373,1.1155873164989316,1.0249965179991705
692,4647bfbb57768efda59160c3beb98cf02badd6c5,1.0789388454995787,1.05518987799951,0.9473496324990265
693,764662504a233ce218543aae3257dafdaa39e4f0,1.1296355614977074,1.1126867530001618,1.008973877000244
694,31e153c4b80b03d0ef0670bd9aa9e52745c7e3fc,1.1310496794994833,1.1289875229995232,1.023063185502906
695,f8a30474faaa135ea1b23ad0184f74a19d8b480e,1.0791053559987631,1.0716089270008524,0.9772040939997169
696,164682330d70ffe84e706a67955435b76e1cf19d,1.0970815180007776,1.0887917350000862,0.993397791499774
697,07685e4386b4dbfbe52a1ecd95bc7fcc397b2411,1.069023213996843,1.0616463860060321,0.9621260850035469
698,07272c441ee1a12e260a55b252835ff1e1ca0c50,1.0641620570022496,1.0589007480011787,0.9597183379955823
699,2f0ed6acea1308c89e6c814b1317d96362370703,1.0752836364990799,1.0707444494983065,0.9706184329916141
700,6ff787b93d46cca6d31c370cfd9543ed573a98fc,1.0908195374940988,1.0888258635022794,0.9793944384946371
701,35a793c31faa1d7aeb1fd44cf79407132efcab08,1.0474205479986267,1.0538042045009206,0.9447407135012327
702,755d7c3ec0371c25ff25c3142034f3555ab4fd27,1.090425491478527,1.0923114344768692,0.9888834675075486
703,45c57078fd599194b49148fb66808f03490ee423,1.0716580739826895,1.0596318560128566,0.9637746755033731
704,6d9e294c47e790067e0b5724afecb4e38a542bd0,1.0880463755165692,1.0753905840101652,0.974464329512557
705,e69faef03428b82f5651a5fb521610ddea2bd22a,1.0804625404707622,1.0777760665223468,0.9771881635242607
706,4fcea6deac29276605e58b0a011f7ef6d089f66b,1.0582191875437275,1.0575556494877674,0.9569541505188681
707,d5da698181fe6e920b03cef8a6a20e39c7d40cdf,1.0994558879756369,1.101603573479224,0.9928527724696323
708,3300c03992d963f9c571975c17ed93f17b090672,1.0565383665380068,1.0489999260171317,0.9495615450432524
709,bdb5cc7b54d19f1f79eba1680a59f6852c6e3614,1.0561320575070567,1.0502084854524583,0.9557413290021941
710,b63e25648f2d7d0c2d56851352740620848da3ae,1.0644877449958585,1.0549526685499586,0.957921881985385
711,3d83143c2c2f877ee921c4c7c6746d836c459839,1.072070527006872,1.0626967285061255,0.9649333734996617
712,d785aa39f99720950cd7f9acfe1133494cb5ff58,1.058247755980119,1.0686689965659752,0.9581955600297078
713,6568c6b022e12ab6d71e7548314009ced6ccabe9,1.0924204245675355,1.0827262630918995,0.981191965052858
714,068074f4acab87b0fabf194517b7dfb0f038af5a,1.0720035739941522,1.0652297855122015,0.966258205997292
715,d78893c1116b3ada9eb1ebbddc17aee69693eb5c,1.0699561245273799,1.0682709724642336,0.9655571970506571
716,f128be6c671d320c84771e923ddaf6467645216f,1.0834099754574709,1.0768662380287424,0.9764393309596926
717,edb880dd9b3c7241b96ccef34c43bd9f90e4a6e4,1.0649122424656525,1.0538463200209662,0.9553227064898238
718,882f00bd47ceacbbcf34cad5d491be43fee0c99e,1.0576932330732234,1.0565441539511085,0.949041449057404
719,1d7939e1d26adbedaeec98c8153ea2e37297f520,1.0768361199297942,1.0680176985333674,0.9693057790282182
720,1f95d7914ff23ffeb95767de79c55b4f702e6f2f,1.0792240040609613,1.0741012349608354,0.9782170440303162
721,8dde6f8f4a6180e5a26332733367e3fcdc5aac66,1.089462623524014,1.0879003974841908,0.9813059805310331
722,b32b72e3d98d784b98d9c38d4f9905574a60707d,1.0791088560363278,1.0720102700288408,0.9720258269808255
723,df9c973f28fb9c0e713db29285b07b57c622652a,1.0915494235232472,1.0868157590157352,0.9811815865105018
724,8eaceff8aa2ed313d78b4f84e35b90a24505662d,1.0899438004707918,1.0834887684322894,0.9810090339742601
725,c750d24ef3a9a897fb19d3f0b4910f07f078e302,1.0851147440262139,1.0818623745581135,0.9814469729317352
726,bb71b5fb7b65b662c1fffa3f8120cbfd02e2c164,1.0789780089398846,1.079633125453256,0.9754846275318414
727,89babbd98fc75399709543f55013ff856280c668,1.0847618485568091,1.0758198974654078,0.9731191220926121
728,202467c653efa89e94cc20feea0ea277cd0a8458,1.081830007606186,1.0768460870021954,0.9758969619870186
729,b47c3c1c70644c84dac18de878cd53d1b103595a,1.0835790790151805,1.0763524923240766,0.9728680410189554
730,e14d47ce9fe29884a524322b295b723cf8ee1e08,1.0792176425457,1.0781300755916163,0.9800034139771014
731,89c80ba606f4346f8df2a31cfcc0e967045a68ed,1.1064005038933828,1.0950747539754957,0.9941816716454923
732,64e62ef69babccb36cb2ee014225c6845b163c0e,1.078789391904138,1.0764283644966781,0.9765942241065204
733,e02af0b2991171c39bb3013fa83bdbe727cd3cda,1.0877952635055408,1.0839933454990387,0.9834330499870703
734,f3533711c854d05e2d767e3e8373c882d4d9f3ae,1.087499555433169,1.0806952494895086,0.9772291145054623
735,a4e931f15e87cada0b9bb9ad80378115e72ba7ba,1.1001742064254358,1.0888082595774904,0.9914049664512277
736,93a9ed22b6fb6ecd6c4a10382306b1e5c6d06abc,1.0991861950606108,1.0932541089132428,0.9875933420844376
737,3fc4b7178d6edfb01dfddad57344330fd930440d,1.0790753869805485,1.0748450815444812,0.972374833887443
738,785d1eb24ae8690b6b7389f6badbc91f949552a4,1.0909117454430088,1.0785100504290313,0.9763991024810821
739,676a619f2ede19db5f8c8d42f7221a6b10362015,1.0729311640607193,1.0662890570238233,0.9663618489867076
740,f726490c4c83e48fe05e0a80073e9716800a508a,1.0948113859631121,1.0862122199032456,0.9847463414771482
741,e9fb9335399580aaef1e5fa01e6f7afc79b82792,1.074854928534478,1.0694246345665306,0.9686254810076207
742,94de9f7007b9264328dfa16dcf60a8c34a2c8ec0,1.0751756260870025,1.0716634069103748,0.9718423259910196
743,8eed39d6562045c650f4c8aeec5319f4bf34402b,1.086046651005745,1.0839445169549435,0.980675220140256
744,131b6bf29e20e801368907f71e5d8594a484f742,1.105531511362642,1.0971052694367245,0.995750687434338
745,63884710e540d1218ed3713b8998d515abd3c71e,1.0960082160308957,1.0959353190846741,0.990538306417875
746,d3382a5e7e3c45a2fc9840509de0c8eadc25fa07,1.1031607219483703,1.094716293620877,0.9893527735257521
747,639f94d164407a311295fa67d3a5363cb718f965,1.0810572619084269,1.0748227109434083,0.9712093870621175
748,b575bd6928402e9738f439610ec13058f3402f3a,1.1032547210343182,1.0984867680817842,0.9975412889616564
749,4c37b8df70952d9192c528f1988e7285b44fd7ae,1.0978725269669667,1.0932552261510864,0.9889643399510533
750,4bd449439ccce1be0bc43abed15423b46dbdcacb,1.0911729705985636,1.0840354929678142,0.9820235304068774
751,3cec3ae80e626952a6b61a72516713217d99fefe,1.103443919098936,1.0990064590005204,0.9925107214367017
752,f4353323d0be0c3b3c7d0c752d6c135bc6d36465,1.0824485785560682,1.0795087915612385,0.9810123455245048
753,2a6a8f5a03ca78392aabc9a2d938760285fcee30,1.0826677719596773,1.0801453938474879,0.9937972675543278
754,b797a0cb97a8a9e7e36962dc8c37c075967aa88b,1.1067733759991825,1.099706970504485,0.9942146744579077
755,f69c2fae9cc592fe42355b1533bd1a7e32216ace,1.0742204979760572,1.073453656048514,0.970495855435729
756,2e5e6f6949af92b3f7abd99e558f1f6ae5be2185,1.0996682989643887,1.0850929139414802,0.982407531933859
757,28a05b3a60014f755d72eb86e8a352f6d4476d07,1.0875184120377526,1.0846019159071147,0.9850054325070232
758,8365e3ac35fe9c0b4cba8bc707dc1910e0c1f387,1.0835643950849771,1.0803801791043952,0.9783330751815811
759,86bae1ae269969a48759257900320c0f0664d37d,1.0895138415507972,1.085515106562525,0.9840222060447559
760,d61fdc7d4c33d7f2104afde7e32d56af59f9d4f9,1.1006830928381532,1.0882459115236998,0.991528918966651
761,1078723d2741d3379b65a70ee7aa23d9e7f08457,1.0843617289792746,1.081389820901677,0.974811565829441
762,3409bd3f38adc03cdf0096c53e897818517bc286,1.0937828498426825,1.0828689951449633,0.9810071520041674
763,c3d1107b8931313c85947439c406dab98ebfc8ea,1.1112934199627489,1.1019432246685028,1.0011677502188832
764,092905febd53742d2a700322f88b652d6a5fd4fb,1.0914369928650558,1.0872526203747839,0.9866339163854718
765,e58c1a7f0decf7e43afbdeaa755492e665dd5533,1.096418629400432,1.095510299084708,1.021270651370287
766,978bbe7fdb519edf1f28df4982ce13523ef59a4d,1.0887084999121726,1.0707288759294897,0.9743300471454859
767,6e5cdc9d0923558dc66ad878f2e5392d29185754,1.079079571645707,1.0746104719582945,0.9737970803398639
768,83377c70a3dc49a7f3200c85d9736b346c42760f,1.0772446924820542,1.0695778236258775,0.9715425502508879
769,b908da64dd4fa8dc70932f51202f9701db4cc868,1.0760674295015633,1.0792366655077785,0.9743828638456762
770,2f782a2f1afa1b25ffacb3ca1ffdbbab0abc1504,1.084386169910431,1.0817290707491338,0.9804174248129129
771,6df71138184f26cd87bb086acb1e6b3dc1be4bbf,1.0855945947114378,1.0802456000819802,0.9776973151601851
772,2a862700bd376800ff4495e572ca4c85c919a218,1.0808869118336588,1.0770342631731182,0.9768936289474368
773,77bc3225e6f4badf83190ec300a0e10e56949644,1.0877348890062422,1.082469238433987,0.984106841031462
774,402802d8a16da735017bbefa8621a91f5707beba,1.0864854017272592,1.0837986427359283,0.9767135549336672
775,e12112e7caf72f93e07128f6e7a8a3399f1c6bc9,1.1038297291379422,1.0982447869610041,0.9951315335929394
776,2c1a34daa024398cdf9c6e1fbeff52b4eb280551,1.0841647037304938,1.0820633044932038,0.9817397457081825
777,4516ee94feef318c72bdd96282d0cac98a10e433,1.0837724164593965,1.079675683286041,0.978020446607843
778,6822c098a73f168dfe4400867b0d82f29a7f5e89,1.0724111669696867,1.0663364760112017,0.967790148453787
779,f25905b5d25a2fca1e23adad11d4597a1e658276,1.0920647201128304,1.0816262331791222,0.9805502963718027
780,41977b24ae011a51f64faa75cb524c7350fdedd9,1.0984985549002886,1.097029102500528,0.9939009984955192
781,a1ee7968df16a4f57c8e22164d19aa2d14a6cdad,1.0949382472317666,1.086670040851459,0.9844043073244393
782,2a9a95d250c91f842b9fdc32cbeaeaced8b5896b,0.9773701408412308,0.9720113058574498,0.8802427707705647
783,b5cdbf0434019e802b5e1a44bee06e67e0beef75,0.9199529411271214,0.9133871737867594,0.8282778207212687
784,672a2ec822bb2d3619096a66b76afc79eea118e6,0.9354585923720151,0.9182314148638397,0.8306605534162372
785,c136cb7f2982554a9ae305aafd81b9f68ac03ec5,0.9245566593017429,0.9204863645136356,0.8344923267140985
786,481e731368dd47705248b1832ebd70913e99772e,0.9309016945771873,0.9189257929101586,0.8345560715533793
787,f9408ee13adbe81c7740daa03a52fc73d71e71ba,0.7094549518078566,0.7079420699737966,0.6419889118988067
788,07cbfffec5156f8491c885d4e893fb7b920428b2,0.7178664430975914,0.7200209992006421,0.6506556319072843
789,b3e3567544dc2b41e1bcc89157b977cf12ef2efb,0.7194471762049943,0.7162310488056391,0.6488294776063412
790,d97e31e891e868457d710d53b8ddadb0d473ec8a,0.6406624095980078,0.6323372842743993,0.5738631770946085
791,cc7f1504aaf7b02de09ba87ee91dfe4446d90031,0.6256896834820509,0.6269336107652634,0.5654242979362607
792,de4a75535fa48ab93ae226c70182e411b27daade,0.5759172688703984,0.5702875722199678,0.5182846691459417
793,3aad1490f24f4d39980a72bea0617083aaf508ea,0.5772537381853908,0.576088885543868,0.5204012098256499
794,99eac42354f9c900bf8897abec6e7c1bd6c9ff6c,0.5821196134202182,0.5798795504961163,0.5258195023052394
795,969ada67c1b9b32b863a9ce77f56689ca7ba3b43,0.5841978129465133,0.5798154838848859,0.5285341520793736
796,2f52098908b00397e425904b89ac89d84e344627,0.5890062840189785,0.5849070586264133,0.5311364640947431
797,261a769dd135c1e4007a6d0bdbed68a8c929497a,0.5747020901180804,0.5739209500607103,0.5208696282934397
798,455f1f3168ab0105d05add646ff63a17b80fdcdc,0.571684188907966,0.5691195314284414,0.5150297314394265
799,c4e20ec45f0aef437df9bbdc18849d15e9d7e850,0.575088809011504,0.5710975308902562,0.5220531600061804
800,eeef9d4646103c3b1afd3085f1393f2b3f9575b2,0.5789648233912885,0.5735280835069716,0.5195721248164773
801,38d843e6b526fc5e8a936b77dc8d33750f5735d8,0.5861125960946083,0.5801656236872077,0.5269838303793222
